host,dopant,content,T10,T50,T90,Width,Sharpness,Tp,Selected,Description
GST,Ni,1%,99.92420736612206,324.94920566437895,339.9465365885295,240.02232922240745,7.953522347439762,339.6996996996997,False,"GST doped with Ni at 1%. Ni (Nickel): Period 4, Z=28, M=58.69, Block d, Ox.states [2], Ionic radius: 69.0 pm, charge=2, coord=VI, EN: 1.91 (resistance)"
GST,Ni,2%,106.44545891137322,325.7070696460996,339.9495458580708,233.50408694669756,6.547972343939165,339.6996996996997,False,"GST doped with Ni at 2%. Ni (Nickel): Period 4, Z=28, M=58.69, Block d, Ox.states [2], Ionic radius: 69.0 pm, charge=2, coord=VI, EN: 1.91 (resistance)"
GST,Ni,3%,144.76303056086383,338.56020868493175,338.79912882407393,194.0360982632101,7.305760741249269,201.80180180180182,False,"GST doped with Ni at 3%. Ni (Nickel): Period 4, Z=28, M=58.69, Block d, Ox.states [2], Ionic radius: 69.0 pm, charge=2, coord=VI, EN: 1.91 (resistance)"
GST,Ni,4%,144.8582182024886,338.5315398465601,338.7933950563996,193.93517685391103,6.386513455986439,202.22222222222223,False,"GST doped with Ni at 4%. Ni (Nickel): Period 4, Z=28, M=58.69, Block d, Ox.states [2], Ionic radius: 69.0 pm, charge=2, coord=VI, EN: 1.91 (resistance)"
GST,Ni,5%,99.92459391682334,325.65834204387346,338.63960113567424,238.7150072188509,5.827592612450747,338.01801801801804,False,"GST doped with Ni at 5%. Ni (Nickel): Period 4, Z=28, M=58.69, Block d, Ox.states [2], Ionic radius: 69.0 pm, charge=2, coord=VI, EN: 1.91 (resistance)"
GST,W,1%,137.53021245755338,151.51611717545097,151.720640852508,14.190428394954637,7.165642397452077,151.77177177177177,True,"GST doped with W at 1%. W (Tungsten): Period 6, Z=74, M=183.84, Block d, Ox.states [4,6], Ionic radius: 42.0 pm, charge=6, coord=IV, EN: 1.7 (resistance)"
GST,W,2%,140.47881689103355,151.52616115278073,151.72264964797395,11.243832756940407,6.091964060872414,151.77177177177177,True,"GST doped with W at 2%. W (Tungsten): Period 6, Z=74, M=183.84, Block d, Ox.states [4,6], Ionic radius: 42.0 pm, charge=6, coord=IV, EN: 1.7 (resistance)"
GST,W,3%,133.96843714833798,193.97989041951544,194.1833654712909,60.214928322952915,6.770579160027344,200.96096096096096,False,"GST doped with W at 3%. W (Tungsten): Period 6, Z=74, M=183.84, Block d, Ox.states [4,6], Ionic radius: 42.0 pm, charge=6, coord=IV, EN: 1.7 (resistance)"
GST,W,4%,139.24699652503676,331.4557573488248,331.66052083913473,192.41352431409797,7.475437750201108,338.4384384384384,False,"GST doped with W at 4%. W (Tungsten): Period 6, Z=74, M=183.84, Block d, Ox.states [4,6], Ionic radius: 42.0 pm, charge=6, coord=IV, EN: 1.7 (resistance)"
GST,W,5%,144.48593785612314,165.39793324866983,165.59610316625088,21.11016531012774,7.436002739180843,170.2702702702703,True,"GST doped with W at 5%. W (Tungsten): Period 6, Z=74, M=183.84, Block d, Ox.states [4,6], Ionic radius: 42.0 pm, charge=6, coord=IV, EN: 1.7 (resistance)"
GST,W,6%,140.14538356387857,331.4579475050387,331.6609588703775,191.51557530649893,7.971740029392571,330.4504504504505,False,"GST doped with W at 6%. W (Tungsten): Period 6, Z=74, M=183.84, Block d, Ox.states [4,6], Ionic radius: 42.0 pm, charge=6, coord=IV, EN: 1.7 (resistance)"
GST,W,7%,127.70200797350881,140.98420316285728,141.20584964158093,13.503841668072113,7.811206038114671,141.68168168168168,True,"GST doped with W at 7%. W (Tungsten): Period 6, Z=74, M=183.84, Block d, Ox.states [4,6], Ionic radius: 42.0 pm, charge=6, coord=IV, EN: 1.7 (resistance)"
GST,Ti,1%,144.00366158175225,268.82002578767185,269.01926041279006,125.0155988310378,7.258818249921147,266.966966966967,False,"GST doped with Ti at 1%. Ti (Titanium): Period 4, Z=22, M=47.87, Block d, Ox.states [4], Ionic radius: 67.0 pm, charge=3, coord=VI, EN: 1.54 (resistance)"
GST,Ti,2%,89.47866664536983,225.1594445520512,235.7749602527072,146.29629360733736,8.671658279957969,248.46846846846847,False,"GST doped with Ti at 2%. Ti (Titanium): Period 4, Z=22, M=47.87, Block d, Ox.states [4], Ionic radius: 67.0 pm, charge=3, coord=VI, EN: 1.54 (resistance)"
GST,Ti,3%,123.0212714155168,201.82189248831597,202.1421562754416,79.12088485992481,6.613677916775156,200.96096096096096,False,"GST doped with Ti at 3%. Ti (Titanium): Period 4, Z=22, M=47.87, Block d, Ox.states [4], Ionic radius: 67.0 pm, charge=3, coord=VI, EN: 1.54 (resistance)"
GST,Ti,4%,142.6029029016073,328.51883316788474,328.71878164859237,186.11587874698506,6.984426323698608,328.34834834834834,False,"GST doped with Ti at 4%. Ti (Titanium): Period 4, Z=22, M=47.87, Block d, Ox.states [4], Ionic radius: 67.0 pm, charge=3, coord=VI, EN: 1.54 (resistance)"
GST,Ti,5%,201.49073380925472,235.60988904528335,235.80666249374175,34.315928684487034,7.516279960699634,201.80180180180182,False,"GST doped with Ti at 5%. Ti (Titanium): Period 4, Z=22, M=47.87, Block d, Ox.states [4], Ionic radius: 67.0 pm, charge=3, coord=VI, EN: 1.54 (resistance)"
GST,Ti,6%,142.6774383450152,328.5129740773044,328.7176098304763,186.04017148546112,7.582871889760174,327.92792792792795,False,"GST doped with Ti at 6%. Ti (Titanium): Period 4, Z=22, M=47.87, Block d, Ox.states [4], Ionic radius: 67.0 pm, charge=3, coord=VI, EN: 1.54 (resistance)"
GST,Ti,7%,137.6435965670258,143.94916116523916,144.15319559641162,6.509599029385811,6.821514623813162,143.7837837837838,True,"GST doped with Ti at 7%. Ti (Titanium): Period 4, Z=22, M=47.87, Block d, Ox.states [4], Ionic radius: 67.0 pm, charge=3, coord=VI, EN: 1.54 (resistance)"
GST,Ti,8%,140.65005109651594,328.5167656482556,328.71836814466656,188.06831704815062,8.850507546066988,328.34834834834834,False,"GST doped with Ti at 8%. Ti (Titanium): Period 4, Z=22, M=47.87, Block d, Ox.states [4], Ionic radius: 67.0 pm, charge=3, coord=VI, EN: 1.54 (resistance)"
GST,Cu,1%,67.94298529121582,136.05466351701457,143.26572473317194,75.32273944195612,6.949528305849107,149.66966966966967,False,"GST doped with Cu at 1%. Cu (Copper): Period 4, Z=29, M=63.55, Block d, Ox.states [2], Ionic radius: 56.99999999999999 pm, charge=2, coord=IVSQ, EN: 1.9 (resistance)"
GST,Cu,2%,74.39670532563588,149.33696445058573,149.982248851745,75.58554352610912,6.139028847397537,149.66966966966967,False,"GST doped with Cu at 2%. Cu (Copper): Period 4, Z=29, M=63.55, Block d, Ox.states [2], Ionic radius: 56.99999999999999 pm, charge=2, coord=IVSQ, EN: 1.9 (resistance)"
GST,Cu,3%,76.89132116911422,132.21177121648685,134.85867537457673,57.96735420546251,7.652772431994691,134.53453453453454,False,"GST doped with Cu at 3%. Cu (Copper): Period 4, Z=29, M=63.55, Block d, Ox.states [2], Ionic radius: 56.99999999999999 pm, charge=2, coord=IVSQ, EN: 1.9 (resistance)"
GST,Cu,4%,59.677741186295,134.15820173986285,138.22129266061387,78.54355147431886,5.975382903497426,138.73873873873873,False,"GST doped with Cu at 4%. Cu (Copper): Period 4, Z=29, M=63.55, Block d, Ox.states [2], Ionic radius: 56.99999999999999 pm, charge=2, coord=IVSQ, EN: 1.9 (resistance)"
GST,Cu,5%,63.208889800424835,141.11091062644851,150.37907626041732,87.1701864599925,7.871203904789013,150.0900900900901,False,"GST doped with Cu at 5%. Cu (Copper): Period 4, Z=29, M=63.55, Block d, Ox.states [2], Ionic radius: 56.99999999999999 pm, charge=2, coord=IVSQ, EN: 1.9 (resistance)"
GST,Zn,1%,93.15775684250177,214.53445096799902,214.77475806146816,121.6170012189664,16.50997332507646,230.3903903903904,False,"GST doped with Zn at 1%. Zn (Zinc): Period 4, Z=30, M=65.38, Block d, Ox.states [2], Ionic radius: 60.0 pm, charge=2, coord=IV, EN: 1.65 (resistance)"
GST,Zn,2%,113.16674876471136,199.44405564917204,199.6485708895946,86.48182212488324,11.629626824363777,198.43843843843845,False,"GST doped with Zn at 2%. Zn (Zinc): Period 4, Z=30, M=65.38, Block d, Ox.states [2], Ionic radius: 60.0 pm, charge=2, coord=IV, EN: 1.65 (resistance)"
GST,Zn,3%,65.1102050578993,135.66175240872283,194.1353732154028,129.02516815750351,6.914408181321871,201.3813813813814,False,"GST doped with Zn at 3%. Zn (Zinc): Period 4, Z=30, M=65.38, Block d, Ox.states [2], Ionic radius: 60.0 pm, charge=2, coord=IV, EN: 1.65 (resistance)"
GST,Zn,4%,59.13787722950506,138.04851620171067,317.7523015410262,258.61442431152113,6.49367270087626,201.80180180180182,False,"GST doped with Zn at 4%. Zn (Zinc): Period 4, Z=30, M=65.38, Block d, Ox.states [2], Ionic radius: 60.0 pm, charge=2, coord=IV, EN: 1.65 (resistance)"
GST,Zn,5%,60.8272997044396,201.7794998418155,210.9481261416234,150.12082643718378,8.271195674822316,221.981981981982,False,"GST doped with Zn at 5%. Zn (Zinc): Period 4, Z=30, M=65.38, Block d, Ox.states [2], Ionic radius: 60.0 pm, charge=2, coord=IV, EN: 1.65 (resistance)"
GST,Al,1%,124.83672877003859,153.20780529584198,153.40432382193154,28.56759505189295,6.480321334708531,153.03303303303304,True,"GST doped with Al at 1%. Al (Aluminum): Period 3, Z=13, M=26.98, Block p, Ox.states [3], Ionic radius: 39.0 pm, charge=3, coord=IV, EN: 1.61 (resistance)"
GST,Al,2%,141.11377434561936,151.52666454621044,151.7227503266599,10.608975981040544,5.962545301834098,151.77177177177177,True,"GST doped with Al at 2%. Al (Aluminum): Period 3, Z=13, M=26.98, Block p, Ox.states [3], Ionic radius: 39.0 pm, charge=3, coord=IV, EN: 1.61 (resistance)"
GST,Al,3%,64.9330825649543,179.83897196132938,180.65967609298932,115.72659352803501,9.799014895474034,180.7807807807808,False,"GST doped with Al at 3%. Al (Aluminum): Period 3, Z=13, M=26.98, Block p, Ox.states [3], Ionic radius: 39.0 pm, charge=3, coord=IV, EN: 1.61 (resistance)"
GST,Al,4%,62.99536724673497,143.3078515287961,205.09136280112818,142.0959955543932,7.6379093912021565,204.74474474474476,False,"GST doped with Al at 4%. Al (Aluminum): Period 3, Z=13, M=26.98, Block p, Ox.states [3], Ionic radius: 39.0 pm, charge=3, coord=IV, EN: 1.61 (resistance)"
GST,Al,5%,145.85603353938396,161.5789334912661,161.80527618774317,15.949242648359217,5.482807848459572,161.86186186186188,True,"GST doped with Al at 5%. Al (Aluminum): Period 3, Z=13, M=26.98, Block p, Ox.states [3], Ionic radius: 39.0 pm, charge=3, coord=IV, EN: 1.61 (resistance)"
GST,C,1%,148.86693471353442,151.50215075178716,151.71784756777527,2.850912854240846,9.21906720113408,151.35135135135135,False,"GST doped with C at 1%. C (Carbon): Period 2, Z=6, M=12.01, Block p, Ox.states [-4,4], Ionic radius: -8.0 pm, charge=4, coord=III, EN: 2.55 (resistance)"
GST,C,2%,93.3180318475584,150.16492119729384,150.8295587099206,57.5115268623622,6.879814461351009,151.35135135135135,False,"GST doped with C at 2%. C (Carbon): Period 2, Z=6, M=12.01, Block p, Ox.states [-4,4], Ionic radius: -8.0 pm, charge=4, coord=III, EN: 2.55 (resistance)"
GST,C,3%,88.50393555192807,181.79573178505817,184.8556411375093,96.35170558558124,8.354645233198973,187.92792792792793,False,"GST doped with C at 3%. C (Carbon): Period 2, Z=6, M=12.01, Block p, Ox.states [-4,4], Ionic radius: -8.0 pm, charge=4, coord=III, EN: 2.55 (resistance)"
GST,C,4%,93.10051489087965,326.6824055005374,330.7770513878756,237.67653649699594,6.33523746952466,201.80180180180182,False,"GST doped with C at 4%. C (Carbon): Period 2, Z=6, M=12.01, Block p, Ox.states [-4,4], Ionic radius: -8.0 pm, charge=4, coord=III, EN: 2.55 (resistance)"
GST,N,1%,111.93135400534213,153.03301876431186,202.8868005375195,90.95544653217736,6.984526663068235,202.22222222222223,False,"GST doped with N at 1%. N (Nitrogen): Period 2, Z=7, M=14.01, Block p, Ox.states [-3,3,5], Ionic radius: 146.0 pm, charge=-3, coord=IV, EN: 3.04 (resistance)"
GST,N,2%,111.748733472436,152.61608435914545,152.94964329825618,41.200909825820176,6.908301196648894,151.77177177177177,False,"GST doped with N at 2%. N (Nitrogen): Period 2, Z=7, M=14.01, Block p, Ox.states [-3,3,5], Ionic radius: 146.0 pm, charge=-3, coord=IV, EN: 3.04 (resistance)"
GST,N,3%,182.9168445921834,188.51839464099822,188.71869394321507,5.801849351031677,8.276227117087378,201.80180180180182,True,"GST doped with N at 3%. N (Nitrogen): Period 2, Z=7, M=14.01, Block p, Ox.states [-3,3,5], Ionic radius: 146.0 pm, charge=-3, coord=IV, EN: 3.04 (resistance)"
GST,N,4%,112.49438912267341,201.8847082139365,202.18165592482234,89.68726680214893,8.30516445461449,202.22222222222223,False,"GST doped with N at 4%. N (Nitrogen): Period 2, Z=7, M=14.01, Block p, Ox.states [-3,3,5], Ionic radius: 146.0 pm, charge=-3, coord=IV, EN: 3.04 (resistance)"
GST,N,5%,148.19564064324504,201.92503743313532,202.16278526440533,53.96714462116029,6.132289164018523,201.80180180180182,False,"GST doped with N at 5%. N (Nitrogen): Period 2, Z=7, M=14.01, Block p, Ox.states [-3,3,5], Ionic radius: 146.0 pm, charge=-3, coord=IV, EN: 3.04 (resistance)"
GST,O,1%,121.10148915965063,141.7680207251326,142.71665173802097,21.615162578370345,6.894743363357936,142.52252252252254,True,"GST doped with O at 1%. O (Oxygen): Period 2, Z=8, M=16.00, Block p, Ox.states [-2], Ionic radius: 135.0 pm, charge=-2, coord=II, EN: 3.44 (resistance)"
GST,O,2%,121.72871835190186,142.4770284301215,142.85852365344513,21.12980530154327,7.488214904809357,149.24924924924926,True,"GST doped with O at 2%. O (Oxygen): Period 2, Z=8, M=16.00, Block p, Ox.states [-2], Ionic radius: 135.0 pm, charge=-2, coord=II, EN: 3.44 (resistance)"
GST,O,3%,119.34826560367837,140.87741228007184,141.184491465024,21.836225861345625,10.797335997572114,141.68168168168168,True,"GST doped with O at 3%. O (Oxygen): Period 2, Z=8, M=16.00, Block p, Ox.states [-2], Ionic radius: 135.0 pm, charge=-2, coord=II, EN: 3.44 (resistance)"
GST,As,1%,130.4887795245559,153.2041196278236,153.40358668832786,22.914807163771968,6.482603351396741,153.03303303303304,True,"GST doped with As at 1%. As (Arsenic): Period 4, Z=33, M=74.92, Block p, Ox.states [-3,3,5], Ionic radius: 33.5 pm, charge=5, coord=IV, EN: 2.18 (resistance)"
GST,As,2%,145.4187501777071,152.35617941456218,152.56132597300294,7.142575795295841,5.883027283325429,152.61261261261262,True,"GST doped with As at 2%. As (Arsenic): Period 4, Z=33, M=74.92, Block p, Ox.states [-3,3,5], Ionic radius: 33.5 pm, charge=5, coord=IV, EN: 2.18 (resistance)"
GST,As,3%,63.92986807924103,178.83369168831183,179.82396177481098,115.89409369556995,6.446910703148955,179.51951951951952,False,"GST doped with As at 3%. As (Arsenic): Period 4, Z=33, M=74.92, Block p, Ox.states [-3,3,5], Ionic radius: 33.5 pm, charge=5, coord=IV, EN: 2.18 (resistance)"
GST,As,4%,65.92969445084096,187.51818589237575,189.09626866373375,123.1665742128928,16.144931530704206,188.76876876876878,False,"GST doped with As at 4%. As (Arsenic): Period 4, Z=33, M=74.92, Block p, Ox.states [-3,3,5], Ionic radius: 33.5 pm, charge=5, coord=IV, EN: 2.18 (resistance)"
GST,In,1%,100.4889380346323,126.70767546676879,126.91510866692775,26.426170632295452,6.830992602586928,145.46546546546548,False,"GST doped with In at 1%. In (Indium): Period 5, Z=49, M=114.82, Block p, Ox.states [3], Ionic radius: 80.0 pm, charge=3, coord=VI, EN: 1.78 (resistance)"
GST,In,2%,98.19544269286065,148.9796746827551,149.19533433595086,50.99989164309021,5.893714106605017,148.82882882882885,False,"GST doped with In at 2%. In (Indium): Period 5, Z=49, M=114.82, Block p, Ox.states [3], Ionic radius: 80.0 pm, charge=3, coord=VI, EN: 1.78 (resistance)"
GST,In,3%,68.36751327481937,101.77047914702997,102.90996404590884,34.54245077108946,6.423289120832781,102.58258258258259,False,"GST doped with In at 3%. In (Indium): Period 5, Z=49, M=114.82, Block p, Ox.states [3], Ionic radius: 80.0 pm, charge=3, coord=VI, EN: 1.78 (resistance)"
GST,In,4%,89.98221099998422,101.88386329361035,102.10650238845224,12.124291388468023,8.732934573913639,107.2072072072072,False,"GST doped with In at 4%. In (Indium): Period 5, Z=49, M=114.82, Block p, Ox.states [3], Ionic radius: 80.0 pm, charge=3, coord=VI, EN: 1.78 (resistance)"
GST,In,5%,89.26294993827726,117.45095051045442,117.66436427626549,28.40141433798823,5.106031801726032,114.77477477477478,False,"GST doped with In at 5%. In (Indium): Period 5, Z=49, M=114.82, Block p, Ox.states [3], Ionic radius: 80.0 pm, charge=3, coord=VI, EN: 1.78 (resistance)"
GST,In,6%,93.71341869354839,140.99727441472686,141.2084638919548,47.495045198406416,6.133580029026781,148.82882882882885,False,"GST doped with In at 6%. In (Indium): Period 5, Z=49, M=114.82, Block p, Ox.states [3], Ionic radius: 80.0 pm, charge=3, coord=VI, EN: 1.78 (resistance)"
GST,Se,1%,94.43268166854715,150.38429860972417,151.67982086380283,57.247139195255684,7.620598294642146,151.35135135135135,False,"GST doped with Se at 1%. Se (Selenium): Period 4, Z=34, M=78.97, Block p, Ox.states [-2,2,4,6], Ionic radius: 28.000000000000004 pm, charge=6, coord=IV, EN: 2.55 (resistance)"
GST,Se,2%,83.16527693723509,151.72012421495833,153.37648687247597,70.21120993524087,7.649847094127791,153.03303303303304,False,"GST doped with Se at 2%. Se (Selenium): Period 4, Z=34, M=78.97, Block p, Ox.states [-2,2,4,6], Ionic radius: 28.000000000000004 pm, charge=6, coord=IV, EN: 2.55 (resistance)"
GST,Se,3%,94.91885246181825,181.82078793055908,182.79533896768703,87.87648650586878,9.163062966808244,182.46246246246247,False,"GST doped with Se at 3%. Se (Selenium): Period 4, Z=34, M=78.97, Block p, Ox.states [-2,2,4,6], Ionic radius: 28.000000000000004 pm, charge=6, coord=IV, EN: 2.55 (resistance)"
GST,Se,4%,114.46283486041176,201.54014785760768,201.7494710129634,87.28663615255164,7.269860080658069,201.3813813813814,False,"GST doped with Se at 4%. Se (Selenium): Period 4, Z=34, M=78.97, Block p, Ox.states [-2,2,4,6], Ionic radius: 28.000000000000004 pm, charge=6, coord=IV, EN: 2.55 (resistance)"
GST,Se,5%,136.0825563146063,186.40735985746156,186.61480530482606,50.532248990219756,7.008023510475955,186.24624624624624,False,"GST doped with Se at 5%. Se (Selenium): Period 4, Z=34, M=78.97, Block p, Ox.states [-2,2,4,6], Ionic radius: 28.000000000000004 pm, charge=6, coord=IV, EN: 2.55 (resistance)"
GST,Se,6%,118.73934820871669,186.37985919595084,186.609305172524,67.8699569638073,6.814434371007634,186.66666666666669,False,"GST doped with Se at 6%. Se (Selenium): Period 4, Z=34, M=78.97, Block p, Ox.states [-2,2,4,6], Ionic radius: 28.000000000000004 pm, charge=6, coord=IV, EN: 2.55 (resistance)"
GST,TiO2,1%,100.35043282246032,235.64234992048964,268.98319618186264,168.6327633594023,8.598297578178112,266.966966966967,False,"GST doped with TiO2 at 1%. Ti (Titanium): Period 4, Z=22, M=47.87, Block d, Ox.states [4], Ionic radius: 67.0 pm, charge=3, coord=VI, EN: 1.54; O (Oxygen): Period 2, Z=8, M=16.00, Block p, Ox.states [-2], Ionic radius: 135.0 pm, charge=-2, coord=II, EN: 3.44 (resistance)"
GST,TiO2,2%,89.47601799418736,164.35494726196518,268.9527938403583,179.47677584617094,7.9272012495357895,282.52252252252254,False,"GST doped with TiO2 at 2%. Ti (Titanium): Period 4, Z=22, M=47.87, Block d, Ox.states [4], Ionic radius: 67.0 pm, charge=3, coord=VI, EN: 1.54; O (Oxygen): Period 2, Z=8, M=16.00, Block p, Ox.states [-2], Ionic radius: 135.0 pm, charge=-2, coord=II, EN: 3.44 (resistance)"
GST,TiO2,3%,144.16640250012344,268.81480542091987,269.0182163394397,124.85181383931624,8.532978337194063,284.2042042042042,False,"GST doped with TiO2 at 3%. Ti (Titanium): Period 4, Z=22, M=47.87, Block d, Ox.states [4], Ionic radius: 67.0 pm, charge=3, coord=VI, EN: 1.54; O (Oxygen): Period 2, Z=8, M=16.00, Block p, Ox.states [-2], Ionic radius: 135.0 pm, charge=-2, coord=II, EN: 3.44 (resistance)"
GST,TiO2,4%,89.52416669883482,235.63645212019065,328.6516270693718,239.12746037053697,9.234378166840967,327.5075075075075,False,"GST doped with TiO2 at 4%. Ti (Titanium): Period 4, Z=22, M=47.87, Block d, Ox.states [4], Ionic radius: 67.0 pm, charge=3, coord=VI, EN: 1.54; O (Oxygen): Period 2, Z=8, M=16.00, Block p, Ox.states [-2], Ionic radius: 135.0 pm, charge=-2, coord=II, EN: 3.44 (resistance)"
GST,TiO2,5%,139.23184084559696,268.7926510340097,269.0137854620576,129.78194461646066,7.916203049864881,266.966966966967,False,"GST doped with TiO2 at 5%. Ti (Titanium): Period 4, Z=22, M=47.87, Block d, Ox.states [4], Ionic radius: 67.0 pm, charge=3, coord=VI, EN: 1.54; O (Oxygen): Period 2, Z=8, M=16.00, Block p, Ox.states [-2], Ionic radius: 135.0 pm, charge=-2, coord=II, EN: 3.44 (resistance)"
GST,TiO2,6%,97.90325945759618,235.65951166183163,328.6541512839943,230.75089182639812,8.259693968233362,343.4834834834835,False,"GST doped with TiO2 at 6%. Ti (Titanium): Period 4, Z=22, M=47.87, Block d, Ox.states [4], Ionic radius: 67.0 pm, charge=3, coord=VI, EN: 1.54; O (Oxygen): Period 2, Z=8, M=16.00, Block p, Ox.states [-2], Ionic radius: 135.0 pm, charge=-2, coord=II, EN: 3.44 (resistance)"
GST,TiO2,7%,94.54111373162556,216.3649105944875,235.77798689042098,141.23687315879542,7.465235376999011,233.75375375375376,False,"GST doped with TiO2 at 7%. Ti (Titanium): Period 4, Z=22, M=47.87, Block d, Ox.states [4], Ionic radius: 67.0 pm, charge=3, coord=VI, EN: 1.54; O (Oxygen): Period 2, Z=8, M=16.00, Block p, Ox.states [-2], Ionic radius: 135.0 pm, charge=-2, coord=II, EN: 3.44 (resistance)"
GST,TiO2,8%,113.63865547873229,321.51812475911476,328.68832914239294,215.04967366366066,11.190019572530364,343.4834834834835,False,"GST doped with TiO2 at 8%. Ti (Titanium): Period 4, Z=22, M=47.87, Block d, Ox.states [4], Ionic radius: 67.0 pm, charge=3, coord=VI, EN: 1.54; O (Oxygen): Period 2, Z=8, M=16.00, Block p, Ox.states [-2], Ionic radius: 135.0 pm, charge=-2, coord=II, EN: 3.44 (resistance)"
GST,TiO2,9%,98.1662891529733,235.6476703525066,307.69624630157347,209.52995714860015,8.540919181679985,343.06306306306305,False,"GST doped with TiO2 at 9%. Ti (Titanium): Period 4, Z=22, M=47.87, Block d, Ox.states [4], Ionic radius: 67.0 pm, charge=3, coord=VI, EN: 1.54; O (Oxygen): Period 2, Z=8, M=16.00, Block p, Ox.states [-2], Ionic radius: 135.0 pm, charge=-2, coord=II, EN: 3.44 (resistance)"
GST,TiO2,10%,94.29259672140489,225.20312704756446,247.1218802357187,152.8292835143138,6.692331733364357,259.8198198198198,False,"GST doped with TiO2 at 10%. Ti (Titanium): Period 4, Z=22, M=47.87, Block d, Ox.states [4], Ionic radius: 67.0 pm, charge=3, coord=VI, EN: 1.54; O (Oxygen): Period 2, Z=8, M=16.00, Block p, Ox.states [-2], Ionic radius: 135.0 pm, charge=-2, coord=II, EN: 3.44 (resistance)"
GST,ZnO,1%,121.64955255443995,158.6392880506217,158.86299274525993,37.21344019081998,6.066809841461481,158.91891891891893,False,"GST doped with ZnO at 1%. Zn (Zinc): Period 4, Z=30, M=65.38, Block d, Ox.states [2], Ionic radius: 60.0 pm, charge=2, coord=IV, EN: 1.65; O (Oxygen): Period 2, Z=8, M=16.00, Block p, Ox.states [-2], Ionic radius: 135.0 pm, charge=-2, coord=II, EN: 3.44 (resistance)"
GST,ZnO,2%,93.78168303100514,153.47380144361952,153.79385938782366,60.012176356818514,9.650443237052903,153.45345345345345,False,"GST doped with ZnO at 2%. Zn (Zinc): Period 4, Z=30, M=65.38, Block d, Ox.states [2], Ionic radius: 60.0 pm, charge=2, coord=IV, EN: 1.65; O (Oxygen): Period 2, Z=8, M=16.00, Block p, Ox.states [-2], Ionic radius: 135.0 pm, charge=-2, coord=II, EN: 3.44 (resistance)"
GST,ZnO,3%,103.31907403790065,181.36756765085929,181.5708108274696,78.25173678956894,6.653357166057706,181.2012012012012,False,"GST doped with ZnO at 3%. Zn (Zinc): Period 4, Z=30, M=65.38, Block d, Ox.states [2], Ionic radius: 60.0 pm, charge=2, coord=IV, EN: 1.65; O (Oxygen): Period 2, Z=8, M=16.00, Block p, Ox.states [-2], Ionic radius: 135.0 pm, charge=-2, coord=II, EN: 3.44 (resistance)"
GST,ZnO,4%,109.20932412686072,317.5758481543348,317.7854399011377,208.57611577427696,5.975518061879864,201.80180180180182,False,"GST doped with ZnO at 4%. Zn (Zinc): Period 4, Z=30, M=65.38, Block d, Ox.states [2], Ionic radius: 60.0 pm, charge=2, coord=IV, EN: 1.65; O (Oxygen): Period 2, Z=8, M=16.00, Block p, Ox.states [-2], Ionic radius: 135.0 pm, charge=-2, coord=II, EN: 3.44 (resistance)"
GST,ZnO,5%,116.71206545378175,177.13674178326613,177.3612822905876,60.64921683680586,6.899086258372177,178.25825825825825,False,"GST doped with ZnO at 5%. Zn (Zinc): Period 4, Z=30, M=65.38, Block d, Ox.states [2], Ionic radius: 60.0 pm, charge=2, coord=IV, EN: 1.65; O (Oxygen): Period 2, Z=8, M=16.00, Block p, Ox.states [-2], Ionic radius: 135.0 pm, charge=-2, coord=II, EN: 3.44 (resistance)"
GST,ZnO,6%,91.30336301173051,181.71173763308175,181.9759811602505,90.67261814852,11.964077439433373,182.04204204204206,False,"GST doped with ZnO at 6%. Zn (Zinc): Period 4, Z=30, M=65.38, Block d, Ox.states [2], Ionic radius: 60.0 pm, charge=2, coord=IV, EN: 1.65; O (Oxygen): Period 2, Z=8, M=16.00, Block p, Ox.states [-2], Ionic radius: 135.0 pm, charge=-2, coord=II, EN: 3.44 (resistance)"
GST,ZnO,7%,63.44513967719327,149.46725611236988,152.14992056062533,88.70478088343206,10.78523975268791,153.45345345345345,False,"GST doped with ZnO at 7%. Zn (Zinc): Period 4, Z=30, M=65.38, Block d, Ox.states [2], Ionic radius: 60.0 pm, charge=2, coord=IV, EN: 1.65; O (Oxygen): Period 2, Z=8, M=16.00, Block p, Ox.states [-2], Ionic radius: 135.0 pm, charge=-2, coord=II, EN: 3.44 (resistance)"
GST,ZnO,8%,62.96642586175617,141.61448588442522,328.6461480022194,265.6797221404632,7.211338272337461,205.16516516516518,False,"GST doped with ZnO at 8%. Zn (Zinc): Period 4, Z=30, M=65.38, Block d, Ox.states [2], Ionic radius: 60.0 pm, charge=2, coord=IV, EN: 1.65; O (Oxygen): Period 2, Z=8, M=16.00, Block p, Ox.states [-2], Ionic radius: 135.0 pm, charge=-2, coord=II, EN: 3.44 (resistance)"
GST,ZnO,9%,66.31851172086334,196.8156778506097,204.65136332397364,138.3328516031103,9.858326922980579,203.06306306306308,False,"GST doped with ZnO at 9%. Zn (Zinc): Period 4, Z=30, M=65.38, Block d, Ox.states [2], Ionic radius: 60.0 pm, charge=2, coord=IV, EN: 1.65; O (Oxygen): Period 2, Z=8, M=16.00, Block p, Ox.states [-2], Ionic radius: 135.0 pm, charge=-2, coord=II, EN: 3.44 (resistance)"
GST,ZnO,10%,93.49432165833986,198.12152527474154,198.3750558056996,104.88073414735973,7.488314924332334,197.17717717717719,False,"GST doped with ZnO at 10%. Zn (Zinc): Period 4, Z=30, M=65.38, Block d, Ox.states [2], Ionic radius: 60.0 pm, charge=2, coord=IV, EN: 1.65; O (Oxygen): Period 2, Z=8, M=16.00, Block p, Ox.states [-2], Ionic radius: 135.0 pm, charge=-2, coord=II, EN: 3.44 (resistance)"
GST,SiO2,1%,124.30309604335956,149.32971510693122,149.92032829462846,25.617232251268902,6.652427897942577,150.0900900900901,True,"GST doped with SiO2 at 1%. Si (Silicon): Period 3, Z=14, M=28.09, Block p, Ox.states [-4,4], Ionic radius: 26.0 pm, charge=4, coord=IV, EN: 1.9; O (Oxygen): Period 2, Z=8, M=16.00, Block p, Ox.states [-2], Ionic radius: 135.0 pm, charge=-2, coord=II, EN: 3.44 (resistance)"
GST,SiO2,2%,142.3793918233242,150.21780081864875,150.45196857213864,8.072576748814441,6.273385703764623,150.51051051051053,True,"GST doped with SiO2 at 2%. Si (Silicon): Period 3, Z=14, M=28.09, Block p, Ox.states [-4,4], Ionic radius: 26.0 pm, charge=4, coord=IV, EN: 1.9; O (Oxygen): Period 2, Z=8, M=16.00, Block p, Ox.states [-2], Ionic radius: 135.0 pm, charge=-2, coord=II, EN: 3.44 (resistance)"
GST,SiO2,3%,144.4630403477864,178.84547915383845,179.04837511004737,34.58533476226097,6.3831405546350535,178.6786786786787,False,"GST doped with SiO2 at 3%. Si (Silicon): Period 3, Z=14, M=28.09, Block p, Ox.states [-4,4], Ionic radius: 26.0 pm, charge=4, coord=IV, EN: 1.9; O (Oxygen): Period 2, Z=8, M=16.00, Block p, Ox.states [-2], Ionic radius: 135.0 pm, charge=-2, coord=II, EN: 3.44 (resistance)"
GST,SiO2,4%,144.27994123897486,201.9464432029978,202.1670664183778,57.88712517940294,5.8806195777297035,144.62462462462463,False,"GST doped with SiO2 at 4%. Si (Silicon): Period 3, Z=14, M=28.09, Block p, Ox.states [-4,4], Ionic radius: 26.0 pm, charge=4, coord=IV, EN: 1.9; O (Oxygen): Period 2, Z=8, M=16.00, Block p, Ox.states [-2], Ionic radius: 135.0 pm, charge=-2, coord=II, EN: 3.44 (resistance)"
GST,SiO2,5%,126.64924642278999,150.44609152087207,153.36603645600977,26.71679003321978,8.679161420408986,153.03303303303304,True,"GST doped with SiO2 at 5%. Si (Silicon): Period 3, Z=14, M=28.09, Block p, Ox.states [-4,4], Ionic radius: 26.0 pm, charge=4, coord=IV, EN: 1.9; O (Oxygen): Period 2, Z=8, M=16.00, Block p, Ox.states [-2], Ionic radius: 135.0 pm, charge=-2, coord=II, EN: 3.44 (resistance)"
GST,SiO2,6%,144.36981840717698,174.61356623469425,174.83862916285523,30.46881075567825,6.34812358876202,175.31531531531533,False,"GST doped with SiO2 at 6%. Si (Silicon): Period 3, Z=14, M=28.09, Block p, Ox.states [-4,4], Ionic radius: 26.0 pm, charge=4, coord=IV, EN: 1.9; O (Oxygen): Period 2, Z=8, M=16.00, Block p, Ox.states [-2], Ionic radius: 135.0 pm, charge=-2, coord=II, EN: 3.44 (resistance)"
GST,SiO2,7%,126.3672256779759,146.3068431270784,146.64275000679774,20.275524328821845,6.247637901507712,146.3063063063063,True,"GST doped with SiO2 at 7%. Si (Silicon): Period 3, Z=14, M=28.09, Block p, Ox.states [-4,4], Ionic radius: 26.0 pm, charge=4, coord=IV, EN: 1.9; O (Oxygen): Period 2, Z=8, M=16.00, Block p, Ox.states [-2], Ionic radius: 135.0 pm, charge=-2, coord=II, EN: 3.44 (resistance)"
GST,SiO2,8%,143.34875120659552,146.474280403977,146.67623746217717,3.327486255581647,6.981161131102656,145.46546546546548,False,"GST doped with SiO2 at 8%. Si (Silicon): Period 3, Z=14, M=28.09, Block p, Ox.states [-4,4], Ionic radius: 26.0 pm, charge=4, coord=IV, EN: 1.9; O (Oxygen): Period 2, Z=8, M=16.00, Block p, Ox.states [-2], Ionic radius: 135.0 pm, charge=-2, coord=II, EN: 3.44 (resistance)"
GST,SiO2,9%,144.5521948609259,176.30601723689534,176.52246470864077,31.97026984771486,6.139168378646154,176.15615615615616,False,"GST doped with SiO2 at 9%. Si (Silicon): Period 3, Z=14, M=28.09, Block p, Ox.states [-4,4], Ionic radius: 26.0 pm, charge=4, coord=IV, EN: 1.9; O (Oxygen): Period 2, Z=8, M=16.00, Block p, Ox.states [-2], Ionic radius: 135.0 pm, charge=-2, coord=II, EN: 3.44 (resistance)"
GST,SiO2,10%,127.90401062143101,146.6127774317866,147.05490738857753,19.15089676714652,8.52396815886915,151.77177177177177,True,"GST doped with SiO2 at 10%. Si (Silicon): Period 3, Z=14, M=28.09, Block p, Ox.states [-4,4], Ionic radius: 26.0 pm, charge=4, coord=IV, EN: 1.9; O (Oxygen): Period 2, Z=8, M=16.00, Block p, Ox.states [-2], Ionic radius: 135.0 pm, charge=-2, coord=II, EN: 3.44 (resistance)"
GST,Al2O3,1%,144.22608765454078,151.52955643026425,151.72332870347066,7.4972410489298795,7.13718061753023,151.77177177177177,True,"GST doped with Al2O3 at 1%. Al (Aluminum): Period 3, Z=13, M=26.98, Block p, Ox.states [3], Ionic radius: 39.0 pm, charge=3, coord=IV, EN: 1.61; O (Oxygen): Period 2, Z=8, M=16.00, Block p, Ox.states [-2], Ionic radius: 135.0 pm, charge=-2, coord=II, EN: 3.44 (resistance)"
GST,Al2O3,2%,144.5199885835241,151.53155091074277,151.72372759956636,7.203739016042249,7.049220297798431,151.77177177177177,True,"GST doped with Al2O3 at 2%. Al (Aluminum): Period 3, Z=13, M=26.98, Block p, Ox.states [3], Ionic radius: 39.0 pm, charge=3, coord=IV, EN: 1.61; O (Oxygen): Period 2, Z=8, M=16.00, Block p, Ox.states [-2], Ionic radius: 135.0 pm, charge=-2, coord=II, EN: 3.44 (resistance)"
GST,Al2O3,3%,124.21288087233859,178.83687661740504,179.04665460276073,54.83377373042214,6.4201231014777775,178.6786786786787,False,"GST doped with Al2O3 at 3%. Al (Aluminum): Period 3, Z=13, M=26.98, Block p, Ox.states [3], Ionic radius: 39.0 pm, charge=3, coord=IV, EN: 1.61; O (Oxygen): Period 2, Z=8, M=16.00, Block p, Ox.states [-2], Ionic radius: 135.0 pm, charge=-2, coord=II, EN: 3.44 (resistance)"
GST,Al2O3,4%,139.3074297712907,216.25826577942067,216.46486636909776,77.15743659780705,6.472681175748068,227.44744744744744,False,"GST doped with Al2O3 at 4%. Al (Aluminum): Period 3, Z=13, M=26.98, Block p, Ox.states [3], Ionic radius: 39.0 pm, charge=3, coord=IV, EN: 1.61; O (Oxygen): Period 2, Z=8, M=16.00, Block p, Ox.states [-2], Ionic radius: 135.0 pm, charge=-2, coord=II, EN: 3.44 (resistance)"
GST,Al2O3,5%,148.87989392760338,153.20338553329418,153.403439869422,4.523545941818611,7.756513408460168,153.03303303303304,False,"GST doped with Al2O3 at 5%. Al (Aluminum): Period 3, Z=13, M=26.98, Block p, Ox.states [3], Ionic radius: 39.0 pm, charge=3, coord=IV, EN: 1.61; O (Oxygen): Period 2, Z=8, M=16.00, Block p, Ox.states [-2], Ionic radius: 135.0 pm, charge=-2, coord=II, EN: 3.44 (resistance)"
GST,Al2O3,6%,140.9528729341591,154.4358871042213,154.6589491926165,13.706076258457387,11.205615305902276,154.2942942942943,True,"GST doped with Al2O3 at 6%. Al (Aluminum): Period 3, Z=13, M=26.98, Block p, Ox.states [3], Ionic radius: 39.0 pm, charge=3, coord=IV, EN: 1.61; O (Oxygen): Period 2, Z=8, M=16.00, Block p, Ox.states [-2], Ionic radius: 135.0 pm, charge=-2, coord=II, EN: 3.44 (resistance)"
GST,Al2O3,7%,64.92401945880474,149.33420142521751,149.96727936983086,85.04325991102613,13.154561595821942,149.66966966966967,False,"GST doped with Al2O3 at 7%. Al (Aluminum): Period 3, Z=13, M=26.98, Block p, Ox.states [3], Ionic radius: 39.0 pm, charge=3, coord=IV, EN: 1.61; O (Oxygen): Period 2, Z=8, M=16.00, Block p, Ox.states [-2], Ionic radius: 135.0 pm, charge=-2, coord=II, EN: 3.44 (resistance)"
GST,Al2O3,8%,139.23592514334266,266.2816588574053,266.49356900871874,127.25764386537608,7.864651907819109,205.16516516516518,False,"GST doped with Al2O3 at 8%. Al (Aluminum): Period 3, Z=13, M=26.98, Block p, Ox.states [3], Ionic radius: 39.0 pm, charge=3, coord=IV, EN: 1.61; O (Oxygen): Period 2, Z=8, M=16.00, Block p, Ox.states [-2], Ionic radius: 135.0 pm, charge=-2, coord=II, EN: 3.44 (resistance)"
GST,Al2O3,9%,141.148853822989,153.61253290700552,153.82160568050062,12.672751857511628,10.213227739926868,153.45345345345345,True,"GST doped with Al2O3 at 9%. Al (Aluminum): Period 3, Z=13, M=26.98, Block p, Ox.states [3], Ionic radius: 39.0 pm, charge=3, coord=IV, EN: 1.61; O (Oxygen): Period 2, Z=8, M=16.00, Block p, Ox.states [-2], Ionic radius: 135.0 pm, charge=-2, coord=II, EN: 3.44 (resistance)"
GST,Al2O3,10%,140.2258834637273,151.52221528288234,151.7218604739943,11.495977010266984,10.504006898105901,152.1921921921922,True,"GST doped with Al2O3 at 10%. Al (Aluminum): Period 3, Z=13, M=26.98, Block p, Ox.states [3], Ionic radius: 39.0 pm, charge=3, coord=IV, EN: 1.61; O (Oxygen): Period 2, Z=8, M=16.00, Block p, Ox.states [-2], Ionic radius: 135.0 pm, charge=-2, coord=II, EN: 3.44 (resistance)"
GST,In2Se3,1%,127.6630919437866,135.54657286722428,135.7459512100819,8.082859266295301,6.215384923245101,149.66966966966967,False,"GST doped with In2Se3 at 1%. In (Indium): Period 5, Z=49, M=114.82, Block p, Ox.states [3], Ionic radius: 80.0 pm, charge=3, coord=VI, EN: 1.78; Se (Selenium): Period 4, Z=34, M=78.97, Block p, Ox.states [-2,2,4,6], Ionic radius: 28.000000000000004 pm, charge=6, coord=IV, EN: 2.55 (resistance)"
GST,In2Se3,2%,130.41532056669033,149.41755368593977,149.6192464729241,19.203925906233763,6.219328033097072,151.77177177177177,True,"GST doped with In2Se3 at 2%. In (Indium): Period 5, Z=49, M=114.82, Block p, Ox.states [3], Ionic radius: 80.0 pm, charge=3, coord=VI, EN: 1.78; Se (Selenium): Period 4, Z=34, M=78.97, Block p, Ox.states [-2,2,4,6], Ionic radius: 28.000000000000004 pm, charge=6, coord=IV, EN: 2.55 (resistance)"
GST,In2Se3,3%,118.82901729417672,130.90964428404592,131.11886579374655,12.289848499569828,7.450816603321584,130.75075075075077,False,"GST doped with In2Se3 at 3%. In (Indium): Period 5, Z=49, M=114.82, Block p, Ox.states [3], Ionic radius: 80.0 pm, charge=3, coord=VI, EN: 1.78; Se (Selenium): Period 4, Z=34, M=78.97, Block p, Ox.states [-2,2,4,6], Ionic radius: 28.000000000000004 pm, charge=6, coord=IV, EN: 2.55 (resistance)"
GST,In2Se3,4%,119.08035766291009,131.75115967552927,131.95984154471589,12.879483881805797,15.032476261427018,133.27327327327328,False,"GST doped with In2Se3 at 4%. In (Indium): Period 5, Z=49, M=114.82, Block p, Ox.states [3], Ionic radius: 80.0 pm, charge=3, coord=VI, EN: 1.78; Se (Selenium): Period 4, Z=34, M=78.97, Block p, Ox.states [-2,2,4,6], Ionic radius: 28.000000000000004 pm, charge=6, coord=IV, EN: 2.55 (resistance)"
GST,In2Se3,5%,119.81916753932086,133.85397947062037,134.0620871854158,14.242919646094947,13.042484107364976,135.37537537537537,False,"GST doped with In2Se3 at 5%. In (Indium): Period 5, Z=49, M=114.82, Block p, Ox.states [3], Ionic radius: 80.0 pm, charge=3, coord=VI, EN: 1.78; Se (Selenium): Period 4, Z=34, M=78.97, Block p, Ox.states [-2,2,4,6], Ionic radius: 28.000000000000004 pm, charge=6, coord=IV, EN: 2.55 (resistance)"
GST,In2Se3,6%,127.0851532985676,135.53880967198035,135.74439857103312,8.659245272465512,11.73170069062744,136.63663663663664,False,"GST doped with In2Se3 at 6%. In (Indium): Period 5, Z=49, M=114.82, Block p, Ox.states [3], Ionic radius: 80.0 pm, charge=3, coord=VI, EN: 1.78; Se (Selenium): Period 4, Z=34, M=78.97, Block p, Ox.states [-2,2,4,6], Ionic radius: 28.000000000000004 pm, charge=6, coord=IV, EN: 2.55 (resistance)"
GST,"Ni,W","1%,1%",205.16275516785592,338.6057005778129,338.8082272026501,133.64547203479415,7.019384090636786,343.4834834834835,False,"GST doped with Ni at 1%. Ni (Nickel): Period 4, Z=28, M=58.69, Block d, Ox.states [2], Ionic radius: 69.0 pm, charge=2, coord=VI, EN: 1.91 and W at 1%. W (Tungsten): Period 6, Z=74, M=183.84, Block d, Ox.states [4,6], Ionic radius: 42.0 pm, charge=6, coord=IV, EN: 1.7 (resistance)"
GST,"Ni,W","1%,4%",205.15489152506825,338.60584556075446,338.8082561992384,133.65336467417012,6.3913274584202,343.4834834834835,False,"GST doped with Ni at 1%. Ni (Nickel): Period 4, Z=28, M=58.69, Block d, Ox.states [2], Ionic radius: 69.0 pm, charge=2, coord=VI, EN: 1.91 and W at 4%. W (Tungsten): Period 6, Z=74, M=183.84, Block d, Ox.states [4,6], Ionic radius: 42.0 pm, charge=6, coord=IV, EN: 1.7 (resistance)"
GST,"Ni,W","2%,3%",205.15519844968316,338.6035962388486,338.8078063348572,133.65260788517406,6.179980941291507,343.4834834834835,False,"GST doped with Ni at 2%. Ni (Nickel): Period 4, Z=28, M=58.69, Block d, Ox.states [2], Ionic radius: 69.0 pm, charge=2, coord=VI, EN: 1.91 and W at 3%. W (Tungsten): Period 6, Z=74, M=183.84, Block d, Ox.states [4,6], Ionic radius: 42.0 pm, charge=6, coord=IV, EN: 1.7 (resistance)"
GST,"Ni,W","3%,2%",202.0765421468312,336.08776626449065,336.28662232196757,134.21008017513637,5.282793325392113,201.80180180180182,False,"GST doped with Ni at 3%. Ni (Nickel): Period 4, Z=28, M=58.69, Block d, Ox.states [2], Ionic radius: 69.0 pm, charge=2, coord=VI, EN: 1.91 and W at 2%. W (Tungsten): Period 6, Z=74, M=183.84, Block d, Ox.states [4,6], Ionic radius: 42.0 pm, charge=6, coord=IV, EN: 1.7 (resistance)"
GST,"Ni,W","4%,1%",134.3148082600354,338.57498635512064,338.8020843581117,204.4872760980763,7.6875287089411986,364.0840840840841,False,"GST doped with Ni at 4%. Ni (Nickel): Period 4, Z=28, M=58.69, Block d, Ox.states [2], Ionic radius: 69.0 pm, charge=2, coord=VI, EN: 1.91 and W at 1%. W (Tungsten): Period 6, Z=74, M=183.84, Block d, Ox.states [4,6], Ionic radius: 42.0 pm, charge=6, coord=IV, EN: 1.7 (resistance)"
GST,"Ni,Ti","1%,1%",205.14145237472252,336.051324241951,336.2793339174597,131.1378815427372,6.444808915977411,343.4834834834835,False,"GST doped with Ni at 1%. Ni (Nickel): Period 4, Z=28, M=58.69, Block d, Ox.states [2], Ionic radius: 69.0 pm, charge=2, coord=VI, EN: 1.91 and Ti at 1%. Ti (Titanium): Period 4, Z=22, M=47.87, Block d, Ox.states [4], Ionic radius: 67.0 pm, charge=3, coord=VI, EN: 1.54 (resistance)"
GST,"Ni,Ti","1%,4%",205.13476734619388,336.05249926881174,336.27956892283186,131.14480157663797,6.470776528055968,343.4834834834835,False,"GST doped with Ni at 1%. Ni (Nickel): Period 4, Z=28, M=58.69, Block d, Ox.states [2], Ionic radius: 69.0 pm, charge=2, coord=VI, EN: 1.91 and Ti at 4%. Ti (Titanium): Period 4, Z=22, M=47.87, Block d, Ox.states [4], Ionic radius: 67.0 pm, charge=3, coord=VI, EN: 1.54 (resistance)"
GST,"Ni,Ti","2%,3%",205.12522974737132,331.4566039723548,331.66069016384074,126.53546041646942,6.240635318967879,335.4954954954955,False,"GST doped with Ni at 2%. Ni (Nickel): Period 4, Z=28, M=58.69, Block d, Ox.states [2], Ionic radius: 69.0 pm, charge=2, coord=VI, EN: 1.91 and Ti at 3%. Ti (Titanium): Period 4, Z=22, M=47.87, Block d, Ox.states [4], Ionic radius: 67.0 pm, charge=3, coord=VI, EN: 1.54 (resistance)"
GST,"Ni,Ti","3%,2%",202.0669023882323,336.0787763741363,336.28482434389673,134.21792195566442,7.085640784664661,335.4954954954955,False,"GST doped with Ni at 3%. Ni (Nickel): Period 4, Z=28, M=58.69, Block d, Ox.states [2], Ionic radius: 69.0 pm, charge=2, coord=VI, EN: 1.91 and Ti at 2%. Ti (Titanium): Period 4, Z=22, M=47.87, Block d, Ox.states [4], Ionic radius: 67.0 pm, charge=3, coord=VI, EN: 1.54 (resistance)"
GST,"Ni,Ti","4%,1%",205.12302811041965,338.60478893042176,338.80804487317187,133.6850167627522,6.548383772748025,335.4954954954955,False,"GST doped with Ni at 4%. Ni (Nickel): Period 4, Z=28, M=58.69, Block d, Ox.states [2], Ionic radius: 69.0 pm, charge=2, coord=VI, EN: 1.91 and Ti at 1%. Ti (Titanium): Period 4, Z=22, M=47.87, Block d, Ox.states [4], Ionic radius: 67.0 pm, charge=3, coord=VI, EN: 1.54 (resistance)"
GST,"Ni,Cu","1%,1%",152.78468611000648,325.57486979905434,325.775634620472,172.9909485104655,5.743164789738017,330.4504504504505,False,"GST doped with Ni at 1%. Ni (Nickel): Period 4, Z=28, M=58.69, Block d, Ox.states [2], Ionic radius: 69.0 pm, charge=2, coord=VI, EN: 1.91 and Cu at 1%. Cu (Copper): Period 4, Z=29, M=63.55, Block d, Ox.states [2], Ionic radius: 56.99999999999999 pm, charge=2, coord=IVSQ, EN: 1.9 (resistance)"
GST,"Ni,Cu","1%,4%",154.1635671604487,330.6153287685597,330.81976245040903,176.65619528996032,5.728494012867976,330.4504504504505,False,"GST doped with Ni at 1%. Ni (Nickel): Period 4, Z=28, M=58.69, Block d, Ox.states [2], Ionic radius: 69.0 pm, charge=2, coord=VI, EN: 1.91 and Cu at 4%. Cu (Copper): Period 4, Z=29, M=63.55, Block d, Ox.states [2], Ionic radius: 56.99999999999999 pm, charge=2, coord=IVSQ, EN: 1.9 (resistance)"
GST,"Ni,Cu","2%,3%",172.23684696382378,330.6167991806611,330.8200565328293,158.58320956900553,6.1885900921273524,335.4954954954955,False,"GST doped with Ni at 2%. Ni (Nickel): Period 4, Z=28, M=58.69, Block d, Ox.states [2], Ionic radius: 69.0 pm, charge=2, coord=VI, EN: 1.91 and Cu at 3%. Cu (Copper): Period 4, Z=29, M=63.55, Block d, Ox.states [2], Ionic radius: 56.99999999999999 pm, charge=2, coord=IVSQ, EN: 1.9 (resistance)"
GST,"Ni,Cu","3%,2%",73.35326074907557,324.69636415888624,336.22796630944293,262.8747055603674,5.903190904021493,335.4954954954955,False,"GST doped with Ni at 3%. Ni (Nickel): Period 4, Z=28, M=58.69, Block d, Ox.states [2], Ionic radius: 69.0 pm, charge=2, coord=VI, EN: 1.91 and Cu at 2%. Cu (Copper): Period 4, Z=29, M=63.55, Block d, Ox.states [2], Ionic radius: 56.99999999999999 pm, charge=2, coord=IVSQ, EN: 1.9 (resistance)"
GST,"Ni,Cu","4%,1%",111.79073296313702,338.5801077481573,338.803108636719,227.01237567358197,5.149066364376633,335.4954954954955,False,"GST doped with Ni at 4%. Ni (Nickel): Period 4, Z=28, M=58.69, Block d, Ox.states [2], Ionic radius: 69.0 pm, charge=2, coord=VI, EN: 1.91 and Cu at 1%. Cu (Copper): Period 4, Z=29, M=63.55, Block d, Ox.states [2], Ionic radius: 56.99999999999999 pm, charge=2, coord=IVSQ, EN: 1.9 (resistance)"
GST,"Ni,Zn","1%,1%",152.880590520911,333.1421954335297,333.34315380142107,180.46256328051007,6.506144649185566,341.3813813813814,False,"GST doped with Ni at 1%. Ni (Nickel): Period 4, Z=28, M=58.69, Block d, Ox.states [2], Ionic radius: 69.0 pm, charge=2, coord=VI, EN: 1.91 and Zn at 1%. Zn (Zinc): Period 4, Z=30, M=65.38, Block d, Ox.states [2], Ionic radius: 60.0 pm, charge=2, coord=IV, EN: 1.65 (resistance)"
GST,"Ni,Zn","1%,4%",160.5671040506049,333.1431452140415,333.3433437575234,172.77623970691852,6.0250186918018205,343.06306306306305,False,"GST doped with Ni at 1%. Ni (Nickel): Period 4, Z=28, M=58.69, Block d, Ox.states [2], Ionic radius: 69.0 pm, charge=2, coord=VI, EN: 1.91 and Zn at 4%. Zn (Zinc): Period 4, Z=30, M=65.38, Block d, Ox.states [2], Ionic radius: 60.0 pm, charge=2, coord=IV, EN: 1.65 (resistance)"
GST,"Ni,Zn","2%,3%",170.65859194461567,325.57289099731514,325.77523886012415,155.11664691550848,5.70728010459224,330.4504504504505,False,"GST doped with Ni at 2%. Ni (Nickel): Period 4, Z=28, M=58.69, Block d, Ox.states [2], Ionic radius: 69.0 pm, charge=2, coord=VI, EN: 1.91 and Zn at 3%. Zn (Zinc): Period 4, Z=30, M=65.38, Block d, Ox.states [2], Ionic radius: 60.0 pm, charge=2, coord=IV, EN: 1.65 (resistance)"
GST,"Ni,Zn","3%,2%",113.04709360039783,336.0787554430659,336.28482015768265,223.23772655728482,6.853051262374638,335.4954954954955,False,"GST doped with Ni at 3%. Ni (Nickel): Period 4, Z=28, M=58.69, Block d, Ox.states [2], Ionic radius: 69.0 pm, charge=2, coord=VI, EN: 1.91 and Zn at 2%. Zn (Zinc): Period 4, Z=30, M=65.38, Block d, Ox.states [2], Ionic radius: 60.0 pm, charge=2, coord=IV, EN: 1.65 (resistance)"
GST,"Ni,Zn","4%,1%",113.57057384568823,338.6029787720395,338.8076828414954,225.2371089958072,5.990626494231929,335.4954954954955,False,"GST doped with Ni at 4%. Ni (Nickel): Period 4, Z=28, M=58.69, Block d, Ox.states [2], Ionic radius: 69.0 pm, charge=2, coord=VI, EN: 1.91 and Zn at 1%. Zn (Zinc): Period 4, Z=30, M=65.38, Block d, Ox.states [2], Ionic radius: 60.0 pm, charge=2, coord=IV, EN: 1.65 (resistance)"
GST,"Ni,Al","1%,1%",152.4910089779251,335.66738849691944,335.86621043211704,183.37520145419194,7.197372807722031,353.15315315315314,False,"GST doped with Ni at 1%. Ni (Nickel): Period 4, Z=28, M=58.69, Block d, Ox.states [2], Ionic radius: 69.0 pm, charge=2, coord=VI, EN: 1.91 and Al at 1%. Al (Aluminum): Period 3, Z=13, M=26.98, Block p, Ox.states [3], Ionic radius: 39.0 pm, charge=3, coord=IV, EN: 1.61 (resistance)"
GST,"Ni,Al","1%,4%",153.2050561487803,335.66771943028044,335.86627661878924,182.66122047000894,6.491886842832827,353.15315315315314,False,"GST doped with Ni at 1%. Ni (Nickel): Period 4, Z=28, M=58.69, Block d, Ox.states [2], Ionic radius: 69.0 pm, charge=2, coord=VI, EN: 1.91 and Al at 4%. Al (Aluminum): Period 3, Z=13, M=26.98, Block p, Ox.states [3], Ionic radius: 39.0 pm, charge=3, coord=IV, EN: 1.61 (resistance)"
GST,"Ni,Al","2%,3%",153.50221598205826,335.6670837777094,335.866149488275,182.36393350621677,7.235069559206199,335.4954954954955,False,"GST doped with Ni at 2%. Ni (Nickel): Period 4, Z=28, M=58.69, Block d, Ox.states [2], Ionic radius: 69.0 pm, charge=2, coord=VI, EN: 1.91 and Al at 3%. Al (Aluminum): Period 3, Z=13, M=26.98, Block p, Ox.states [3], Ionic radius: 39.0 pm, charge=3, coord=IV, EN: 1.61 (resistance)"
GST,"Ni,Al","3%,2%",71.34362631457572,321.97417136731696,325.7383311759946,254.39470486141886,5.448332817739505,201.80180180180182,False,"GST doped with Ni at 3%. Ni (Nickel): Period 4, Z=28, M=58.69, Block d, Ox.states [2], Ionic radius: 69.0 pm, charge=2, coord=VI, EN: 1.91 and Al at 2%. Al (Aluminum): Period 3, Z=13, M=26.98, Block p, Ox.states [3], Ionic radius: 39.0 pm, charge=3, coord=IV, EN: 1.61 (resistance)"
GST,"Ni,Al","4%,1%",103.30072327614067,325.8018127836408,338.79979629081544,235.49907301467476,5.959420463297594,335.4954954954955,False,"GST doped with Ni at 4%. Ni (Nickel): Period 4, Z=28, M=58.69, Block d, Ox.states [2], Ionic radius: 69.0 pm, charge=2, coord=VI, EN: 1.91 and Al at 1%. Al (Aluminum): Period 3, Z=13, M=26.98, Block p, Ox.states [3], Ionic radius: 39.0 pm, charge=3, coord=IV, EN: 1.61 (resistance)"
GST,"Ni,C","1%,1%",173.9864938574397,330.6232467867135,330.8213460540398,156.83485219660008,5.807254870109304,338.01801801801804,False,"GST doped with Ni at 1%. Ni (Nickel): Period 4, Z=28, M=58.69, Block d, Ox.states [2], Ionic radius: 69.0 pm, charge=2, coord=VI, EN: 1.91 and C at 1%. C (Carbon): Period 2, Z=6, M=12.01, Block p, Ox.states [-4,4], Ionic radius: -8.0 pm, charge=4, coord=III, EN: 2.55 (resistance)"
GST,"Ni,C","1%,4%",202.9860965515635,330.62333719923737,330.82136413654456,127.83526758498107,5.822730546271806,346.00600600600603,False,"GST doped with Ni at 1%. Ni (Nickel): Period 4, Z=28, M=58.69, Block d, Ox.states [2], Ionic radius: 69.0 pm, charge=2, coord=VI, EN: 1.91 and C at 4%. C (Carbon): Period 2, Z=6, M=12.01, Block p, Ox.states [-4,4], Ionic radius: -8.0 pm, charge=4, coord=III, EN: 2.55 (resistance)"
GST,"Ni,C","2%,3%",173.79759720620785,330.6213272816926,330.8209621530356,157.02336494682777,6.118214047298856,336.7567567567568,False,"GST doped with Ni at 2%. Ni (Nickel): Period 4, Z=28, M=58.69, Block d, Ox.states [2], Ionic radius: 69.0 pm, charge=2, coord=VI, EN: 1.91 and C at 3%. C (Carbon): Period 2, Z=6, M=12.01, Block p, Ox.states [-4,4], Ionic radius: -8.0 pm, charge=4, coord=III, EN: 2.55 (resistance)"
GST,"Ni,C","3%,2%",201.78149728374174,338.5902707399446,338.80514123507646,137.02364395133472,5.868659567286873,201.80180180180182,False,"GST doped with Ni at 3%. Ni (Nickel): Period 4, Z=28, M=58.69, Block d, Ox.states [2], Ionic radius: 69.0 pm, charge=2, coord=VI, EN: 1.91 and C at 2%. C (Carbon): Period 2, Z=6, M=12.01, Block p, Ox.states [-4,4], Ionic radius: -8.0 pm, charge=4, coord=III, EN: 2.55 (resistance)"
GST,"Ni,C","4%,1%",203.05455538094992,338.58116224962987,338.8033195370135,135.7487641560636,6.386897629558597,201.80180180180182,False,"GST doped with Ni at 4%. Ni (Nickel): Period 4, Z=28, M=58.69, Block d, Ox.states [2], Ionic radius: 69.0 pm, charge=2, coord=VI, EN: 1.91 and C at 1%. C (Carbon): Period 2, Z=6, M=12.01, Block p, Ox.states [-4,4], Ionic radius: -8.0 pm, charge=4, coord=III, EN: 2.55 (resistance)"
GST,"Ni,N","1%,1%",102.82150136243807,324.04114719194195,338.5794409248753,235.75793956243723,6.998756515225941,338.01801801801804,False,"GST doped with Ni at 1%. Ni (Nickel): Period 4, Z=28, M=58.69, Block d, Ox.states [2], Ionic radius: 69.0 pm, charge=2, coord=VI, EN: 1.91 and N at 1%. N (Nitrogen): Period 2, Z=7, M=14.01, Block p, Ox.states [-3,3,5], Ionic radius: 146.0 pm, charge=-3, coord=IV, EN: 3.04 (resistance)"
GST,"Ni,N","1%,4%",102.83706270317616,324.0413216502337,338.569903761562,235.73284105838582,7.101518767668155,338.01801801801804,False,"GST doped with Ni at 1%. Ni (Nickel): Period 4, Z=28, M=58.69, Block d, Ox.states [2], Ionic radius: 69.0 pm, charge=2, coord=VI, EN: 1.91 and N at 4%. N (Nitrogen): Period 2, Z=7, M=14.01, Block p, Ox.states [-3,3,5], Ionic radius: 146.0 pm, charge=-3, coord=IV, EN: 3.04 (resistance)"
GST,"Ni,N","2%,3%",105.39265304214071,323.88431245215173,338.2990613861712,232.90640834403052,6.0813249456359895,337.1771771771772,False,"GST doped with Ni at 2%. Ni (Nickel): Period 4, Z=28, M=58.69, Block d, Ox.states [2], Ionic radius: 69.0 pm, charge=2, coord=VI, EN: 1.91 and N at 3%. N (Nitrogen): Period 2, Z=7, M=14.01, Block p, Ox.states [-3,3,5], Ionic radius: 146.0 pm, charge=-3, coord=IV, EN: 3.04 (resistance)"
GST,"Ni,N","3%,2%",201.69292695889217,338.58879230830206,338.80484554874795,137.11191858985578,5.939362672026694,201.80180180180182,False,"GST doped with Ni at 3%. Ni (Nickel): Period 4, Z=28, M=58.69, Block d, Ox.states [2], Ionic radius: 69.0 pm, charge=2, coord=VI, EN: 1.91 and N at 2%. N (Nitrogen): Period 2, Z=7, M=14.01, Block p, Ox.states [-3,3,5], Ionic radius: 146.0 pm, charge=-3, coord=IV, EN: 3.04 (resistance)"
GST,"Ni,N","4%,1%",203.02627104289402,338.57422359319395,338.8019318057263,135.7756607628323,5.968865325306968,202.22222222222223,False,"GST doped with Ni at 4%. Ni (Nickel): Period 4, Z=28, M=58.69, Block d, Ox.states [2], Ionic radius: 69.0 pm, charge=2, coord=VI, EN: 1.91 and N at 1%. N (Nitrogen): Period 2, Z=7, M=14.01, Block p, Ox.states [-3,3,5], Ionic radius: 146.0 pm, charge=-3, coord=IV, EN: 3.04 (resistance)"
GST,"Ni,O","1%,1%",144.09095442968416,330.59439544463476,330.8155757856241,186.72462135593995,5.834788681968131,337.5975975975976,False,"GST doped with Ni at 1%. Ni (Nickel): Period 4, Z=28, M=58.69, Block d, Ox.states [2], Ionic radius: 69.0 pm, charge=2, coord=VI, EN: 1.91 and O at 1%. O (Oxygen): Period 2, Z=8, M=16.00, Block p, Ox.states [-2], Ionic radius: 135.0 pm, charge=-2, coord=II, EN: 3.44 (resistance)"
GST,"Ni,O","2%,3%",144.72846585429463,330.5891515878431,330.81452701426576,186.08606115997114,6.284165934770595,336.33633633633633,False,"GST doped with Ni at 2%. Ni (Nickel): Period 4, Z=28, M=58.69, Block d, Ox.states [2], Ionic radius: 69.0 pm, charge=2, coord=VI, EN: 1.91 and O at 3%. O (Oxygen): Period 2, Z=8, M=16.00, Block p, Ox.states [-2], Ionic radius: 135.0 pm, charge=-2, coord=II, EN: 3.44 (resistance)"
GST,"Ni,O","3%,2%",201.57268433583675,336.08391295119503,336.2858516593085,134.71316732347174,12.374541834045546,201.3813813813814,False,"GST doped with Ni at 3%. Ni (Nickel): Period 4, Z=28, M=58.69, Block d, Ox.states [2], Ionic radius: 69.0 pm, charge=2, coord=VI, EN: 1.91 and O at 2%. O (Oxygen): Period 2, Z=8, M=16.00, Block p, Ox.states [-2], Ionic radius: 135.0 pm, charge=-2, coord=II, EN: 3.44 (resistance)"
GST,"Ni,O","4%,1%",202.8152529518387,338.57346667517663,338.8017804221229,135.9865274702842,7.272644586462452,335.91591591591595,False,"GST doped with Ni at 4%. Ni (Nickel): Period 4, Z=28, M=58.69, Block d, Ox.states [2], Ionic radius: 69.0 pm, charge=2, coord=VI, EN: 1.91 and O at 1%. O (Oxygen): Period 2, Z=8, M=16.00, Block p, Ox.states [-2], Ionic radius: 135.0 pm, charge=-2, coord=II, EN: 3.44 (resistance)"
GST,"Ni,As","1%,1%",153.16967572128598,338.6031727132458,338.80772162973665,185.63804590845066,6.200897652624128,338.01801801801804,False,"GST doped with Ni at 1%. Ni (Nickel): Period 4, Z=28, M=58.69, Block d, Ox.states [2], Ionic radius: 69.0 pm, charge=2, coord=VI, EN: 1.91 and As at 1%. As (Arsenic): Period 4, Z=33, M=74.92, Block p, Ox.states [-3,3,5], Ionic radius: 33.5 pm, charge=5, coord=IV, EN: 2.18 (resistance)"
GST,"Ni,As","1%,4%",154.02537042384455,338.6039498805287,338.80787706319325,184.7825066393487,6.159847775070429,335.4954954954955,False,"GST doped with Ni at 1%. Ni (Nickel): Period 4, Z=28, M=58.69, Block d, Ox.states [2], Ionic radius: 69.0 pm, charge=2, coord=VI, EN: 1.91 and As at 4%. As (Arsenic): Period 4, Z=33, M=74.92, Block p, Ox.states [-3,3,5], Ionic radius: 33.5 pm, charge=5, coord=IV, EN: 2.18 (resistance)"
GST,"Ni,As","2%,3%",153.21784509057483,338.6009103313973,338.807269153367,185.58942406279215,6.196138117107122,335.4954954954955,False,"GST doped with Ni at 2%. Ni (Nickel): Period 4, Z=28, M=58.69, Block d, Ox.states [2], Ionic radius: 69.0 pm, charge=2, coord=VI, EN: 1.91 and As at 3%. As (Arsenic): Period 4, Z=33, M=74.92, Block p, Ox.states [-3,3,5], Ionic radius: 33.5 pm, charge=5, coord=IV, EN: 2.18 (resistance)"
GST,"Ni,As","3%,2%",191.70975958411518,338.60350543422896,338.8077881739333,147.09802858981814,9.926232052795207,335.4954954954955,False,"GST doped with Ni at 3%. Ni (Nickel): Period 4, Z=28, M=58.69, Block d, Ox.states [2], Ionic radius: 69.0 pm, charge=2, coord=VI, EN: 1.91 and As at 2%. As (Arsenic): Period 4, Z=33, M=74.92, Block p, Ox.states [-3,3,5], Ionic radius: 33.5 pm, charge=5, coord=IV, EN: 2.18 (resistance)"
GST,"Ni,As","4%,1%",202.83861147226662,338.60242356755947,338.8075718005994,135.9689603283328,5.6454650375055735,335.4954954954955,False,"GST doped with Ni at 4%. Ni (Nickel): Period 4, Z=28, M=58.69, Block d, Ox.states [2], Ionic radius: 69.0 pm, charge=2, coord=VI, EN: 1.91 and As at 1%. As (Arsenic): Period 4, Z=33, M=74.92, Block p, Ox.states [-3,3,5], Ionic radius: 33.5 pm, charge=5, coord=IV, EN: 2.18 (resistance)"
GST,"Ni,In","1%,1%",152.78763182298084,325.5681826608414,325.77429719282935,172.9866653698485,7.456663067555411,201.80180180180182,False,"GST doped with Ni at 1%. Ni (Nickel): Period 4, Z=28, M=58.69, Block d, Ox.states [2], Ionic radius: 69.0 pm, charge=2, coord=VI, EN: 1.91 and In at 1%. In (Indium): Period 5, Z=49, M=114.82, Block p, Ox.states [3], Ionic radius: 80.0 pm, charge=3, coord=VI, EN: 1.78 (resistance)"
GST,"Ni,In","1%,4%",173.92107874096118,336.0453381281149,336.27813669469253,162.35705795373136,6.868828271886651,354.83483483483485,False,"GST doped with Ni at 1%. Ni (Nickel): Period 4, Z=28, M=58.69, Block d, Ox.states [2], Ionic radius: 69.0 pm, charge=2, coord=VI, EN: 1.91 and In at 4%. In (Indium): Period 5, Z=49, M=114.82, Block p, Ox.states [3], Ionic radius: 80.0 pm, charge=3, coord=VI, EN: 1.78 (resistance)"
GST,"Ni,In","2%,3%",152.99496606029624,335.66855854935534,335.86644444260423,182.871478382308,5.885831501089611,335.07507507507506,False,"GST doped with Ni at 2%. Ni (Nickel): Period 4, Z=28, M=58.69, Block d, Ox.states [2], Ionic radius: 69.0 pm, charge=2, coord=VI, EN: 1.91 and In at 3%. In (Indium): Period 5, Z=49, M=114.82, Block p, Ox.states [3], Ionic radius: 80.0 pm, charge=3, coord=VI, EN: 1.78 (resistance)"
GST,"Ni,In","3%,2%",112.73195960705769,325.5762825576257,325.7759171721862,213.04395756512852,5.824868065419569,201.3813813813814,False,"GST doped with Ni at 3%. Ni (Nickel): Period 4, Z=28, M=58.69, Block d, Ox.states [2], Ionic radius: 69.0 pm, charge=2, coord=VI, EN: 1.91 and In at 2%. In (Indium): Period 5, Z=49, M=114.82, Block p, Ox.states [3], Ionic radius: 80.0 pm, charge=3, coord=VI, EN: 1.78 (resistance)"
GST,"Ni,In","4%,1%",113.58095534403526,325.5765153721497,325.775963735091,212.19500839105575,5.338708169787946,202.22222222222223,False,"GST doped with Ni at 4%. Ni (Nickel): Period 4, Z=28, M=58.69, Block d, Ox.states [2], Ionic radius: 69.0 pm, charge=2, coord=VI, EN: 1.91 and In at 1%. In (Indium): Period 5, Z=49, M=114.82, Block p, Ox.states [3], Ionic radius: 80.0 pm, charge=3, coord=VI, EN: 1.78 (resistance)"
GST,"Ni,Se","1%,1%",152.32754782358256,338.6089338728911,338.8088738616657,186.48132603808313,9.613219770539107,335.4954954954955,False,"GST doped with Ni at 1%. Ni (Nickel): Period 4, Z=28, M=58.69, Block d, Ox.states [2], Ionic radius: 69.0 pm, charge=2, coord=VI, EN: 1.91 and Se at 1%. Se (Selenium): Period 4, Z=34, M=78.97, Block p, Ox.states [-2,2,4,6], Ionic radius: 28.000000000000004 pm, charge=6, coord=IV, EN: 2.55 (resistance)"
GST,"Ni,Se","1%,4%",152.45626822203027,338.609107514058,338.8089085898991,186.35264036786882,9.573034757104635,335.4954954954955,False,"GST doped with Ni at 1%. Ni (Nickel): Period 4, Z=28, M=58.69, Block d, Ox.states [2], Ionic radius: 69.0 pm, charge=2, coord=VI, EN: 1.91 and Se at 4%. Se (Selenium): Period 4, Z=34, M=78.97, Block p, Ox.states [-2,2,4,6], Ionic radius: 28.000000000000004 pm, charge=6, coord=IV, EN: 2.55 (resistance)"
GST,"Ni,Se","2%,3%",152.58403335819722,338.60694084486494,338.8084752560605,186.22444189786327,12.315691094028162,335.4954954954955,False,"GST doped with Ni at 2%. Ni (Nickel): Period 4, Z=28, M=58.69, Block d, Ox.states [2], Ionic radius: 69.0 pm, charge=2, coord=VI, EN: 1.91 and Se at 3%. Se (Selenium): Period 4, Z=34, M=78.97, Block p, Ox.states [-2,2,4,6], Ionic radius: 28.000000000000004 pm, charge=6, coord=IV, EN: 2.55 (resistance)"
GST,"Ni,Se","3%,2%",188.3393657819542,338.6098895084095,338.80906498876936,150.46969920681516,6.268926957079568,201.3813813813814,False,"GST doped with Ni at 3%. Ni (Nickel): Period 4, Z=28, M=58.69, Block d, Ox.states [2], Ionic radius: 69.0 pm, charge=2, coord=VI, EN: 1.91 and Se at 2%. Se (Selenium): Period 4, Z=34, M=78.97, Block p, Ox.states [-2,2,4,6], Ionic radius: 28.000000000000004 pm, charge=6, coord=IV, EN: 2.55 (resistance)"
GST,"Ni,Se","4%,1%",202.98929690194316,338.60757840615497,338.8086027683185,135.81930586637534,10.115815983111606,335.4954954954955,False,"GST doped with Ni at 4%. Ni (Nickel): Period 4, Z=28, M=58.69, Block d, Ox.states [2], Ionic radius: 69.0 pm, charge=2, coord=VI, EN: 1.91 and Se at 1%. Se (Selenium): Period 4, Z=34, M=78.97, Block p, Ox.states [-2,2,4,6], Ionic radius: 28.000000000000004 pm, charge=6, coord=IV, EN: 2.55 (resistance)"
GST,"Ni,TiO2","1%,1%",205.07589678157453,335.6673784180965,335.86620841635244,130.7903116347779,6.493746604079181,343.4834834834835,False,"GST doped with Ni at 1%. Ni (Nickel): Period 4, Z=28, M=58.69, Block d, Ox.states [2], Ionic radius: 69.0 pm, charge=2, coord=VI, EN: 1.91 and TiO2 at 1%. Ti (Titanium): Period 4, Z=22, M=47.87, Block d, Ox.states [4], Ionic radius: 67.0 pm, charge=3, coord=VI, EN: 1.54; O (Oxygen): Period 2, Z=8, M=16.00, Block p, Ox.states [-2], Ionic radius: 135.0 pm, charge=-2, coord=II, EN: 3.44 (resistance)"
GST,"Ni,TiO2","1%,4%",205.07767517722175,335.6672279553069,335.86617832379454,130.7885031465728,6.413331610864656,343.4834834834835,False,"GST doped with Ni at 1%. Ni (Nickel): Period 4, Z=28, M=58.69, Block d, Ox.states [2], Ionic radius: 69.0 pm, charge=2, coord=VI, EN: 1.91 and TiO2 at 4%. Ti (Titanium): Period 4, Z=22, M=47.87, Block d, Ox.states [4], Ionic radius: 67.0 pm, charge=3, coord=VI, EN: 1.54; O (Oxygen): Period 2, Z=8, M=16.00, Block p, Ox.states [-2], Ionic radius: 135.0 pm, charge=-2, coord=II, EN: 3.44 (resistance)"
GST,"Ni,TiO2","2%,3%",203.85099197896196,335.6674423373144,335.86622120019604,132.01522922123408,6.93505780521442,343.4834834834835,False,"GST doped with Ni at 2%. Ni (Nickel): Period 4, Z=28, M=58.69, Block d, Ox.states [2], Ionic radius: 69.0 pm, charge=2, coord=VI, EN: 1.91 and TiO2 at 3%. Ti (Titanium): Period 4, Z=22, M=47.87, Block d, Ox.states [4], Ionic radius: 67.0 pm, charge=3, coord=VI, EN: 1.54; O (Oxygen): Period 2, Z=8, M=16.00, Block p, Ox.states [-2], Ionic radius: 135.0 pm, charge=-2, coord=II, EN: 3.44 (resistance)"
GST,"Ni,TiO2","3%,2%",201.7704944390282,336.06663236933593,336.2823955429367,134.51190110390849,6.488653262806828,201.80180180180182,False,"GST doped with Ni at 3%. Ni (Nickel): Period 4, Z=28, M=58.69, Block d, Ox.states [2], Ionic radius: 69.0 pm, charge=2, coord=VI, EN: 1.91 and TiO2 at 2%. Ti (Titanium): Period 4, Z=22, M=47.87, Block d, Ox.states [4], Ionic radius: 67.0 pm, charge=3, coord=VI, EN: 1.54; O (Oxygen): Period 2, Z=8, M=16.00, Block p, Ox.states [-2], Ionic radius: 135.0 pm, charge=-2, coord=II, EN: 3.44 (resistance)"
GST,"Ni,TiO2","4%,1%",205.10781631684767,336.05535566551674,336.28014020217284,131.17232388532517,5.927286787599503,343.4834834834835,False,"GST doped with Ni at 4%. Ni (Nickel): Period 4, Z=28, M=58.69, Block d, Ox.states [2], Ionic radius: 69.0 pm, charge=2, coord=VI, EN: 1.91 and TiO2 at 1%. Ti (Titanium): Period 4, Z=22, M=47.87, Block d, Ox.states [4], Ionic radius: 67.0 pm, charge=3, coord=VI, EN: 1.54; O (Oxygen): Period 2, Z=8, M=16.00, Block p, Ox.states [-2], Ionic radius: 135.0 pm, charge=-2, coord=II, EN: 3.44 (resistance)"
GST,"Ni,ZnO","1%,1%",66.38202964620021,161.82958310134583,297.9820120194373,231.5999823732371,7.854242185199437,324.5645645645646,False,"GST doped with Ni at 1%. Ni (Nickel): Period 4, Z=28, M=58.69, Block d, Ox.states [2], Ionic radius: 69.0 pm, charge=2, coord=VI, EN: 1.91 and ZnO at 1%. Zn (Zinc): Period 4, Z=30, M=65.38, Block d, Ox.states [2], Ionic radius: 60.0 pm, charge=2, coord=IV, EN: 1.65; O (Oxygen): Period 2, Z=8, M=16.00, Block p, Ox.states [-2], Ionic radius: 135.0 pm, charge=-2, coord=II, EN: 3.44 (resistance)"
GST,"Ni,ZnO","1%,4%",66.63345951440061,207.5911410001708,324.8812538271978,258.24779431279717,7.879882688504912,324.5645645645646,False,"GST doped with Ni at 1%. Ni (Nickel): Period 4, Z=28, M=58.69, Block d, Ox.states [2], Ionic radius: 69.0 pm, charge=2, coord=VI, EN: 1.91 and ZnO at 4%. Zn (Zinc): Period 4, Z=30, M=65.38, Block d, Ox.states [2], Ionic radius: 60.0 pm, charge=2, coord=IV, EN: 1.65; O (Oxygen): Period 2, Z=8, M=16.00, Block p, Ox.states [-2], Ionic radius: 135.0 pm, charge=-2, coord=II, EN: 3.44 (resistance)"
GST,"Ni,ZnO","2%,3%",68.02173847647988,170.65358097864785,297.9839457282404,229.96220725176056,6.824497247094833,304.8048048048048,False,"GST doped with Ni at 2%. Ni (Nickel): Period 4, Z=28, M=58.69, Block d, Ox.states [2], Ionic radius: 69.0 pm, charge=2, coord=VI, EN: 1.91 and ZnO at 3%. Zn (Zinc): Period 4, Z=30, M=65.38, Block d, Ox.states [2], Ionic radius: 60.0 pm, charge=2, coord=IV, EN: 1.65; O (Oxygen): Period 2, Z=8, M=16.00, Block p, Ox.states [-2], Ionic radius: 135.0 pm, charge=-2, coord=II, EN: 3.44 (resistance)"
GST,"Ni,ZnO","3%,2%",69.12219303422984,201.7725037541061,325.7922566029569,256.6700635687271,6.009521415186059,327.92792792792795,False,"GST doped with Ni at 3%. Ni (Nickel): Period 4, Z=28, M=58.69, Block d, Ox.states [2], Ionic radius: 69.0 pm, charge=2, coord=VI, EN: 1.91 and ZnO at 2%. Zn (Zinc): Period 4, Z=30, M=65.38, Block d, Ox.states [2], Ionic radius: 60.0 pm, charge=2, coord=IV, EN: 1.65; O (Oxygen): Period 2, Z=8, M=16.00, Block p, Ox.states [-2], Ionic radius: 135.0 pm, charge=-2, coord=II, EN: 3.44 (resistance)"
GST,"Ni,ZnO","4%,1%",202.43003758367152,336.07125743567093,336.2833205562037,133.85328297253218,5.799469241566772,335.4954954954955,False,"GST doped with Ni at 4%. Ni (Nickel): Period 4, Z=28, M=58.69, Block d, Ox.states [2], Ionic radius: 69.0 pm, charge=2, coord=VI, EN: 1.91 and ZnO at 1%. Zn (Zinc): Period 4, Z=30, M=65.38, Block d, Ox.states [2], Ionic radius: 60.0 pm, charge=2, coord=IV, EN: 1.65; O (Oxygen): Period 2, Z=8, M=16.00, Block p, Ox.states [-2], Ionic radius: 135.0 pm, charge=-2, coord=II, EN: 3.44 (resistance)"
GST,"Ni,SiO2","1%,1%",152.52627024443967,173.80490315151317,174.0042238735463,21.477953629106622,6.448587442338717,171.53153153153153,True,"GST doped with Ni at 1%. Ni (Nickel): Period 4, Z=28, M=58.69, Block d, Ox.states [2], Ionic radius: 69.0 pm, charge=2, coord=VI, EN: 1.91 and SiO2 at 1%. Si (Silicon): Period 3, Z=14, M=28.09, Block p, Ox.states [-4,4], Ionic radius: 26.0 pm, charge=4, coord=IV, EN: 1.9; O (Oxygen): Period 2, Z=8, M=16.00, Block p, Ox.states [-2], Ionic radius: 135.0 pm, charge=-2, coord=II, EN: 3.44 (resistance)"
GST,"Ni,SiO2","1%,4%",152.90253130750006,337.7657801359403,337.9675704416029,185.06503913410285,7.044217145565449,335.4954954954955,False,"GST doped with Ni at 1%. Ni (Nickel): Period 4, Z=28, M=58.69, Block d, Ox.states [2], Ionic radius: 69.0 pm, charge=2, coord=VI, EN: 1.91 and SiO2 at 4%. Si (Silicon): Period 3, Z=14, M=28.09, Block p, Ox.states [-4,4], Ionic radius: 26.0 pm, charge=4, coord=IV, EN: 1.9; O (Oxygen): Period 2, Z=8, M=16.00, Block p, Ox.states [-2], Ionic radius: 135.0 pm, charge=-2, coord=II, EN: 3.44 (resistance)"
GST,"Ni,SiO2","2%,3%",152.92930516934288,336.0620451148951,336.28147809204853,183.35217292270565,6.323665816467885,335.4954954954955,False,"GST doped with Ni at 2%. Ni (Nickel): Period 4, Z=28, M=58.69, Block d, Ox.states [2], Ionic radius: 69.0 pm, charge=2, coord=VI, EN: 1.91 and SiO2 at 3%. Si (Silicon): Period 3, Z=14, M=28.09, Block p, Ox.states [-4,4], Ionic radius: 26.0 pm, charge=4, coord=IV, EN: 1.9; O (Oxygen): Period 2, Z=8, M=16.00, Block p, Ox.states [-2], Ionic radius: 135.0 pm, charge=-2, coord=II, EN: 3.44 (resistance)"
GST,"Ni,SiO2","3%,2%",191.6921763515851,336.07981722690175,336.2850325144498,144.59285616286473,5.799721627809497,201.80180180180182,False,"GST doped with Ni at 3%. Ni (Nickel): Period 4, Z=28, M=58.69, Block d, Ox.states [2], Ionic radius: 69.0 pm, charge=2, coord=VI, EN: 1.91 and SiO2 at 2%. Si (Silicon): Period 3, Z=14, M=28.09, Block p, Ox.states [-4,4], Ionic radius: 26.0 pm, charge=4, coord=IV, EN: 1.9; O (Oxygen): Period 2, Z=8, M=16.00, Block p, Ox.states [-2], Ionic radius: 135.0 pm, charge=-2, coord=II, EN: 3.44 (resistance)"
GST,"Ni,SiO2","4%,1%",202.82272121922537,338.6062906746763,338.80834522202275,135.98562400279738,7.787289783152003,335.4954954954955,False,"GST doped with Ni at 4%. Ni (Nickel): Period 4, Z=28, M=58.69, Block d, Ox.states [2], Ionic radius: 69.0 pm, charge=2, coord=VI, EN: 1.91 and SiO2 at 1%. Si (Silicon): Period 3, Z=14, M=28.09, Block p, Ox.states [-4,4], Ionic radius: 26.0 pm, charge=4, coord=IV, EN: 1.9; O (Oxygen): Period 2, Z=8, M=16.00, Block p, Ox.states [-2], Ionic radius: 135.0 pm, charge=-2, coord=II, EN: 3.44 (resistance)"
GST,"Ni,Al2O3","1%,1%",149.22437485499637,330.5950595245239,330.8157086016019,181.59133374660553,6.257610820759233,170.2702702702703,False,"GST doped with Ni at 1%. Ni (Nickel): Period 4, Z=28, M=58.69, Block d, Ox.states [2], Ionic radius: 69.0 pm, charge=2, coord=VI, EN: 1.91 and Al2O3 at 1%. Al (Aluminum): Period 3, Z=13, M=26.98, Block p, Ox.states [3], Ionic radius: 39.0 pm, charge=3, coord=IV, EN: 1.61; O (Oxygen): Period 2, Z=8, M=16.00, Block p, Ox.states [-2], Ionic radius: 135.0 pm, charge=-2, coord=II, EN: 3.44 (resistance)"
GST,"Ni,Al2O3","1%,4%",153.20879042385255,330.6191415833479,330.8205250133667,177.61173458951416,5.926688279876229,343.4834834834835,False,"GST doped with Ni at 1%. Ni (Nickel): Period 4, Z=28, M=58.69, Block d, Ox.states [2], Ionic radius: 69.0 pm, charge=2, coord=VI, EN: 1.91 and Al2O3 at 4%. Al (Aluminum): Period 3, Z=13, M=26.98, Block p, Ox.states [3], Ionic radius: 39.0 pm, charge=3, coord=IV, EN: 1.61; O (Oxygen): Period 2, Z=8, M=16.00, Block p, Ox.states [-2], Ionic radius: 135.0 pm, charge=-2, coord=II, EN: 3.44 (resistance)"
GST,"Ni,Al2O3","2%,3%",153.33382554255306,330.61772592968674,330.82024188263443,177.48641634008138,7.035891196448404,322.04204204204206,False,"GST doped with Ni at 2%. Ni (Nickel): Period 4, Z=28, M=58.69, Block d, Ox.states [2], Ionic radius: 69.0 pm, charge=2, coord=VI, EN: 1.91 and Al2O3 at 3%. Al (Aluminum): Period 3, Z=13, M=26.98, Block p, Ox.states [3], Ionic radius: 39.0 pm, charge=3, coord=IV, EN: 1.61; O (Oxygen): Period 2, Z=8, M=16.00, Block p, Ox.states [-2], Ionic radius: 135.0 pm, charge=-2, coord=II, EN: 3.44 (resistance)"
GST,"Ni,Al2O3","3%,2%",191.68703516976234,331.45545181368516,331.6604597321068,139.97342456234446,5.981989555954433,335.4954954954955,False,"GST doped with Ni at 3%. Ni (Nickel): Period 4, Z=28, M=58.69, Block d, Ox.states [2], Ionic radius: 69.0 pm, charge=2, coord=VI, EN: 1.91 and Al2O3 at 2%. Al (Aluminum): Period 3, Z=13, M=26.98, Block p, Ox.states [3], Ionic radius: 39.0 pm, charge=3, coord=IV, EN: 1.61; O (Oxygen): Period 2, Z=8, M=16.00, Block p, Ox.states [-2], Ionic radius: 135.0 pm, charge=-2, coord=II, EN: 3.44 (resistance)"
GST,"Ni,Al2O3","4%,1%",202.95049489329622,336.07231244199875,336.28353155746925,133.33303666417302,5.762037615313686,335.4954954954955,False,"GST doped with Ni at 4%. Ni (Nickel): Period 4, Z=28, M=58.69, Block d, Ox.states [2], Ionic radius: 69.0 pm, charge=2, coord=VI, EN: 1.91 and Al2O3 at 1%. Al (Aluminum): Period 3, Z=13, M=26.98, Block p, Ox.states [3], Ionic radius: 39.0 pm, charge=3, coord=IV, EN: 1.61; O (Oxygen): Period 2, Z=8, M=16.00, Block p, Ox.states [-2], Ionic radius: 135.0 pm, charge=-2, coord=II, EN: 3.44 (resistance)"
GST,"Ni,In2Se3","1%,1%",201.6172330356523,336.0851553823823,336.28610014554596,134.66886710989365,6.799221755597639,343.06306306306305,False,"GST doped with Ni at 1%. Ni (Nickel): Period 4, Z=28, M=58.69, Block d, Ox.states [2], Ionic radius: 69.0 pm, charge=2, coord=VI, EN: 1.91 and In2Se3 at 1%. In (Indium): Period 5, Z=49, M=114.82, Block p, Ox.states [3], Ionic radius: 80.0 pm, charge=3, coord=VI, EN: 1.78; Se (Selenium): Period 4, Z=34, M=78.97, Block p, Ox.states [-2,2,4,6], Ionic radius: 28.000000000000004 pm, charge=6, coord=IV, EN: 2.55 (resistance)"
GST,"Ni,In2Se3","1%,4%",201.67294052743094,338.60894937494965,338.8088769620774,137.13593643464648,6.843884088912315,343.06306306306305,False,"GST doped with Ni at 1%. Ni (Nickel): Period 4, Z=28, M=58.69, Block d, Ox.states [2], Ionic radius: 69.0 pm, charge=2, coord=VI, EN: 1.91 and In2Se3 at 4%. In (Indium): Period 5, Z=49, M=114.82, Block p, Ox.states [3], Ionic radius: 80.0 pm, charge=3, coord=VI, EN: 1.78; Se (Selenium): Period 4, Z=34, M=78.97, Block p, Ox.states [-2,2,4,6], Ionic radius: 28.000000000000004 pm, charge=6, coord=IV, EN: 2.55 (resistance)"
GST,"Ni,In2Se3","2%,3%",187.41788112331764,336.0854404612756,336.2861571613246,148.86827603800694,5.333543007684209,343.06306306306305,False,"GST doped with Ni at 2%. Ni (Nickel): Period 4, Z=28, M=58.69, Block d, Ox.states [2], Ionic radius: 69.0 pm, charge=2, coord=VI, EN: 1.91 and In2Se3 at 3%. In (Indium): Period 5, Z=49, M=114.82, Block p, Ox.states [3], Ionic radius: 80.0 pm, charge=3, coord=VI, EN: 1.78; Se (Selenium): Period 4, Z=34, M=78.97, Block p, Ox.states [-2,2,4,6], Ionic radius: 28.000000000000004 pm, charge=6, coord=IV, EN: 2.55 (resistance)"
GST,"Ni,In2Se3","3%,2%",191.5254561078098,201.97339885489507,202.1724575487572,10.647001440947406,6.319368096214646,200.96096096096096,True,"GST doped with Ni at 3%. Ni (Nickel): Period 4, Z=28, M=58.69, Block d, Ox.states [2], Ionic radius: 69.0 pm, charge=2, coord=VI, EN: 1.91 and In2Se3 at 2%. In (Indium): Period 5, Z=49, M=114.82, Block p, Ox.states [3], Ionic radius: 80.0 pm, charge=3, coord=VI, EN: 1.78; Se (Selenium): Period 4, Z=34, M=78.97, Block p, Ox.states [-2,2,4,6], Ionic radius: 28.000000000000004 pm, charge=6, coord=IV, EN: 2.55 (resistance)"
GST,"Ni,In2Se3","4%,1%",201.894019125278,338.60909551372686,338.80890618983284,136.91488706455485,7.234293182532855,335.4954954954955,False,"GST doped with Ni at 4%. Ni (Nickel): Period 4, Z=28, M=58.69, Block d, Ox.states [2], Ionic radius: 69.0 pm, charge=2, coord=VI, EN: 1.91 and In2Se3 at 1%. In (Indium): Period 5, Z=49, M=114.82, Block p, Ox.states [3], Ionic radius: 80.0 pm, charge=3, coord=VI, EN: 1.78; Se (Selenium): Period 4, Z=34, M=78.97, Block p, Ox.states [-2,2,4,6], Ionic radius: 28.000000000000004 pm, charge=6, coord=IV, EN: 2.55 (resistance)"
GST,"W,Ti","1%,1%",149.4286809872575,155.72302674130955,155.92538612904312,6.496705141785611,7.676716622680589,155.55555555555557,True,"GST doped with W at 1%. W (Tungsten): Period 6, Z=74, M=183.84, Block d, Ox.states [4,6], Ionic radius: 42.0 pm, charge=6, coord=IV, EN: 1.7 and Ti at 1%. Ti (Titanium): Period 4, Z=22, M=47.87, Block d, Ox.states [4], Ionic radius: 67.0 pm, charge=3, coord=VI, EN: 1.54 (resistance)"
GST,"W,Ti","1%,4%",149.46172249204997,161.60638073474595,161.8107656364391,12.349043144389128,7.697267733727539,161.44144144144144,True,"GST doped with W at 1%. W (Tungsten): Period 6, Z=74, M=183.84, Block d, Ox.states [4,6], Ionic radius: 42.0 pm, charge=6, coord=IV, EN: 1.7 and Ti at 4%. Ti (Titanium): Period 4, Z=22, M=47.87, Block d, Ox.states [4], Ionic radius: 67.0 pm, charge=3, coord=VI, EN: 1.54 (resistance)"
GST,"W,Ti","2%,3%",149.52504997694277,162.44708876473425,162.65157991510944,13.12652993816667,8.020096135498937,169.00900900900902,True,"GST doped with W at 2%. W (Tungsten): Period 6, Z=74, M=183.84, Block d, Ox.states [4,6], Ionic radius: 42.0 pm, charge=6, coord=IV, EN: 1.7 and Ti at 3%. Ti (Titanium): Period 4, Z=22, M=47.87, Block d, Ox.states [4], Ionic radius: 67.0 pm, charge=3, coord=VI, EN: 1.54 (resistance)"
GST,"W,Ti","3%,2%",179.24551261793042,328.50985517324904,328.71698604966525,149.47147343173484,7.183219168930064,330.4504504504505,False,"GST doped with W at 3%. W (Tungsten): Period 6, Z=74, M=183.84, Block d, Ox.states [4,6], Ionic radius: 42.0 pm, charge=6, coord=IV, EN: 1.7 and Ti at 2%. Ti (Titanium): Period 4, Z=22, M=47.87, Block d, Ox.states [4], Ionic radius: 67.0 pm, charge=3, coord=VI, EN: 1.54 (resistance)"
GST,"W,Ti","4%,1%",202.68928899904444,332.2671478210746,332.49547160625747,129.80618260721303,8.027775351060757,338.4384384384384,False,"GST doped with W at 4%. W (Tungsten): Period 6, Z=74, M=183.84, Block d, Ox.states [4,6], Ionic radius: 42.0 pm, charge=6, coord=IV, EN: 1.7 and Ti at 1%. Ti (Titanium): Period 4, Z=22, M=47.87, Block d, Ox.states [4], Ionic radius: 67.0 pm, charge=3, coord=VI, EN: 1.54 (resistance)"
GST,"W,Cu","1%,1%",134.51246610861617,151.52525908589394,151.7224692345966,17.21000312598042,8.506697981077204,151.77177177177177,True,"GST doped with W at 1%. W (Tungsten): Period 6, Z=74, M=183.84, Block d, Ox.states [4,6], Ionic radius: 42.0 pm, charge=6, coord=IV, EN: 1.7 and Cu at 1%. Cu (Copper): Period 4, Z=29, M=63.55, Block d, Ox.states [2], Ionic radius: 56.99999999999999 pm, charge=2, coord=IVSQ, EN: 1.9 (resistance)"
GST,"W,Cu","1%,4%",134.24935135819223,151.52659984821253,151.7227373870603,17.473386028868077,8.530543094762178,151.77177177177177,True,"GST doped with W at 1%. W (Tungsten): Period 6, Z=74, M=183.84, Block d, Ox.states [4,6], Ionic radius: 42.0 pm, charge=6, coord=IV, EN: 1.7 and Cu at 4%. Cu (Copper): Period 4, Z=29, M=63.55, Block d, Ox.states [2], Ionic radius: 56.99999999999999 pm, charge=2, coord=IVSQ, EN: 1.9 (resistance)"
GST,"W,Cu","2%,3%",120.71044069479618,151.5140479742884,151.7202270122755,31.009786317479325,7.994721161327991,151.77177177177177,False,"GST doped with W at 2%. W (Tungsten): Period 6, Z=74, M=183.84, Block d, Ox.states [4,6], Ionic radius: 42.0 pm, charge=6, coord=IV, EN: 1.7 and Cu at 3%. Cu (Copper): Period 4, Z=29, M=63.55, Block d, Ox.states [2], Ionic radius: 56.99999999999999 pm, charge=2, coord=IVSQ, EN: 1.9 (resistance)"
GST,"W,Cu","3%,2%",129.03496785736712,181.7675621803858,181.98714606971123,52.95217821234411,7.816484642327634,182.46246246246247,False,"GST doped with W at 3%. W (Tungsten): Period 6, Z=74, M=183.84, Block d, Ox.states [4,6], Ionic radius: 42.0 pm, charge=6, coord=IV, EN: 1.7 and Cu at 2%. Cu (Copper): Period 4, Z=29, M=63.55, Block d, Ox.states [2], Ionic radius: 56.99999999999999 pm, charge=2, coord=IVSQ, EN: 1.9 (resistance)"
GST,"W,Cu","4%,1%",130.1833283721882,332.27588025307676,332.4972180926579,202.31388972046966,8.944553475365181,330.4504504504505,False,"GST doped with W at 4%. W (Tungsten): Period 6, Z=74, M=183.84, Block d, Ox.states [4,6], Ionic radius: 42.0 pm, charge=6, coord=IV, EN: 1.7 and Cu at 1%. Cu (Copper): Period 4, Z=29, M=63.55, Block d, Ox.states [2], Ionic radius: 56.99999999999999 pm, charge=2, coord=IVSQ, EN: 1.9 (resistance)"
GST,"W,Zn","1%,1%",127.28911712643196,151.52859580652108,151.723136578722,24.434019452290045,10.877091763310467,151.77177177177177,True,"GST doped with W at 1%. W (Tungsten): Period 6, Z=74, M=183.84, Block d, Ox.states [4,6], Ionic radius: 42.0 pm, charge=6, coord=IV, EN: 1.7 and Zn at 1%. Zn (Zinc): Period 4, Z=30, M=65.38, Block d, Ox.states [2], Ionic radius: 60.0 pm, charge=2, coord=IV, EN: 1.65 (resistance)"
GST,"W,Zn","1%,4%",127.26174858700686,151.5300533730257,151.72342809202294,24.46167950501608,10.940878128875493,151.77177177177177,True,"GST doped with W at 1%. W (Tungsten): Period 6, Z=74, M=183.84, Block d, Ox.states [4,6], Ionic radius: 42.0 pm, charge=6, coord=IV, EN: 1.7 and Zn at 4%. Zn (Zinc): Period 4, Z=30, M=65.38, Block d, Ox.states [2], Ionic radius: 60.0 pm, charge=2, coord=IV, EN: 1.65 (resistance)"
GST,"W,Zn","2%,3%",127.3955710143141,152.3496131971863,152.56001272952778,25.164441715213684,11.206448895942282,152.61261261261262,True,"GST doped with W at 2%. W (Tungsten): Period 6, Z=74, M=183.84, Block d, Ox.states [4,6], Ionic radius: 42.0 pm, charge=6, coord=IV, EN: 1.7 and Zn at 3%. Zn (Zinc): Period 4, Z=30, M=65.38, Block d, Ox.states [2], Ionic radius: 60.0 pm, charge=2, coord=IV, EN: 1.65 (resistance)"
GST,"W,Zn","3%,2%",111.79858994066205,180.50598067406375,180.72582075943782,68.92723081877577,12.541975937561746,180.36036036036037,False,"GST doped with W at 3%. W (Tungsten): Period 6, Z=74, M=183.84, Block d, Ox.states [4,6], Ionic radius: 42.0 pm, charge=6, coord=IV, EN: 1.7 and Zn at 2%. Zn (Zinc): Period 4, Z=30, M=65.38, Block d, Ox.states [2], Ionic radius: 60.0 pm, charge=2, coord=IV, EN: 1.65 (resistance)"
GST,"W,Zn","4%,1%",127.29987665494708,332.28954944644306,332.4999519313311,205.20007527638404,14.050784894613782,345.1651651651652,False,"GST doped with W at 4%. W (Tungsten): Period 6, Z=74, M=183.84, Block d, Ox.states [4,6], Ionic radius: 42.0 pm, charge=6, coord=IV, EN: 1.7 and Zn at 1%. Zn (Zinc): Period 4, Z=30, M=65.38, Block d, Ox.states [2], Ionic radius: 60.0 pm, charge=2, coord=IV, EN: 1.65 (resistance)"
GST,"W,Al","1%,1%",149.33868915659642,151.52797226215534,151.72301186984888,2.384322713252459,7.751696413043643,151.77177177177177,False,"GST doped with W at 1%. W (Tungsten): Period 6, Z=74, M=183.84, Block d, Ox.states [4,6], Ionic radius: 42.0 pm, charge=6, coord=IV, EN: 1.7 and Al at 1%. Al (Aluminum): Period 3, Z=13, M=26.98, Block p, Ox.states [3], Ionic radius: 39.0 pm, charge=3, coord=IV, EN: 1.61 (resistance)"
GST,"W,Al","1%,4%",149.3395854337551,151.52887879677928,151.72319317677366,2.3836077430185583,7.691228060764701,151.77177177177177,False,"GST doped with W at 1%. W (Tungsten): Period 6, Z=74, M=183.84, Block d, Ox.states [4,6], Ionic radius: 42.0 pm, charge=6, coord=IV, EN: 1.7 and Al at 4%. Al (Aluminum): Period 3, Z=13, M=26.98, Block p, Ox.states [3], Ionic radius: 39.0 pm, charge=3, coord=IV, EN: 1.61 (resistance)"
GST,"W,Al","2%,3%",149.34126913819046,151.53247966649775,151.72391335071734,2.382644212526884,7.451545339015929,151.77177177177177,False,"GST doped with W at 2%. W (Tungsten): Period 6, Z=74, M=183.84, Block d, Ox.states [4,6], Ionic radius: 42.0 pm, charge=6, coord=IV, EN: 1.7 and Al at 3%. Al (Aluminum): Period 3, Z=13, M=26.98, Block p, Ox.states [3], Ionic radius: 39.0 pm, charge=3, coord=IV, EN: 1.61 (resistance)"
GST,"W,Al","3%,2%",128.88370568289,179.2603774292223,179.4676911014605,50.58398541857051,7.421324077111347,179.0990990990991,False,"GST doped with W at 3%. W (Tungsten): Period 6, Z=74, M=183.84, Block d, Ox.states [4,6], Ionic radius: 42.0 pm, charge=6, coord=IV, EN: 1.7 and Al at 2%. Al (Aluminum): Period 3, Z=13, M=26.98, Block p, Ox.states [3], Ionic radius: 39.0 pm, charge=3, coord=IV, EN: 1.61 (resistance)"
GST,"W,Al","4%,1%",149.3612177505031,156.52502059288332,156.75845757203058,7.397239821527478,6.037961457631226,156.3963963963964,True,"GST doped with W at 4%. W (Tungsten): Period 6, Z=74, M=183.84, Block d, Ox.states [4,6], Ionic radius: 42.0 pm, charge=6, coord=IV, EN: 1.7 and Al at 1%. Al (Aluminum): Period 3, Z=13, M=26.98, Block p, Ox.states [3], Ionic radius: 39.0 pm, charge=3, coord=IV, EN: 1.61 (resistance)"
GST,"W,C","1%,1%",147.45092076225626,151.52751252962815,151.72291992334343,4.271999161087166,7.098256185468231,151.77177177177177,False,"GST doped with W at 1%. W (Tungsten): Period 6, Z=74, M=183.84, Block d, Ox.states [4,6], Ionic radius: 42.0 pm, charge=6, coord=IV, EN: 1.7 and C at 1%. C (Carbon): Period 2, Z=6, M=12.01, Block p, Ox.states [-4,4], Ionic radius: -8.0 pm, charge=4, coord=III, EN: 2.55 (resistance)"
GST,"W,C","1%,4%",147.01581114048096,151.52875012435132,151.72316744228806,4.707356301807096,7.075674699445133,151.77177177177177,False,"GST doped with W at 1%. W (Tungsten): Period 6, Z=74, M=183.84, Block d, Ox.states [4,6], Ionic radius: 42.0 pm, charge=6, coord=IV, EN: 1.7 and C at 4%. C (Carbon): Period 2, Z=6, M=12.01, Block p, Ox.states [-4,4], Ionic radius: -8.0 pm, charge=4, coord=III, EN: 2.55 (resistance)"
GST,"W,C","2%,3%",147.44915010582113,151.53155778281996,151.7237289739818,4.27457886816066,8.4007973756663,151.77177177177177,False,"GST doped with W at 2%. W (Tungsten): Period 6, Z=74, M=183.84, Block d, Ox.states [4,6], Ionic radius: 42.0 pm, charge=6, coord=IV, EN: 1.7 and C at 3%. C (Carbon): Period 2, Z=6, M=12.01, Block p, Ox.states [-4,4], Ionic radius: -8.0 pm, charge=4, coord=III, EN: 2.55 (resistance)"
GST,"W,C","3%,2%",135.58724885651705,181.78651227120113,181.99093608787427,46.403687231357225,7.565279329631821,182.04204204204206,False,"GST doped with W at 3%. W (Tungsten): Period 6, Z=74, M=183.84, Block d, Ox.states [4,6], Ionic radius: 42.0 pm, charge=6, coord=IV, EN: 1.7 and C at 2%. C (Carbon): Period 2, Z=6, M=12.01, Block p, Ox.states [-4,4], Ionic radius: -8.0 pm, charge=4, coord=III, EN: 2.55 (resistance)"
GST,"W,C","4%,1%",140.33471211538966,333.56307457535036,333.76366596612155,193.4289538507319,6.384371007596599,332.13213213213214,False,"GST doped with W at 4%. W (Tungsten): Period 6, Z=74, M=183.84, Block d, Ox.states [4,6], Ionic radius: 42.0 pm, charge=6, coord=IV, EN: 1.7 and C at 1%. C (Carbon): Period 2, Z=6, M=12.01, Block p, Ox.states [-4,4], Ionic radius: -8.0 pm, charge=4, coord=III, EN: 2.55 (resistance)"
GST,"W,N","1%,1%",94.91939088478098,152.409792734349,153.78618154755884,58.86679066277786,5.941041476759155,153.8738738738739,False,"GST doped with W at 1%. W (Tungsten): Period 6, Z=74, M=183.84, Block d, Ox.states [4,6], Ionic radius: 42.0 pm, charge=6, coord=IV, EN: 1.7 and N at 1%. N (Nitrogen): Period 2, Z=7, M=14.01, Block p, Ox.states [-3,3,5], Ionic radius: 146.0 pm, charge=-3, coord=IV, EN: 3.04 (resistance)"
GST,"W,N","1%,4%",95.00323277988488,153.60619190214408,154.62660173613364,59.623368956248754,6.096778127608427,154.2942942942943,False,"GST doped with W at 1%. W (Tungsten): Period 6, Z=74, M=183.84, Block d, Ox.states [4,6], Ionic radius: 42.0 pm, charge=6, coord=IV, EN: 1.7 and N at 4%. N (Nitrogen): Period 2, Z=7, M=14.01, Block p, Ox.states [-3,3,5], Ionic radius: 146.0 pm, charge=-3, coord=IV, EN: 3.04 (resistance)"
GST,"W,N","2%,3%",93.26632457838802,153.65550655653462,154.9888638168046,61.72253923841659,6.156136126553209,154.71471471471472,False,"GST doped with W at 2%. W (Tungsten): Period 6, Z=74, M=183.84, Block d, Ox.states [4,6], Ionic radius: 42.0 pm, charge=6, coord=IV, EN: 1.7 and N at 3%. N (Nitrogen): Period 2, Z=7, M=14.01, Block p, Ox.states [-3,3,5], Ionic radius: 146.0 pm, charge=-3, coord=IV, EN: 3.04 (resistance)"
GST,"W,N","3%,2%",83.21773563418463,179.9701729777131,183.56504234546642,100.34730671128179,7.468344769265034,183.72372372372374,False,"GST doped with W at 3%. W (Tungsten): Period 6, Z=74, M=183.84, Block d, Ox.states [4,6], Ionic radius: 42.0 pm, charge=6, coord=IV, EN: 1.7 and N at 2%. N (Nitrogen): Period 2, Z=7, M=14.01, Block p, Ox.states [-3,3,5], Ionic radius: 146.0 pm, charge=-3, coord=IV, EN: 3.04 (resistance)"
GST,"W,N","4%,1%",185.76407995224028,331.86714692424107,332.07913509055436,146.31505513831408,9.301248778951143,330.03003003003005,False,"GST doped with W at 4%. W (Tungsten): Period 6, Z=74, M=183.84, Block d, Ox.states [4,6], Ionic radius: 42.0 pm, charge=6, coord=IV, EN: 1.7 and N at 1%. N (Nitrogen): Period 2, Z=7, M=14.01, Block p, Ox.states [-3,3,5], Ionic radius: 146.0 pm, charge=-3, coord=IV, EN: 3.04 (resistance)"
GST,"W,O","1%,1%",85.87515905221275,150.3589977534231,151.69289060771393,65.81773155550118,6.854004406805174,151.77177177177177,False,"GST doped with W at 1%. W (Tungsten): Period 6, Z=74, M=183.84, Block d, Ox.states [4,6], Ionic radius: 42.0 pm, charge=6, coord=IV, EN: 1.7 and O at 1%. O (Oxygen): Period 2, Z=8, M=16.00, Block p, Ox.states [-2], Ionic radius: 135.0 pm, charge=-2, coord=II, EN: 3.44 (resistance)"
GST,"W,O","2%,3%",84.52226128402289,150.39286793151132,151.69802198285262,67.17576069882973,6.679821134579174,151.77177177177177,False,"GST doped with W at 2%. W (Tungsten): Period 6, Z=74, M=183.84, Block d, Ox.states [4,6], Ionic radius: 42.0 pm, charge=6, coord=IV, EN: 1.7 and O at 3%. O (Oxygen): Period 2, Z=8, M=16.00, Block p, Ox.states [-2], Ionic radius: 135.0 pm, charge=-2, coord=II, EN: 3.44 (resistance)"
GST,"W,O","3%,2%",84.61010077752202,178.46128039559716,178.9787660234575,94.36866524593547,6.563003951833842,178.6786786786787,False,"GST doped with W at 3%. W (Tungsten): Period 6, Z=74, M=183.84, Block d, Ox.states [4,6], Ionic radius: 42.0 pm, charge=6, coord=IV, EN: 1.7 and O at 2%. O (Oxygen): Period 2, Z=8, M=16.00, Block p, Ox.states [-2], Ionic radius: 135.0 pm, charge=-2, coord=II, EN: 3.44 (resistance)"
GST,"W,O","4%,1%",140.2959308922759,333.5600739170239,333.76306583445626,193.46713494218037,7.1105601466314035,343.4834834834835,False,"GST doped with W at 4%. W (Tungsten): Period 6, Z=74, M=183.84, Block d, Ox.states [4,6], Ionic radius: 42.0 pm, charge=6, coord=IV, EN: 1.7 and O at 1%. O (Oxygen): Period 2, Z=8, M=16.00, Block p, Ox.states [-2], Ionic radius: 135.0 pm, charge=-2, coord=II, EN: 3.44 (resistance)"
GST,"W,As","1%,1%",128.90136703475312,151.52666709555686,151.72275083652917,22.82138380177605,9.404623680288953,151.77177177177177,True,"GST doped with W at 1%. W (Tungsten): Period 6, Z=74, M=183.84, Block d, Ox.states [4,6], Ionic radius: 42.0 pm, charge=6, coord=IV, EN: 1.7 and As at 1%. As (Arsenic): Period 4, Z=33, M=74.92, Block p, Ox.states [-3,3,5], Ionic radius: 33.5 pm, charge=5, coord=IV, EN: 2.18 (resistance)"
GST,"W,As","1%,4%",128.90371207778907,151.5281235457415,151.7230421265661,22.819330048777033,8.537064929025249,151.77177177177177,True,"GST doped with W at 1%. W (Tungsten): Period 6, Z=74, M=183.84, Block d, Ox.states [4,6], Ionic radius: 42.0 pm, charge=6, coord=IV, EN: 1.7 and As at 4%. As (Arsenic): Period 4, Z=33, M=74.92, Block p, Ox.states [-3,3,5], Ionic radius: 33.5 pm, charge=5, coord=IV, EN: 2.18 (resistance)"
GST,"W,As","2%,3%",134.29848026583875,151.53207772208322,151.72383296183443,17.425352695995684,8.556661788785972,151.77177177177177,True,"GST doped with W at 2%. W (Tungsten): Period 6, Z=74, M=183.84, Block d, Ox.states [4,6], Ionic radius: 42.0 pm, charge=6, coord=IV, EN: 1.7 and As at 3%. As (Arsenic): Period 4, Z=33, M=74.92, Block p, Ox.states [-3,3,5], Ionic radius: 33.5 pm, charge=5, coord=IV, EN: 2.18 (resistance)"
GST,"W,As","3%,2%",128.78063391102677,178.43739748489975,178.63042243992328,49.84978852889651,12.53879257359518,178.25825825825825,False,"GST doped with W at 3%. W (Tungsten): Period 6, Z=74, M=183.84, Block d, Ox.states [4,6], Ionic radius: 42.0 pm, charge=6, coord=IV, EN: 1.7 and As at 2%. As (Arsenic): Period 4, Z=33, M=74.92, Block p, Ox.states [-3,3,5], Ionic radius: 33.5 pm, charge=5, coord=IV, EN: 2.18 (resistance)"
GST,"W,As","4%,1%",129.0619665947829,157.8081845444006,158.02409937134303,28.96213277656014,6.774583073120956,157.65765765765767,True,"GST doped with W at 4%. W (Tungsten): Period 6, Z=74, M=183.84, Block d, Ox.states [4,6], Ionic radius: 42.0 pm, charge=6, coord=IV, EN: 1.7 and As at 1%. As (Arsenic): Period 4, Z=33, M=74.92, Block p, Ox.states [-3,3,5], Ionic radius: 33.5 pm, charge=5, coord=IV, EN: 2.18 (resistance)"
GST,"W,In","1%,1%",122.5615472723599,151.5234064539397,151.72209870820575,29.160551435845846,8.353555584482194,151.35135135135135,True,"GST doped with W at 1%. W (Tungsten): Period 6, Z=74, M=183.84, Block d, Ox.states [4,6], Ionic radius: 42.0 pm, charge=6, coord=IV, EN: 1.7 and In at 1%. In (Indium): Period 5, Z=49, M=114.82, Block p, Ox.states [3], Ionic radius: 80.0 pm, charge=3, coord=VI, EN: 1.78 (resistance)"
GST,"W,In","1%,4%",122.52942884926019,151.5259058584931,151.72259858911644,29.19316973985626,8.403702972635157,151.77177177177177,True,"GST doped with W at 1%. W (Tungsten): Period 6, Z=74, M=183.84, Block d, Ox.states [4,6], Ionic radius: 42.0 pm, charge=6, coord=IV, EN: 1.7 and In at 4%. In (Indium): Period 5, Z=49, M=114.82, Block p, Ox.states [3], Ionic radius: 80.0 pm, charge=3, coord=VI, EN: 1.78 (resistance)"
GST,"W,In","2%,3%",127.15189290373993,151.53079977009423,151.72357737143665,24.571684467696713,8.418780235331923,151.77177177177177,True,"GST doped with W at 2%. W (Tungsten): Period 6, Z=74, M=183.84, Block d, Ox.states [4,6], Ionic radius: 42.0 pm, charge=6, coord=IV, EN: 1.7 and In at 3%. In (Indium): Period 5, Z=49, M=114.82, Block p, Ox.states [3], Ionic radius: 80.0 pm, charge=3, coord=VI, EN: 1.78 (resistance)"
GST,"W,In","3%,2%",110.78633058464747,178.82683835963925,179.04464695120757,68.2583163665601,10.145532811794373,178.6786786786787,False,"GST doped with W at 3%. W (Tungsten): Period 6, Z=74, M=183.84, Block d, Ox.states [4,6], Ionic radius: 42.0 pm, charge=6, coord=IV, EN: 1.7 and In at 2%. In (Indium): Period 5, Z=49, M=114.82, Block p, Ox.states [3], Ionic radius: 80.0 pm, charge=3, coord=VI, EN: 1.78 (resistance)"
GST,"W,In","4%,1%",122.78481415507221,247.3773936976082,247.57758084162415,124.79276668655194,8.445995211454006,277.47747747747746,False,"GST doped with W at 4%. W (Tungsten): Period 6, Z=74, M=183.84, Block d, Ox.states [4,6], Ionic radius: 42.0 pm, charge=6, coord=IV, EN: 1.7 and In at 1%. In (Indium): Period 5, Z=49, M=114.82, Block p, Ox.states [3], Ionic radius: 80.0 pm, charge=3, coord=VI, EN: 1.78 (resistance)"
GST,"W,Se","1%,1%",130.60047791921448,150.26121621959246,150.46065165232733,19.860173733112845,7.154374611169189,150.51051051051053,True,"GST doped with W at 1%. W (Tungsten): Period 6, Z=74, M=183.84, Block d, Ox.states [4,6], Ionic radius: 42.0 pm, charge=6, coord=IV, EN: 1.7 and Se at 1%. Se (Selenium): Period 4, Z=34, M=78.97, Block p, Ox.states [-2,2,4,6], Ionic radius: 28.000000000000004 pm, charge=6, coord=IV, EN: 2.55 (resistance)"
GST,"W,Se","1%,4%",130.6684416193164,150.65984365427337,150.87671347559987,20.20827185628346,7.149440768224036,150.93093093093094,True,"GST doped with W at 1%. W (Tungsten): Period 6, Z=74, M=183.84, Block d, Ox.states [4,6], Ionic radius: 42.0 pm, charge=6, coord=IV, EN: 1.7 and Se at 4%. Se (Selenium): Period 4, Z=34, M=78.97, Block p, Ox.states [-2,2,4,6], Ionic radius: 28.000000000000004 pm, charge=6, coord=IV, EN: 2.55 (resistance)"
GST,"W,Se","2%,3%",133.8842731202303,150.67257466609232,150.87925967796363,16.99498655773334,7.070324337978505,150.93093093093094,True,"GST doped with W at 2%. W (Tungsten): Period 6, Z=74, M=183.84, Block d, Ox.states [4,6], Ionic radius: 42.0 pm, charge=6, coord=IV, EN: 1.7 and Se at 3%. Se (Selenium): Period 4, Z=34, M=78.97, Block p, Ox.states [-2,2,4,6], Ionic radius: 28.000000000000004 pm, charge=6, coord=IV, EN: 2.55 (resistance)"
GST,"W,Se","3%,2%",130.31951132048124,176.31691509738127,176.52464428073793,46.20513296025669,5.6305165241603525,176.57657657657657,False,"GST doped with W at 3%. W (Tungsten): Period 6, Z=74, M=183.84, Block d, Ox.states [4,6], Ionic radius: 42.0 pm, charge=6, coord=IV, EN: 1.7 and Se at 2%. Se (Selenium): Period 4, Z=34, M=78.97, Block p, Ox.states [-2,2,4,6], Ionic radius: 28.000000000000004 pm, charge=6, coord=IV, EN: 2.55 (resistance)"
GST,"W,Se","4%,1%",132.04642887667887,153.62392068231154,153.82388323556182,21.77745435888295,7.157572960154624,153.45345345345345,True,"GST doped with W at 4%. W (Tungsten): Period 6, Z=74, M=183.84, Block d, Ox.states [4,6], Ionic radius: 42.0 pm, charge=6, coord=IV, EN: 1.7 and Se at 1%. Se (Selenium): Period 4, Z=34, M=78.97, Block p, Ox.states [-2,2,4,6], Ionic radius: 28.000000000000004 pm, charge=6, coord=IV, EN: 2.55 (resistance)"
GST,"W,TiO2","1%,1%",128.9184335676149,155.69879321099503,155.92053942298023,27.00210585536533,7.009833977814672,155.55555555555557,True,"GST doped with W at 1%. W (Tungsten): Period 6, Z=74, M=183.84, Block d, Ox.states [4,6], Ionic radius: 42.0 pm, charge=6, coord=IV, EN: 1.7 and TiO2 at 1%. Ti (Titanium): Period 4, Z=22, M=47.87, Block d, Ox.states [4], Ionic radius: 67.0 pm, charge=3, coord=VI, EN: 1.54; O (Oxygen): Period 2, Z=8, M=16.00, Block p, Ox.states [-2], Ionic radius: 135.0 pm, charge=-2, coord=II, EN: 3.44 (resistance)"
GST,"W,TiO2","1%,4%",127.36561794815495,159.90253839912876,160.12465182397034,32.75903387581539,7.19830794052136,161.44144144144144,False,"GST doped with W at 1%. W (Tungsten): Period 6, Z=74, M=183.84, Block d, Ox.states [4,6], Ionic radius: 42.0 pm, charge=6, coord=IV, EN: 1.7 and TiO2 at 4%. Ti (Titanium): Period 4, Z=22, M=47.87, Block d, Ox.states [4], Ionic radius: 67.0 pm, charge=3, coord=VI, EN: 1.54; O (Oxygen): Period 2, Z=8, M=16.00, Block p, Ox.states [-2], Ionic radius: 135.0 pm, charge=-2, coord=II, EN: 3.44 (resistance)"
GST,"W,TiO2","2%,3%",150.43435963845656,159.93013843879905,160.13017183190433,9.695812193447779,7.353429042379581,161.44144144144144,True,"GST doped with W at 2%. W (Tungsten): Period 6, Z=74, M=183.84, Block d, Ox.states [4,6], Ionic radius: 42.0 pm, charge=6, coord=IV, EN: 1.7 and TiO2 at 3%. Ti (Titanium): Period 4, Z=22, M=47.87, Block d, Ox.states [4], Ionic radius: 67.0 pm, charge=3, coord=VI, EN: 1.54; O (Oxygen): Period 2, Z=8, M=16.00, Block p, Ox.states [-2], Ionic radius: 135.0 pm, charge=-2, coord=II, EN: 3.44 (resistance)"
GST,"W,TiO2","3%,2%",178.52784415984988,328.51435838623985,328.7178866922634,150.1900425324135,8.823836405573939,343.4834834834835,False,"GST doped with W at 3%. W (Tungsten): Period 6, Z=74, M=183.84, Block d, Ox.states [4,6], Ionic radius: 42.0 pm, charge=6, coord=IV, EN: 1.7 and TiO2 at 2%. Ti (Titanium): Period 4, Z=22, M=47.87, Block d, Ox.states [4], Ionic radius: 67.0 pm, charge=3, coord=VI, EN: 1.54; O (Oxygen): Period 2, Z=8, M=16.00, Block p, Ox.states [-2], Ionic radius: 135.0 pm, charge=-2, coord=II, EN: 3.44 (resistance)"
GST,"W,TiO2","4%,1%",168.99430236433207,336.07487573689696,336.2840442164489,167.2897418521168,8.268531592683704,343.4834834834835,False,"GST doped with W at 4%. W (Tungsten): Period 6, Z=74, M=183.84, Block d, Ox.states [4,6], Ionic radius: 42.0 pm, charge=6, coord=IV, EN: 1.7 and TiO2 at 1%. Ti (Titanium): Period 4, Z=22, M=47.87, Block d, Ox.states [4], Ionic radius: 67.0 pm, charge=3, coord=VI, EN: 1.54; O (Oxygen): Period 2, Z=8, M=16.00, Block p, Ox.states [-2], Ionic radius: 135.0 pm, charge=-2, coord=II, EN: 3.44 (resistance)"
GST,"W,ZnO","1%,1%",68.71460673920008,151.44143249912685,151.7057039172433,82.99109717804323,7.947923714962183,151.77177177177177,False,"GST doped with W at 1%. W (Tungsten): Period 6, Z=74, M=183.84, Block d, Ox.states [4,6], Ionic radius: 42.0 pm, charge=6, coord=IV, EN: 1.7 and ZnO at 1%. Zn (Zinc): Period 4, Z=30, M=65.38, Block d, Ox.states [2], Ionic radius: 60.0 pm, charge=2, coord=IV, EN: 1.65; O (Oxygen): Period 2, Z=8, M=16.00, Block p, Ox.states [-2], Ionic radius: 135.0 pm, charge=-2, coord=II, EN: 3.44 (resistance)"
GST,"W,ZnO","1%,4%",110.81405439555442,152.2893693909945,152.5479639682895,41.73390957273509,7.955169020202579,152.61261261261262,False,"GST doped with W at 1%. W (Tungsten): Period 6, Z=74, M=183.84, Block d, Ox.states [4,6], Ionic radius: 42.0 pm, charge=6, coord=IV, EN: 1.7 and ZnO at 4%. Zn (Zinc): Period 4, Z=30, M=65.38, Block d, Ox.states [2], Ionic radius: 60.0 pm, charge=2, coord=IV, EN: 1.65; O (Oxygen): Period 2, Z=8, M=16.00, Block p, Ox.states [-2], Ionic radius: 135.0 pm, charge=-2, coord=II, EN: 3.44 (resistance)"
GST,"W,ZnO","2%,3%",149.5399486379756,153.21089718647963,153.40494220005908,3.8649935620834697,7.986622449751955,153.03303303303304,False,"GST doped with W at 2%. W (Tungsten): Period 6, Z=74, M=183.84, Block d, Ox.states [4,6], Ionic radius: 42.0 pm, charge=6, coord=IV, EN: 1.7 and ZnO at 3%. Zn (Zinc): Period 4, Z=30, M=65.38, Block d, Ox.states [2], Ionic radius: 60.0 pm, charge=2, coord=IV, EN: 1.65; O (Oxygen): Period 2, Z=8, M=16.00, Block p, Ox.states [-2], Ionic radius: 135.0 pm, charge=-2, coord=II, EN: 3.44 (resistance)"
GST,"W,ZnO","3%,2%",65.47194488570236,176.75647206680537,178.6063870730161,113.13444218731374,7.304826748216126,178.25825825825825,False,"GST doped with W at 3%. W (Tungsten): Period 6, Z=74, M=183.84, Block d, Ox.states [4,6], Ionic radius: 42.0 pm, charge=6, coord=IV, EN: 1.7 and ZnO at 2%. Zn (Zinc): Period 4, Z=30, M=65.38, Block d, Ox.states [2], Ionic radius: 60.0 pm, charge=2, coord=IV, EN: 1.65; O (Oxygen): Period 2, Z=8, M=16.00, Block p, Ox.states [-2], Ionic radius: 135.0 pm, charge=-2, coord=II, EN: 3.44 (resistance)"
GST,"W,ZnO","4%,1%",149.23995823443875,338.6071456633601,338.8085162197595,189.56855798532075,8.250873922832394,344.3243243243243,False,"GST doped with W at 4%. W (Tungsten): Period 6, Z=74, M=183.84, Block d, Ox.states [4,6], Ionic radius: 42.0 pm, charge=6, coord=IV, EN: 1.7 and ZnO at 1%. Zn (Zinc): Period 4, Z=30, M=65.38, Block d, Ox.states [2], Ionic radius: 60.0 pm, charge=2, coord=IV, EN: 1.65; O (Oxygen): Period 2, Z=8, M=16.00, Block p, Ox.states [-2], Ionic radius: 135.0 pm, charge=-2, coord=II, EN: 3.44 (resistance)"
GST,"W,SiO2","1%,1%",149.34016303866903,151.53013809671694,151.72344503676118,2.3832819980921442,7.580190563050747,151.77177177177177,False,"GST doped with W at 1%. W (Tungsten): Period 6, Z=74, M=183.84, Block d, Ox.states [4,6], Ionic radius: 42.0 pm, charge=6, coord=IV, EN: 1.7 and SiO2 at 1%. Si (Silicon): Period 3, Z=14, M=28.09, Block p, Ox.states [-4,4], Ionic radius: 26.0 pm, charge=4, coord=IV, EN: 1.9; O (Oxygen): Period 2, Z=8, M=16.00, Block p, Ox.states [-2], Ionic radius: 135.0 pm, charge=-2, coord=II, EN: 3.44 (resistance)"
GST,"W,SiO2","1%,4%",149.329207107116,151.531073001721,151.723632017762,2.394424910645995,7.602589712875249,151.77177177177177,False,"GST doped with W at 1%. W (Tungsten): Period 6, Z=74, M=183.84, Block d, Ox.states [4,6], Ionic radius: 42.0 pm, charge=6, coord=IV, EN: 1.7 and SiO2 at 4%. Si (Silicon): Period 3, Z=14, M=28.09, Block p, Ox.states [-4,4], Ionic radius: 26.0 pm, charge=4, coord=IV, EN: 1.9; O (Oxygen): Period 2, Z=8, M=16.00, Block p, Ox.states [-2], Ionic radius: 135.0 pm, charge=-2, coord=II, EN: 3.44 (resistance)"
GST,"W,SiO2","2%,3%",149.3819992059225,151.53388117176502,151.7241936517708,2.3421944458482926,7.833609189257297,151.77177177177177,False,"GST doped with W at 2%. W (Tungsten): Period 6, Z=74, M=183.84, Block d, Ox.states [4,6], Ionic radius: 42.0 pm, charge=6, coord=IV, EN: 1.7 and SiO2 at 3%. Si (Silicon): Period 3, Z=14, M=28.09, Block p, Ox.states [-4,4], Ionic radius: 26.0 pm, charge=4, coord=IV, EN: 1.9; O (Oxygen): Period 2, Z=8, M=16.00, Block p, Ox.states [-2], Ionic radius: 135.0 pm, charge=-2, coord=II, EN: 3.44 (resistance)"
GST,"W,SiO2","3%,2%",146.61298705611313,178.43342932832132,178.6296288086076,32.01664175249448,7.0316475093612105,178.25825825825825,False,"GST doped with W at 3%. W (Tungsten): Period 6, Z=74, M=183.84, Block d, Ox.states [4,6], Ionic radius: 42.0 pm, charge=6, coord=IV, EN: 1.7 and SiO2 at 2%. Si (Silicon): Period 3, Z=14, M=28.09, Block p, Ox.states [-4,4], Ionic radius: 26.0 pm, charge=4, coord=IV, EN: 1.9; O (Oxygen): Period 2, Z=8, M=16.00, Block p, Ox.states [-2], Ionic radius: 135.0 pm, charge=-2, coord=II, EN: 3.44 (resistance)"
GST,"W,SiO2","4%,1%",146.65706674646026,155.72723267204668,155.92622731519052,9.269160568730257,7.791776407010246,169.42942942942943,True,"GST doped with W at 4%. W (Tungsten): Period 6, Z=74, M=183.84, Block d, Ox.states [4,6], Ionic radius: 42.0 pm, charge=6, coord=IV, EN: 1.7 and SiO2 at 1%. Si (Silicon): Period 3, Z=14, M=28.09, Block p, Ox.states [-4,4], Ionic radius: 26.0 pm, charge=4, coord=IV, EN: 1.9; O (Oxygen): Period 2, Z=8, M=16.00, Block p, Ox.states [-2], Ionic radius: 135.0 pm, charge=-2, coord=II, EN: 3.44 (resistance)"
GST,"W,Al2O3","1%,1%",150.14568513623777,151.5341856653633,151.72425455049046,1.5785694142526836,7.504090344575159,151.77177177177177,False,"GST doped with W at 1%. W (Tungsten): Period 6, Z=74, M=183.84, Block d, Ox.states [4,6], Ionic radius: 42.0 pm, charge=6, coord=IV, EN: 1.7 and Al2O3 at 1%. Al (Aluminum): Period 3, Z=13, M=26.98, Block p, Ox.states [3], Ionic radius: 39.0 pm, charge=3, coord=IV, EN: 1.61; O (Oxygen): Period 2, Z=8, M=16.00, Block p, Ox.states [-2], Ionic radius: 135.0 pm, charge=-2, coord=II, EN: 3.44 (resistance)"
GST,"W,Al2O3","1%,4%",150.1530573062953,151.53476123605856,151.7243696646295,1.571312358334211,7.52918606326627,151.77177177177177,False,"GST doped with W at 1%. W (Tungsten): Period 6, Z=74, M=183.84, Block d, Ox.states [4,6], Ionic radius: 42.0 pm, charge=6, coord=IV, EN: 1.7 and Al2O3 at 4%. Al (Aluminum): Period 3, Z=13, M=26.98, Block p, Ox.states [3], Ionic radius: 39.0 pm, charge=3, coord=IV, EN: 1.61; O (Oxygen): Period 2, Z=8, M=16.00, Block p, Ox.states [-2], Ionic radius: 135.0 pm, charge=-2, coord=II, EN: 3.44 (resistance)"
GST,"W,Al2O3","2%,3%",150.17572809057492,152.33893892623811,152.55787787533816,2.382149784763243,7.863866314091995,152.61261261261262,False,"GST doped with W at 2%. W (Tungsten): Period 6, Z=74, M=183.84, Block d, Ox.states [4,6], Ionic radius: 42.0 pm, charge=6, coord=IV, EN: 1.7 and Al2O3 at 3%. Al (Aluminum): Period 3, Z=13, M=26.98, Block p, Ox.states [3], Ionic radius: 39.0 pm, charge=3, coord=IV, EN: 1.61; O (Oxygen): Period 2, Z=8, M=16.00, Block p, Ox.states [-2], Ionic radius: 135.0 pm, charge=-2, coord=II, EN: 3.44 (resistance)"
GST,"W,Al2O3","3%,2%",151.7492221126658,178.43599923398148,178.63014278973964,26.880920677073846,8.26203604774384,178.25825825825825,True,"GST doped with W at 3%. W (Tungsten): Period 6, Z=74, M=183.84, Block d, Ox.states [4,6], Ionic radius: 42.0 pm, charge=6, coord=IV, EN: 1.7 and Al2O3 at 2%. Al (Aluminum): Period 3, Z=13, M=26.98, Block p, Ox.states [3], Ionic radius: 39.0 pm, charge=3, coord=IV, EN: 1.61; O (Oxygen): Period 2, Z=8, M=16.00, Block p, Ox.states [-2], Ionic radius: 135.0 pm, charge=-2, coord=II, EN: 3.44 (resistance)"
GST,"W,Al2O3","4%,1%",150.3420375396657,161.6080373156913,161.81109695262816,11.469059412962451,8.230239709935466,169.00900900900902,True,"GST doped with W at 4%. W (Tungsten): Period 6, Z=74, M=183.84, Block d, Ox.states [4,6], Ionic radius: 42.0 pm, charge=6, coord=IV, EN: 1.7 and Al2O3 at 1%. Al (Aluminum): Period 3, Z=13, M=26.98, Block p, Ox.states [3], Ionic radius: 39.0 pm, charge=3, coord=IV, EN: 1.61; O (Oxygen): Period 2, Z=8, M=16.00, Block p, Ox.states [-2], Ionic radius: 135.0 pm, charge=-2, coord=II, EN: 3.44 (resistance)"
GST,"W,In2Se3","1%,1%",127.52877777641055,151.53037041529032,151.72349150047586,24.19471372406531,6.342637372825827,151.77177177177177,True,"GST doped with W at 1%. W (Tungsten): Period 6, Z=74, M=183.84, Block d, Ox.states [4,6], Ionic radius: 42.0 pm, charge=6, coord=IV, EN: 1.7 and In2Se3 at 1%. In (Indium): Period 5, Z=49, M=114.82, Block p, Ox.states [3], Ionic radius: 80.0 pm, charge=3, coord=VI, EN: 1.78; Se (Selenium): Period 4, Z=34, M=78.97, Block p, Ox.states [-2,2,4,6], Ionic radius: 28.000000000000004 pm, charge=6, coord=IV, EN: 2.55 (resistance)"
GST,"W,In2Se3","1%,4%",127.33860898644876,151.53170713202266,151.72375884382234,24.385149857373577,9.711124267917933,151.77177177177177,True,"GST doped with W at 1%. W (Tungsten): Period 6, Z=74, M=183.84, Block d, Ox.states [4,6], Ionic radius: 42.0 pm, charge=6, coord=IV, EN: 1.7 and In2Se3 at 4%. In (Indium): Period 5, Z=49, M=114.82, Block p, Ox.states [3], Ionic radius: 80.0 pm, charge=3, coord=VI, EN: 1.78; Se (Selenium): Period 4, Z=34, M=78.97, Block p, Ox.states [-2,2,4,6], Ionic radius: 28.000000000000004 pm, charge=6, coord=IV, EN: 2.55 (resistance)"
GST,"W,In2Se3","2%,3%",128.83877491183233,151.53460769750325,151.72433895691844,22.885564045086113,9.660968218477755,151.77177177177177,True,"GST doped with W at 2%. W (Tungsten): Period 6, Z=74, M=183.84, Block d, Ox.states [4,6], Ionic radius: 42.0 pm, charge=6, coord=IV, EN: 1.7 and In2Se3 at 3%. In (Indium): Period 5, Z=49, M=114.82, Block p, Ox.states [3], Ionic radius: 80.0 pm, charge=3, coord=VI, EN: 1.78; Se (Selenium): Period 4, Z=34, M=78.97, Block p, Ox.states [-2,2,4,6], Ionic radius: 28.000000000000004 pm, charge=6, coord=IV, EN: 2.55 (resistance)"
GST,"W,In2Se3","3%,2%",119.38750949068215,178.84088850010204,179.0474569793001,59.65994748861796,8.58651444401082,178.6786786786787,False,"GST doped with W at 3%. W (Tungsten): Period 6, Z=74, M=183.84, Block d, Ox.states [4,6], Ionic radius: 42.0 pm, charge=6, coord=IV, EN: 1.7 and In2Se3 at 2%. In (Indium): Period 5, Z=49, M=114.82, Block p, Ox.states [3], Ionic radius: 80.0 pm, charge=3, coord=VI, EN: 1.78; Se (Selenium): Period 4, Z=34, M=78.97, Block p, Ox.states [-2,2,4,6], Ionic radius: 28.000000000000004 pm, charge=6, coord=IV, EN: 2.55 (resistance)"
GST,"W,In2Se3","4%,1%",127.30114177429019,183.4782197977011,183.6746229385196,56.37348116422942,8.701476421125458,193.81381381381382,False,"GST doped with W at 4%. W (Tungsten): Period 6, Z=74, M=183.84, Block d, Ox.states [4,6], Ionic radius: 42.0 pm, charge=6, coord=IV, EN: 1.7 and In2Se3 at 1%. In (Indium): Period 5, Z=49, M=114.82, Block p, Ox.states [3], Ionic radius: 80.0 pm, charge=3, coord=VI, EN: 1.78; Se (Selenium): Period 4, Z=34, M=78.97, Block p, Ox.states [-2,2,4,6], Ionic radius: 28.000000000000004 pm, charge=6, coord=IV, EN: 2.55 (resistance)"
GST,"Ti,Cu","1%,1%",150.1634331247888,157.40264741544738,157.606655609216,7.443222484427196,6.694376555777037,156.8168168168168,True,"GST doped with Ti at 1%. Ti (Titanium): Period 4, Z=22, M=47.87, Block d, Ox.states [4], Ionic radius: 67.0 pm, charge=3, coord=VI, EN: 1.54 and Cu at 1%. Cu (Copper): Period 4, Z=29, M=63.55, Block d, Ox.states [2], Ionic radius: 56.99999999999999 pm, charge=2, coord=IVSQ, EN: 1.9 (resistance)"
GST,"Ti,Cu","1%,4%",150.2450257175629,268.8201311931311,269.01928149388186,118.77425577631897,6.685426864314955,233.75375375375376,False,"GST doped with Ti at 1%. Ti (Titanium): Period 4, Z=22, M=47.87, Block d, Ox.states [4], Ionic radius: 67.0 pm, charge=3, coord=VI, EN: 1.54 and Cu at 4%. Cu (Copper): Period 4, Z=29, M=63.55, Block d, Ox.states [2], Ionic radius: 56.99999999999999 pm, charge=2, coord=IVSQ, EN: 1.9 (resistance)"
GST,"Ti,Cu","2%,3%",150.35515208662906,235.60775154716768,235.80623499411863,85.45108290748956,7.074960935871379,233.75375375375376,False,"GST doped with Ti at 2%. Ti (Titanium): Period 4, Z=22, M=47.87, Block d, Ox.states [4], Ionic radius: 67.0 pm, charge=3, coord=VI, EN: 1.54 and Cu at 3%. Cu (Copper): Period 4, Z=29, M=63.55, Block d, Ox.states [2], Ionic radius: 56.99999999999999 pm, charge=2, coord=IVSQ, EN: 1.9 (resistance)"
GST,"Ti,Cu","3%,2%",181.22032962316106,201.9675866124647,202.17129510027112,20.95096547711006,5.81946580873913,200.96096096096096,True,"GST doped with Ti at 3%. Ti (Titanium): Period 4, Z=22, M=47.87, Block d, Ox.states [4], Ionic radius: 67.0 pm, charge=3, coord=VI, EN: 1.54 and Cu at 2%. Cu (Copper): Period 4, Z=29, M=63.55, Block d, Ox.states [2], Ionic radius: 56.99999999999999 pm, charge=2, coord=IVSQ, EN: 1.9 (resistance)"
GST,"Ti,Cu","4%,1%",201.67071081359694,335.66300009985343,335.86533275270386,134.19462193910692,6.12287813499856,335.4954954954955,False,"GST doped with Ti at 4%. Ti (Titanium): Period 4, Z=22, M=47.87, Block d, Ox.states [4], Ionic radius: 67.0 pm, charge=3, coord=VI, EN: 1.54 and Cu at 1%. Cu (Copper): Period 4, Z=29, M=63.55, Block d, Ox.states [2], Ionic radius: 56.99999999999999 pm, charge=2, coord=IVSQ, EN: 1.9 (resistance)"
GST,"Ti,Zn","1%,1%",151.39271760771297,318.0051968473753,318.20764597608206,166.8149283683691,7.183621812047699,327.5075075075075,False,"GST doped with Ti at 1%. Ti (Titanium): Period 4, Z=22, M=47.87, Block d, Ox.states [4], Ionic radius: 67.0 pm, charge=3, coord=VI, EN: 1.54 and Zn at 1%. Zn (Zinc): Period 4, Z=30, M=65.38, Block d, Ox.states [2], Ionic radius: 60.0 pm, charge=2, coord=IV, EN: 1.65 (resistance)"
GST,"Ti,Zn","1%,4%",151.62390556755204,318.00447842841885,318.20750229229077,166.58359672473873,7.183258434196562,327.5075075075075,False,"GST doped with Ti at 1%. Ti (Titanium): Period 4, Z=22, M=47.87, Block d, Ox.states [4], Ionic radius: 67.0 pm, charge=3, coord=VI, EN: 1.54 and Zn at 4%. Zn (Zinc): Period 4, Z=30, M=65.38, Block d, Ox.states [2], Ionic radius: 60.0 pm, charge=2, coord=IV, EN: 1.65 (resistance)"
GST,"Ti,Zn","2%,3%",153.57490299963715,204.49697663151235,204.6951911220987,51.120288122461545,7.230451543041909,203.06306306306308,False,"GST doped with Ti at 2%. Ti (Titanium): Period 4, Z=22, M=47.87, Block d, Ox.states [4], Ionic radius: 67.0 pm, charge=3, coord=VI, EN: 1.54 and Zn at 3%. Zn (Zinc): Period 4, Z=30, M=65.38, Block d, Ox.states [2], Ionic radius: 60.0 pm, charge=2, coord=IV, EN: 1.65 (resistance)"
GST,"Ti,Zn","3%,2%",179.77896652995955,188.513566823693,188.71772837975402,8.938761849794474,6.75301866961264,192.55255255255256,True,"GST doped with Ti at 3%. Ti (Titanium): Period 4, Z=22, M=47.87, Block d, Ox.states [4], Ionic radius: 67.0 pm, charge=3, coord=VI, EN: 1.54 and Zn at 2%. Zn (Zinc): Period 4, Z=30, M=65.38, Block d, Ox.states [2], Ionic radius: 60.0 pm, charge=2, coord=IV, EN: 1.65 (resistance)"
GST,"Ti,Zn","4%,1%",200.53871490729063,328.5203088004347,328.71907677510234,128.1803618678117,6.6882101823161655,346.00600600600603,False,"GST doped with Ti at 4%. Ti (Titanium): Period 4, Z=22, M=47.87, Block d, Ox.states [4], Ionic radius: 67.0 pm, charge=3, coord=VI, EN: 1.54 and Zn at 1%. Zn (Zinc): Period 4, Z=30, M=65.38, Block d, Ox.states [2], Ionic radius: 60.0 pm, charge=2, coord=IV, EN: 1.65 (resistance)"
GST,"Ti,Al","1%,1%",151.3916935603282,157.40193389464903,157.60651290505635,6.2148193447281415,7.289263925692081,157.23723723723725,True,"GST doped with Ti at 1%. Ti (Titanium): Period 4, Z=22, M=47.87, Block d, Ox.states [4], Ionic radius: 67.0 pm, charge=3, coord=VI, EN: 1.54 and Al at 1%. Al (Aluminum): Period 3, Z=13, M=26.98, Block p, Ox.states [3], Ionic radius: 39.0 pm, charge=3, coord=IV, EN: 1.61 (resistance)"
GST,"Ti,Al","1%,4%",151.4751503974825,165.79560275638292,166.01197340412986,14.536823006647353,7.730201071752546,168.5885885885886,True,"GST doped with Ti at 1%. Ti (Titanium): Period 4, Z=22, M=47.87, Block d, Ox.states [4], Ionic radius: 67.0 pm, charge=3, coord=VI, EN: 1.54 and Al at 4%. Al (Aluminum): Period 3, Z=13, M=26.98, Block p, Ox.states [3], Ionic radius: 39.0 pm, charge=3, coord=IV, EN: 1.61 (resistance)"
GST,"Ti,Al","2%,3%",151.58060767851603,168.7545180398275,168.95811081517311,17.377503136657083,7.57449740762563,168.16816816816817,True,"GST doped with Ti at 2%. Ti (Titanium): Period 4, Z=22, M=47.87, Block d, Ox.states [4], Ionic radius: 67.0 pm, charge=3, coord=VI, EN: 1.54 and Al at 3%. Al (Aluminum): Period 3, Z=13, M=26.98, Block p, Ox.states [3], Ionic radius: 39.0 pm, charge=3, coord=IV, EN: 1.61 (resistance)"
GST,"Ti,Al","3%,2%",178.5726064661572,187.2585450571063,187.45771501742766,8.885108551270463,7.347364444385555,187.0870870870871,True,"GST doped with Ti at 3%. Ti (Titanium): Period 4, Z=22, M=47.87, Block d, Ox.states [4], Ionic radius: 67.0 pm, charge=3, coord=VI, EN: 1.54 and Al at 2%. Al (Aluminum): Period 3, Z=13, M=26.98, Block p, Ox.states [3], Ionic radius: 39.0 pm, charge=3, coord=IV, EN: 1.61 (resistance)"
GST,"Ti,Al","4%,1%",188.82514006690903,328.8897161549767,329.1292945823472,140.30415451543817,7.520520583466654,327.5075075075075,False,"GST doped with Ti at 4%. Ti (Titanium): Period 4, Z=22, M=47.87, Block d, Ox.states [4], Ionic radius: 67.0 pm, charge=3, coord=VI, EN: 1.54 and Al at 1%. Al (Aluminum): Period 3, Z=13, M=26.98, Block p, Ox.states [3], Ionic radius: 39.0 pm, charge=3, coord=IV, EN: 1.61 (resistance)"
GST,"Ti,C","1%,1%",95.50941980325976,162.6535428152437,174.38903850198622,78.87961869872646,6.536062269003985,172.37237237237238,False,"GST doped with Ti at 1%. Ti (Titanium): Period 4, Z=22, M=47.87, Block d, Ox.states [4], Ionic radius: 67.0 pm, charge=3, coord=VI, EN: 1.54 and C at 1%. C (Carbon): Period 2, Z=6, M=12.01, Block p, Ox.states [-4,4], Ionic radius: -8.0 pm, charge=4, coord=III, EN: 2.55 (resistance)"
GST,"Ti,C","1%,4%",89.4336540733995,168.87986092377483,268.9881072164407,179.5544531430412,5.889956786931338,327.5075075075075,False,"GST doped with Ti at 1%. Ti (Titanium): Period 4, Z=22, M=47.87, Block d, Ox.states [4], Ionic radius: 67.0 pm, charge=3, coord=VI, EN: 1.54 and C at 4%. C (Carbon): Period 2, Z=6, M=12.01, Block p, Ox.states [-4,4], Ionic radius: -8.0 pm, charge=4, coord=III, EN: 2.55 (resistance)"
GST,"Ti,C","2%,3%",135.22405919140283,174.2020408454062,174.41998774866127,39.19592855725844,6.110420373596586,174.05405405405406,False,"GST doped with Ti at 2%. Ti (Titanium): Period 4, Z=22, M=47.87, Block d, Ox.states [4], Ionic radius: 67.0 pm, charge=3, coord=VI, EN: 1.54 and C at 3%. C (Carbon): Period 2, Z=6, M=12.01, Block p, Ox.states [-4,4], Ionic radius: -8.0 pm, charge=4, coord=III, EN: 2.55 (resistance)"
GST,"Ti,C","3%,2%",100.3794174203096,187.48154428601364,188.68974300915966,88.31032558885006,9.273710160546543,180.36036036036037,False,"GST doped with Ti at 3%. Ti (Titanium): Period 4, Z=22, M=47.87, Block d, Ox.states [4], Ionic radius: 67.0 pm, charge=3, coord=VI, EN: 1.54 and C at 2%. C (Carbon): Period 2, Z=6, M=12.01, Block p, Ox.states [-4,4], Ionic radius: -8.0 pm, charge=4, coord=III, EN: 2.55 (resistance)"
GST,"Ti,C","4%,1%",89.40945805359569,324.75875488880365,329.5175652485406,240.10810719494492,11.639078360715335,333.3933933933934,False,"GST doped with Ti at 4%. Ti (Titanium): Period 4, Z=22, M=47.87, Block d, Ox.states [4], Ionic radius: 67.0 pm, charge=3, coord=VI, EN: 1.54 and C at 1%. C (Carbon): Period 2, Z=6, M=12.01, Block p, Ox.states [-4,4], Ionic radius: -8.0 pm, charge=4, coord=III, EN: 2.55 (resistance)"
GST,"Ti,N","1%,1%",153.01707329435274,324.7367742005319,324.93534282809475,171.918269533742,7.039642320237526,327.5075075075075,False,"GST doped with Ti at 1%. Ti (Titanium): Period 4, Z=22, M=47.87, Block d, Ox.states [4], Ionic radius: 67.0 pm, charge=3, coord=VI, EN: 1.54 and N at 1%. N (Nitrogen): Period 2, Z=7, M=14.01, Block p, Ox.states [-3,3,5], Ionic radius: 146.0 pm, charge=-3, coord=IV, EN: 3.04 (resistance)"
GST,"Ti,N","1%,4%",153.71770786313482,324.73688330691857,324.9353646493721,171.21765678623728,7.056429359315711,327.92792792792795,False,"GST doped with Ti at 1%. Ti (Titanium): Period 4, Z=22, M=47.87, Block d, Ox.states [4], Ionic radius: 67.0 pm, charge=3, coord=VI, EN: 1.54 and N at 4%. N (Nitrogen): Period 2, Z=7, M=14.01, Block p, Ox.states [-3,3,5], Ionic radius: 146.0 pm, charge=-3, coord=IV, EN: 3.04 (resistance)"
GST,"Ti,N","2%,3%",153.66937307923885,188.90810361581015,189.13297207451384,35.46359899527499,7.1498118511981215,188.76876876876878,False,"GST doped with Ti at 2%. Ti (Titanium): Period 4, Z=22, M=47.87, Block d, Ox.states [4], Ionic radius: 67.0 pm, charge=3, coord=VI, EN: 1.54 and N at 3%. N (Nitrogen): Period 2, Z=7, M=14.01, Block p, Ox.states [-3,3,5], Ionic radius: 146.0 pm, charge=-3, coord=IV, EN: 3.04 (resistance)"
GST,"Ti,N","3%,2%",97.79204115656086,187.3781450956114,189.0313598904264,91.23931873386553,8.432061034007116,192.55255255255256,False,"GST doped with Ti at 3%. Ti (Titanium): Period 4, Z=22, M=47.87, Block d, Ox.states [4], Ionic radius: 67.0 pm, charge=3, coord=VI, EN: 1.54 and N at 2%. N (Nitrogen): Period 2, Z=7, M=14.01, Block p, Ox.states [-3,3,5], Ionic radius: 146.0 pm, charge=-3, coord=IV, EN: 3.04 (resistance)"
GST,"Ti,N","4%,1%",201.5790613352565,333.98434873510234,334.18425713440826,132.60519579915174,11.05397455865742,358.1981981981982,False,"GST doped with Ti at 4%. Ti (Titanium): Period 4, Z=22, M=47.87, Block d, Ox.states [4], Ionic radius: 67.0 pm, charge=3, coord=VI, EN: 1.54 and N at 1%. N (Nitrogen): Period 2, Z=7, M=14.01, Block p, Ox.states [-3,3,5], Ionic radius: 146.0 pm, charge=-3, coord=IV, EN: 3.04 (resistance)"
GST,"Ti,O","1%,1%",137.78330650553934,155.70641193346393,155.922063167474,18.13875666193465,6.806406115494415,168.5885885885886,True,"GST doped with Ti at 1%. Ti (Titanium): Period 4, Z=22, M=47.87, Block d, Ox.states [4], Ionic radius: 67.0 pm, charge=3, coord=VI, EN: 1.54 and O at 1%. O (Oxygen): Period 2, Z=8, M=16.00, Block p, Ox.states [-2], Ionic radius: 135.0 pm, charge=-2, coord=II, EN: 3.44 (resistance)"
GST,"Ti,O","2%,3%",100.40281004342623,155.56182728225514,155.8931462372325,55.49033619380626,7.344033666084423,161.44144144144144,False,"GST doped with Ti at 2%. Ti (Titanium): Period 4, Z=22, M=47.87, Block d, Ox.states [4], Ionic radius: 67.0 pm, charge=3, coord=VI, EN: 1.54 and O at 3%. O (Oxygen): Period 2, Z=8, M=16.00, Block p, Ox.states [-2], Ionic radius: 135.0 pm, charge=-2, coord=II, EN: 3.44 (resistance)"
GST,"Ti,O","3%,2%",146.81927176531218,182.6305306266678,182.83241243164028,36.0131406663281,7.007288150013988,184.56456456456456,False,"GST doped with Ti at 3%. Ti (Titanium): Period 4, Z=22, M=47.87, Block d, Ox.states [4], Ionic radius: 67.0 pm, charge=3, coord=VI, EN: 1.54 and O at 2%. O (Oxygen): Period 2, Z=8, M=16.00, Block p, Ox.states [-2], Ionic radius: 135.0 pm, charge=-2, coord=II, EN: 3.44 (resistance)"
GST,"Ti,O","4%,1%",189.02444298686237,328.51505166907765,328.71802534883096,139.6935823619686,8.556968912201027,327.5075075075075,False,"GST doped with Ti at 4%. Ti (Titanium): Period 4, Z=22, M=47.87, Block d, Ox.states [4], Ionic radius: 67.0 pm, charge=3, coord=VI, EN: 1.54 and O at 1%. O (Oxygen): Period 2, Z=8, M=16.00, Block p, Ox.states [-2], Ionic radius: 135.0 pm, charge=-2, coord=II, EN: 3.44 (resistance)"
GST,"Ti,As","1%,1%",150.2239317404152,154.02573005412637,154.24058144626113,4.016649705845936,8.786601519209864,153.8738738738739,False,"GST doped with Ti at 1%. Ti (Titanium): Period 4, Z=22, M=47.87, Block d, Ox.states [4], Ionic radius: 67.0 pm, charge=3, coord=VI, EN: 1.54 and As at 1%. As (Arsenic): Period 4, Z=33, M=74.92, Block p, Ox.states [-3,3,5], Ionic radius: 33.5 pm, charge=5, coord=IV, EN: 2.18 (resistance)"
GST,"Ti,As","1%,4%",150.28390383835753,155.72463434106862,155.92570764899492,5.641803810637384,8.76150563547187,157.23723723723725,True,"GST doped with Ti at 1%. Ti (Titanium): Period 4, Z=22, M=47.87, Block d, Ox.states [4], Ionic radius: 67.0 pm, charge=3, coord=VI, EN: 1.54 and As at 4%. As (Arsenic): Period 4, Z=33, M=74.92, Block p, Ox.states [-3,3,5], Ionic radius: 33.5 pm, charge=5, coord=IV, EN: 2.18 (resistance)"
GST,"Ti,As","2%,3%",121.06607625429312,155.69867030727366,155.92051484223597,34.85443858794285,7.37119136442212,157.23723723723725,False,"GST doped with Ti at 2%. Ti (Titanium): Period 4, Z=22, M=47.87, Block d, Ox.states [4], Ionic radius: 67.0 pm, charge=3, coord=VI, EN: 1.54 and As at 3%. As (Arsenic): Period 4, Z=33, M=74.92, Block p, Ox.states [-3,3,5], Ionic radius: 33.5 pm, charge=5, coord=IV, EN: 2.18 (resistance)"
GST,"Ti,As","3%,2%",113.1712408846145,182.59379858659636,182.82506602362605,69.65382513901154,6.61491541159157,184.14414414414415,False,"GST doped with Ti at 3%. Ti (Titanium): Period 4, Z=22, M=47.87, Block d, Ox.states [4], Ionic radius: 67.0 pm, charge=3, coord=VI, EN: 1.54 and As at 2%. As (Arsenic): Period 4, Z=33, M=74.92, Block p, Ox.states [-3,3,5], Ionic radius: 33.5 pm, charge=5, coord=IV, EN: 2.18 (resistance)"
GST,"Ti,As","4%,1%",187.23675314501028,336.0069954664474,336.27046816235907,149.03371501734878,8.778077942114672,343.4834834834835,False,"GST doped with Ti at 4%. Ti (Titanium): Period 4, Z=22, M=47.87, Block d, Ox.states [4], Ionic radius: 67.0 pm, charge=3, coord=VI, EN: 1.54 and As at 1%. As (Arsenic): Period 4, Z=33, M=74.92, Block p, Ox.states [-3,3,5], Ionic radius: 33.5 pm, charge=5, coord=IV, EN: 2.18 (resistance)"
GST,"Ti,In","1%,1%",149.32445787408628,159.07921681564983,159.28731483460186,9.96285696051558,6.710631440229633,158.91891891891893,True,"GST doped with Ti at 1%. Ti (Titanium): Period 4, Z=22, M=47.87, Block d, Ox.states [4], Ionic radius: 67.0 pm, charge=3, coord=VI, EN: 1.54 and In at 1%. In (Indium): Period 5, Z=49, M=114.82, Block p, Ox.states [3], Ionic radius: 80.0 pm, charge=3, coord=VI, EN: 1.78 (resistance)"
GST,"Ti,In","1%,4%",147.09141440265776,182.2051610579235,182.4110021815551,35.31958777889733,6.6266963106182,189.1891891891892,False,"GST doped with Ti at 1%. Ti (Titanium): Period 4, Z=22, M=47.87, Block d, Ox.states [4], Ionic radius: 67.0 pm, charge=3, coord=VI, EN: 1.54 and In at 4%. In (Indium): Period 5, Z=49, M=114.82, Block p, Ox.states [3], Ionic radius: 80.0 pm, charge=3, coord=VI, EN: 1.78 (resistance)"
GST,"Ti,In","2%,3%",149.31799333441282,176.2975418077338,176.52076962280847,27.202776288395654,7.0810883418575195,176.15615615615616,True,"GST doped with Ti at 2%. Ti (Titanium): Period 4, Z=22, M=47.87, Block d, Ox.states [4], Ionic radius: 67.0 pm, charge=3, coord=VI, EN: 1.54 and In at 3%. In (Indium): Period 5, Z=49, M=114.82, Block p, Ox.states [3], Ionic radius: 80.0 pm, charge=3, coord=VI, EN: 1.78 (resistance)"
GST,"Ti,In","3%,2%",140.3291629292532,184.30610782820833,184.51287321729373,44.183710288040544,7.266772033014838,184.56456456456456,False,"GST doped with Ti at 3%. Ti (Titanium): Period 4, Z=22, M=47.87, Block d, Ox.states [4], Ionic radius: 67.0 pm, charge=3, coord=VI, EN: 1.54 and In at 2%. In (Indium): Period 5, Z=49, M=114.82, Block p, Ox.states [3], Ionic radius: 80.0 pm, charge=3, coord=VI, EN: 1.78 (resistance)"
GST,"Ti,In","4%,1%",142.9413985079042,307.0799913445851,307.2778601307793,164.33646162287508,5.683138430965929,201.3813813813814,False,"GST doped with Ti at 4%. Ti (Titanium): Period 4, Z=22, M=47.87, Block d, Ox.states [4], Ionic radius: 67.0 pm, charge=3, coord=VI, EN: 1.54 and In at 1%. In (Indium): Period 5, Z=49, M=114.82, Block p, Ox.states [3], Ionic radius: 80.0 pm, charge=3, coord=VI, EN: 1.78 (resistance)"
GST,"Ti,Se","1%,1%",149.66444765960517,153.21455797904147,153.40567435857145,3.7412266989662726,7.298646555085336,153.03303303303304,False,"GST doped with Ti at 1%. Ti (Titanium): Period 4, Z=22, M=47.87, Block d, Ox.states [4], Ionic radius: 67.0 pm, charge=3, coord=VI, EN: 1.54 and Se at 1%. Se (Selenium): Period 4, Z=34, M=78.97, Block p, Ox.states [-2,2,4,6], Ionic radius: 28.000000000000004 pm, charge=6, coord=IV, EN: 2.55 (resistance)"
GST,"Ti,Se","1%,4%",150.16434093229728,153.59104509071787,153.81730811724313,3.652967184945851,7.310333715163235,153.45345345345345,False,"GST doped with Ti at 1%. Ti (Titanium): Period 4, Z=22, M=47.87, Block d, Ox.states [4], Ionic radius: 67.0 pm, charge=3, coord=VI, EN: 1.54 and Se at 4%. Se (Selenium): Period 4, Z=34, M=78.97, Block p, Ox.states [-2,2,4,6], Ionic radius: 28.000000000000004 pm, charge=6, coord=IV, EN: 2.55 (resistance)"
GST,"Ti,Se","2%,3%",150.2812248478826,153.62005052892096,153.8231092048837,3.541884357001095,6.618364023252671,153.45345345345345,False,"GST doped with Ti at 2%. Ti (Titanium): Period 4, Z=22, M=47.87, Block d, Ox.states [4], Ionic radius: 67.0 pm, charge=3, coord=VI, EN: 1.54 and Se at 3%. Se (Selenium): Period 4, Z=34, M=78.97, Block p, Ox.states [-2,2,4,6], Ionic radius: 28.000000000000004 pm, charge=6, coord=IV, EN: 2.55 (resistance)"
GST,"Ti,Se","3%,2%",178.49157989831943,181.3698266611562,181.57126262952895,3.079682731209516,6.751600772059014,181.2012012012012,False,"GST doped with Ti at 3%. Ti (Titanium): Period 4, Z=22, M=47.87, Block d, Ox.states [4], Ionic radius: 67.0 pm, charge=3, coord=VI, EN: 1.54 and Se at 2%. Se (Selenium): Period 4, Z=34, M=78.97, Block p, Ox.states [-2,2,4,6], Ionic radius: 28.000000000000004 pm, charge=6, coord=IV, EN: 2.55 (resistance)"
GST,"Ti,Se","4%,1%",187.1947699516225,341.13399468873973,341.33190404285347,154.13713409123096,7.573794269025232,343.4834834834835,False,"GST doped with Ti at 4%. Ti (Titanium): Period 4, Z=22, M=47.87, Block d, Ox.states [4], Ionic radius: 67.0 pm, charge=3, coord=VI, EN: 1.54 and Se at 1%. Se (Selenium): Period 4, Z=34, M=78.97, Block p, Ox.states [-2,2,4,6], Ionic radius: 28.000000000000004 pm, charge=6, coord=IV, EN: 2.55 (resistance)"
GST,"Ti,TiO2","1%,1%",149.1395110677282,155.70866814232437,155.92251440924608,6.783003341517883,7.30900552640459,155.97597597597598,True,"GST doped with Ti at 1%. Ti (Titanium): Period 4, Z=22, M=47.87, Block d, Ox.states [4], Ionic radius: 67.0 pm, charge=3, coord=VI, EN: 1.54 and TiO2 at 1%. Ti (Titanium): Period 4, Z=22, M=47.87, Block d, Ox.states [4], Ionic radius: 67.0 pm, charge=3, coord=VI, EN: 1.54; O (Oxygen): Period 2, Z=8, M=16.00, Block p, Ox.states [-2], Ionic radius: 135.0 pm, charge=-2, coord=II, EN: 3.44 (resistance)"
GST,"Ti,TiO2","1%,4%",84.63045594886687,155.64275698839901,160.09256808526726,75.46211213640039,6.433762763383156,159.75975975975976,False,"GST doped with Ti at 1%. Ti (Titanium): Period 4, Z=22, M=47.87, Block d, Ox.states [4], Ionic radius: 67.0 pm, charge=3, coord=VI, EN: 1.54 and TiO2 at 4%. Ti (Titanium): Period 4, Z=22, M=47.87, Block d, Ox.states [4], Ionic radius: 67.0 pm, charge=3, coord=VI, EN: 1.54; O (Oxygen): Period 2, Z=8, M=16.00, Block p, Ox.states [-2], Ionic radius: 135.0 pm, charge=-2, coord=II, EN: 3.44 (resistance)"
GST,"Ti,TiO2","2%,3%",79.4185709007465,154.78108230105795,160.0822632889966,80.66369238825008,6.387346783794875,161.44144144144144,False,"GST doped with Ti at 2%. Ti (Titanium): Period 4, Z=22, M=47.87, Block d, Ox.states [4], Ionic radius: 67.0 pm, charge=3, coord=VI, EN: 1.54 and TiO2 at 3%. Ti (Titanium): Period 4, Z=22, M=47.87, Block d, Ox.states [4], Ionic radius: 67.0 pm, charge=3, coord=VI, EN: 1.54; O (Oxygen): Period 2, Z=8, M=16.00, Block p, Ox.states [-2], Ionic radius: 135.0 pm, charge=-2, coord=II, EN: 3.44 (resistance)"
GST,"Ti,TiO2","3%,2%",178.56664685553577,182.6217224895295,182.83065080421264,4.264003948676873,7.49426700382438,184.14414414414415,False,"GST doped with Ti at 3%. Ti (Titanium): Period 4, Z=22, M=47.87, Block d, Ox.states [4], Ionic radius: 67.0 pm, charge=3, coord=VI, EN: 1.54 and TiO2 at 2%. Ti (Titanium): Period 4, Z=22, M=47.87, Block d, Ox.states [4], Ionic radius: 67.0 pm, charge=3, coord=VI, EN: 1.54; O (Oxygen): Period 2, Z=8, M=16.00, Block p, Ox.states [-2], Ionic radius: 135.0 pm, charge=-2, coord=II, EN: 3.44 (resistance)"
GST,"Ti,TiO2","4%,1%",188.7135965785225,329.3360720285221,329.55490209339257,140.84130551487007,6.101646792644548,327.5075075075075,False,"GST doped with Ti at 4%. Ti (Titanium): Period 4, Z=22, M=47.87, Block d, Ox.states [4], Ionic radius: 67.0 pm, charge=3, coord=VI, EN: 1.54 and TiO2 at 1%. Ti (Titanium): Period 4, Z=22, M=47.87, Block d, Ox.states [4], Ionic radius: 67.0 pm, charge=3, coord=VI, EN: 1.54; O (Oxygen): Period 2, Z=8, M=16.00, Block p, Ox.states [-2], Ionic radius: 135.0 pm, charge=-2, coord=II, EN: 3.44 (resistance)"
GST,"Ti,ZnO","1%,1%",151.57914215787784,164.128789521729,164.33326541185372,12.754123253975877,6.903397838172369,168.16816816816817,True,"GST doped with Ti at 1%. Ti (Titanium): Period 4, Z=22, M=47.87, Block d, Ox.states [4], Ionic radius: 67.0 pm, charge=3, coord=VI, EN: 1.54 and ZnO at 1%. Zn (Zinc): Period 4, Z=30, M=65.38, Block d, Ox.states [2], Ionic radius: 60.0 pm, charge=2, coord=IV, EN: 1.65; O (Oxygen): Period 2, Z=8, M=16.00, Block p, Ox.states [-2], Ionic radius: 135.0 pm, charge=-2, coord=II, EN: 3.44 (resistance)"
GST,"Ti,ZnO","1%,4%",151.6959052534776,176.7271987907322,176.94303735574448,25.247132102266875,6.406979240575474,176.15615615615616,True,"GST doped with Ti at 1%. Ti (Titanium): Period 4, Z=22, M=47.87, Block d, Ox.states [4], Ionic radius: 67.0 pm, charge=3, coord=VI, EN: 1.54 and ZnO at 4%. Zn (Zinc): Period 4, Z=30, M=65.38, Block d, Ox.states [2], Ionic radius: 60.0 pm, charge=2, coord=IV, EN: 1.65; O (Oxygen): Period 2, Z=8, M=16.00, Block p, Ox.states [-2], Ionic radius: 135.0 pm, charge=-2, coord=II, EN: 3.44 (resistance)"
GST,"Ti,ZnO","2%,3%",120.9616476162478,176.26789656197846,176.51484057365744,55.553192957409635,6.511517491188954,176.15615615615616,False,"GST doped with Ti at 2%. Ti (Titanium): Period 4, Z=22, M=47.87, Block d, Ox.states [4], Ionic radius: 67.0 pm, charge=3, coord=VI, EN: 1.54 and ZnO at 3%. Zn (Zinc): Period 4, Z=30, M=65.38, Block d, Ox.states [2], Ionic radius: 60.0 pm, charge=2, coord=IV, EN: 1.65; O (Oxygen): Period 2, Z=8, M=16.00, Block p, Ox.states [-2], Ionic radius: 135.0 pm, charge=-2, coord=II, EN: 3.44 (resistance)"
GST,"Ti,ZnO","3%,2%",176.93588131946106,182.5950484074766,182.8253159878021,5.889434668341039,7.098868263114349,182.46246246246247,True,"GST doped with Ti at 3%. Ti (Titanium): Period 4, Z=22, M=47.87, Block d, Ox.states [4], Ionic radius: 67.0 pm, charge=3, coord=VI, EN: 1.54 and ZnO at 2%. Zn (Zinc): Period 4, Z=30, M=65.38, Block d, Ox.states [2], Ionic radius: 60.0 pm, charge=2, coord=IV, EN: 1.65; O (Oxygen): Period 2, Z=8, M=16.00, Block p, Ox.states [-2], Ionic radius: 135.0 pm, charge=-2, coord=II, EN: 3.44 (resistance)"
GST,"Ti,ZnO","4%,1%",184.6319218506283,328.92294112479,329.1359395763098,144.5040177256815,5.774094389843764,343.90390390390394,False,"GST doped with Ti at 4%. Ti (Titanium): Period 4, Z=22, M=47.87, Block d, Ox.states [4], Ionic radius: 67.0 pm, charge=3, coord=VI, EN: 1.54 and ZnO at 1%. Zn (Zinc): Period 4, Z=30, M=65.38, Block d, Ox.states [2], Ionic radius: 60.0 pm, charge=2, coord=IV, EN: 1.65; O (Oxygen): Period 2, Z=8, M=16.00, Block p, Ox.states [-2], Ionic radius: 135.0 pm, charge=-2, coord=II, EN: 3.44 (resistance)"
GST,"Ti,SiO2","1%,1%",106.0196772814718,153.3565968805738,155.88474066375292,49.86506338228112,8.099043396617857,157.23723723723725,False,"GST doped with Ti at 1%. Ti (Titanium): Period 4, Z=22, M=47.87, Block d, Ox.states [4], Ionic radius: 67.0 pm, charge=3, coord=VI, EN: 1.54 and SiO2 at 1%. Si (Silicon): Period 3, Z=14, M=28.09, Block p, Ox.states [-4,4], Ionic radius: 26.0 pm, charge=4, coord=IV, EN: 1.9; O (Oxygen): Period 2, Z=8, M=16.00, Block p, Ox.states [-2], Ionic radius: 135.0 pm, charge=-2, coord=II, EN: 3.44 (resistance)"
GST,"Ti,SiO2","1%,4%",106.01073865499906,153.80076597549566,160.17575739419223,54.16501873919317,6.380866468565441,164.3843843843844,False,"GST doped with Ti at 1%. Ti (Titanium): Period 4, Z=22, M=47.87, Block d, Ox.states [4], Ionic radius: 67.0 pm, charge=3, coord=VI, EN: 1.54 and SiO2 at 4%. Si (Silicon): Period 3, Z=14, M=28.09, Block p, Ox.states [-4,4], Ionic radius: 26.0 pm, charge=4, coord=IV, EN: 1.9; O (Oxygen): Period 2, Z=8, M=16.00, Block p, Ox.states [-2], Ionic radius: 135.0 pm, charge=-2, coord=II, EN: 3.44 (resistance)"
GST,"Ti,SiO2","2%,3%",108.14951561601828,155.66763803838404,165.92774767826012,57.77823206224184,7.701730530031313,176.15615615615616,False,"GST doped with Ti at 2%. Ti (Titanium): Period 4, Z=22, M=47.87, Block d, Ox.states [4], Ionic radius: 67.0 pm, charge=3, coord=VI, EN: 1.54 and SiO2 at 3%. Si (Silicon): Period 3, Z=14, M=28.09, Block p, Ox.states [-4,4], Ionic radius: 26.0 pm, charge=4, coord=IV, EN: 1.9; O (Oxygen): Period 2, Z=8, M=16.00, Block p, Ox.states [-2], Ionic radius: 135.0 pm, charge=-2, coord=II, EN: 3.44 (resistance)"
GST,"Ti,SiO2","3%,2%",178.57970014501873,182.61908305309095,182.83012291692492,4.250422771906187,7.808520520270555,187.0870870870871,False,"GST doped with Ti at 3%. Ti (Titanium): Period 4, Z=22, M=47.87, Block d, Ox.states [4], Ionic radius: 67.0 pm, charge=3, coord=VI, EN: 1.54 and SiO2 at 2%. Si (Silicon): Period 3, Z=14, M=28.09, Block p, Ox.states [-4,4], Ionic radius: 26.0 pm, charge=4, coord=IV, EN: 1.9; O (Oxygen): Period 2, Z=8, M=16.00, Block p, Ox.states [-2], Ionic radius: 135.0 pm, charge=-2, coord=II, EN: 3.44 (resistance)"
GST,"Ti,SiO2","4%,1%",106.35061043849433,230.37542930571766,329.48019467979304,223.12958424129872,6.613277175729212,327.5075075075075,False,"GST doped with Ti at 4%. Ti (Titanium): Period 4, Z=22, M=47.87, Block d, Ox.states [4], Ionic radius: 67.0 pm, charge=3, coord=VI, EN: 1.54 and SiO2 at 1%. Si (Silicon): Period 3, Z=14, M=28.09, Block p, Ox.states [-4,4], Ionic radius: 26.0 pm, charge=4, coord=IV, EN: 1.9; O (Oxygen): Period 2, Z=8, M=16.00, Block p, Ox.states [-2], Ionic radius: 135.0 pm, charge=-2, coord=II, EN: 3.44 (resistance)"
GST,"Ti,Al2O3","1%,1%",151.53586718566913,155.71837194020165,155.92445516882154,4.388587983152405,5.865904139543964,155.97597597597598,False,"GST doped with Ti at 1%. Ti (Titanium): Period 4, Z=22, M=47.87, Block d, Ox.states [4], Ionic radius: 67.0 pm, charge=3, coord=VI, EN: 1.54 and Al2O3 at 1%. Al (Aluminum): Period 3, Z=13, M=26.98, Block p, Ox.states [3], Ionic radius: 39.0 pm, charge=3, coord=IV, EN: 1.61; O (Oxygen): Period 2, Z=8, M=16.00, Block p, Ox.states [-2], Ionic radius: 135.0 pm, charge=-2, coord=II, EN: 3.44 (resistance)"
GST,"Ti,Al2O3","1%,4%",151.61017622571916,157.40138880738928,157.6064038876044,5.996227661885229,6.010531492293641,157.23723723723725,True,"GST doped with Ti at 1%. Ti (Titanium): Period 4, Z=22, M=47.87, Block d, Ox.states [4], Ionic radius: 67.0 pm, charge=3, coord=VI, EN: 1.54 and Al2O3 at 4%. Al (Aluminum): Period 3, Z=13, M=26.98, Block p, Ox.states [3], Ionic radius: 39.0 pm, charge=3, coord=IV, EN: 1.61; O (Oxygen): Period 2, Z=8, M=16.00, Block p, Ox.states [-2], Ionic radius: 135.0 pm, charge=-2, coord=II, EN: 3.44 (resistance)"
GST,"Ti,Al2O3","2%,3%",151.68696823707856,157.4055104125703,157.6072282086406,5.9202599715620465,6.840708998729454,157.23723723723725,True,"GST doped with Ti at 2%. Ti (Titanium): Period 4, Z=22, M=47.87, Block d, Ox.states [4], Ionic radius: 67.0 pm, charge=3, coord=VI, EN: 1.54 and Al2O3 at 3%. Al (Aluminum): Period 3, Z=13, M=26.98, Block p, Ox.states [3], Ionic radius: 39.0 pm, charge=3, coord=IV, EN: 1.61; O (Oxygen): Period 2, Z=8, M=16.00, Block p, Ox.states [-2], Ionic radius: 135.0 pm, charge=-2, coord=II, EN: 3.44 (resistance)"
GST,"Ti,Al2O3","3%,2%",176.61445754767044,184.7295435493511,184.93389669785861,8.319439150188174,7.630220173981245,186.66666666666669,True,"GST doped with Ti at 3%. Ti (Titanium): Period 4, Z=22, M=47.87, Block d, Ox.states [4], Ionic radius: 67.0 pm, charge=3, coord=VI, EN: 1.54 and Al2O3 at 2%. Al (Aluminum): Period 3, Z=13, M=26.98, Block p, Ox.states [3], Ionic radius: 39.0 pm, charge=3, coord=IV, EN: 1.61; O (Oxygen): Period 2, Z=8, M=16.00, Block p, Ox.states [-2], Ionic radius: 135.0 pm, charge=-2, coord=II, EN: 3.44 (resistance)"
GST,"Ti,Al2O3","4%,1%",172.21851848495993,328.9277516421578,329.13690167978336,156.91838319482343,5.79058146879815,327.5075075075075,False,"GST doped with Ti at 4%. Ti (Titanium): Period 4, Z=22, M=47.87, Block d, Ox.states [4], Ionic radius: 67.0 pm, charge=3, coord=VI, EN: 1.54 and Al2O3 at 1%. Al (Aluminum): Period 3, Z=13, M=26.98, Block p, Ox.states [3], Ionic radius: 39.0 pm, charge=3, coord=IV, EN: 1.61; O (Oxygen): Period 2, Z=8, M=16.00, Block p, Ox.states [-2], Ionic radius: 135.0 pm, charge=-2, coord=II, EN: 3.44 (resistance)"
GST,"Ti,In2Se3","1%,1%",79.3827376635907,153.87993545055335,155.03220142038413,75.64946375679342,6.579525351659218,154.71471471471472,False,"GST doped with Ti at 1%. Ti (Titanium): Period 4, Z=22, M=47.87, Block d, Ox.states [4], Ionic radius: 67.0 pm, charge=3, coord=VI, EN: 1.54 and In2Se3 at 1%. In (Indium): Period 5, Z=49, M=114.82, Block p, Ox.states [3], Ionic radius: 80.0 pm, charge=3, coord=VI, EN: 1.78; Se (Selenium): Period 4, Z=34, M=78.97, Block p, Ox.states [-2,2,4,6], Ionic radius: 28.000000000000004 pm, charge=6, coord=IV, EN: 2.55 (resistance)"
GST,"Ti,In2Se3","1%,4%",151.38531737428838,176.31359735618346,176.52398073249836,25.138663358209982,6.557014095686533,176.15615615615616,True,"GST doped with Ti at 1%. Ti (Titanium): Period 4, Z=22, M=47.87, Block d, Ox.states [4], Ionic radius: 67.0 pm, charge=3, coord=VI, EN: 1.54 and In2Se3 at 4%. In (Indium): Period 5, Z=49, M=114.82, Block p, Ox.states [3], Ionic radius: 80.0 pm, charge=3, coord=VI, EN: 1.78; Se (Selenium): Period 4, Z=34, M=78.97, Block p, Ox.states [-2,2,4,6], Ionic radius: 28.000000000000004 pm, charge=6, coord=IV, EN: 2.55 (resistance)"
GST,"Ti,In2Se3","2%,3%",81.42679806628028,165.60885727171987,176.06215628303138,94.6353582167511,6.552383822060516,175.73573573573574,False,"GST doped with Ti at 2%. Ti (Titanium): Period 4, Z=22, M=47.87, Block d, Ox.states [4], Ionic radius: 67.0 pm, charge=3, coord=VI, EN: 1.54 and In2Se3 at 3%. In (Indium): Period 5, Z=49, M=114.82, Block p, Ox.states [3], Ionic radius: 80.0 pm, charge=3, coord=VI, EN: 1.78; Se (Selenium): Period 4, Z=34, M=78.97, Block p, Ox.states [-2,2,4,6], Ionic radius: 28.000000000000004 pm, charge=6, coord=IV, EN: 2.55 (resistance)"
GST,"Ti,In2Se3","3%,2%",178.83927881568982,182.20385850780494,182.41074167153138,3.5714628558415598,7.56623551793675,182.04204204204206,False,"GST doped with Ti at 3%. Ti (Titanium): Period 4, Z=22, M=47.87, Block d, Ox.states [4], Ionic radius: 67.0 pm, charge=3, coord=VI, EN: 1.54 and In2Se3 at 2%. In (Indium): Period 5, Z=49, M=114.82, Block p, Ox.states [3], Ionic radius: 80.0 pm, charge=3, coord=VI, EN: 1.78; Se (Selenium): Period 4, Z=34, M=78.97, Block p, Ox.states [-2,2,4,6], Ionic radius: 28.000000000000004 pm, charge=6, coord=IV, EN: 2.55 (resistance)"
GST,"Ti,In2Se3","4%,1%",183.4451723662189,202.38129308443476,202.59037273100148,19.145200364782568,6.275306026136992,200.96096096096096,True,"GST doped with Ti at 4%. Ti (Titanium): Period 4, Z=22, M=47.87, Block d, Ox.states [4], Ionic radius: 67.0 pm, charge=3, coord=VI, EN: 1.54 and In2Se3 at 1%. In (Indium): Period 5, Z=49, M=114.82, Block p, Ox.states [3], Ionic radius: 80.0 pm, charge=3, coord=VI, EN: 1.78; Se (Selenium): Period 4, Z=34, M=78.97, Block p, Ox.states [-2,2,4,6], Ionic radius: 28.000000000000004 pm, charge=6, coord=IV, EN: 2.55 (resistance)"
GST,"Cu,Zn","1%,1%",64.10239994350448,150.22371369057726,150.8239421399095,86.72154219640501,6.565175840871097,150.93093093093094,False,"GST doped with Cu at 1%. Cu (Copper): Period 4, Z=29, M=63.55, Block d, Ox.states [2], Ionic radius: 56.99999999999999 pm, charge=2, coord=IVSQ, EN: 1.9 and Zn at 1%. Zn (Zinc): Period 4, Z=30, M=65.38, Block d, Ox.states [2], Ionic radius: 60.0 pm, charge=2, coord=IV, EN: 1.65 (resistance)"
GST,"Cu,Zn","1%,4%",67.48461424717826,150.54823704011295,151.68436712397963,84.19975287680137,6.567055637641808,151.35135135135135,False,"GST doped with Cu at 1%. Cu (Copper): Period 4, Z=29, M=63.55, Block d, Ox.states [2], Ionic radius: 56.99999999999999 pm, charge=2, coord=IVSQ, EN: 1.9 and Zn at 4%. Zn (Zinc): Period 4, Z=30, M=65.38, Block d, Ox.states [2], Ionic radius: 60.0 pm, charge=2, coord=IV, EN: 1.65 (resistance)"
GST,"Cu,Zn","2%,3%",72.56765777536073,150.80321708126988,151.70425582268973,79.136598047329,6.510006783960998,151.35135135135135,False,"GST doped with Cu at 2%. Cu (Copper): Period 4, Z=29, M=63.55, Block d, Ox.states [2], Ionic radius: 56.99999999999999 pm, charge=2, coord=IVSQ, EN: 1.9 and Zn at 3%. Zn (Zinc): Period 4, Z=30, M=65.38, Block d, Ox.states [2], Ionic radius: 60.0 pm, charge=2, coord=IV, EN: 1.65 (resistance)"
GST,"Cu,Zn","3%,2%",64.8968494623489,132.01820591731897,177.31514129522537,112.41829183287648,6.370544898258275,178.25825825825825,False,"GST doped with Cu at 3%. Cu (Copper): Period 4, Z=29, M=63.55, Block d, Ox.states [2], Ionic radius: 56.99999999999999 pm, charge=2, coord=IVSQ, EN: 1.9 and Zn at 2%. Zn (Zinc): Period 4, Z=30, M=65.38, Block d, Ox.states [2], Ionic radius: 60.0 pm, charge=2, coord=IV, EN: 1.65 (resistance)"
GST,"Cu,Zn","4%,1%",58.55499840146734,131.981283370826,155.1086629495163,96.55366454804894,8.78206685164989,166.90690690690693,False,"GST doped with Cu at 4%. Cu (Copper): Period 4, Z=29, M=63.55, Block d, Ox.states [2], Ionic radius: 56.99999999999999 pm, charge=2, coord=IVSQ, EN: 1.9 and Zn at 1%. Zn (Zinc): Period 4, Z=30, M=65.38, Block d, Ox.states [2], Ionic radius: 60.0 pm, charge=2, coord=IV, EN: 1.65 (resistance)"
GST,"Cu,Al","1%,1%",65.08604624651515,150.39601224183804,150.83837209559366,85.7523258490785,6.176029390631394,150.93093093093094,False,"GST doped with Cu at 1%. Cu (Copper): Period 4, Z=29, M=63.55, Block d, Ox.states [2], Ionic radius: 56.99999999999999 pm, charge=2, coord=IVSQ, EN: 1.9 and Al at 1%. Al (Aluminum): Period 3, Z=13, M=26.98, Block p, Ox.states [3], Ionic radius: 39.0 pm, charge=3, coord=IV, EN: 1.61 (resistance)"
GST,"Cu,Al","1%,4%",134.4327228561596,150.6797534768299,150.88069544011114,16.447972583951554,6.156553610058799,150.93093093093094,True,"GST doped with Cu at 1%. Cu (Copper): Period 4, Z=29, M=63.55, Block d, Ox.states [2], Ionic radius: 56.99999999999999 pm, charge=2, coord=IVSQ, EN: 1.9 and Al at 4%. Al (Aluminum): Period 3, Z=13, M=26.98, Block p, Ox.states [3], Ionic radius: 39.0 pm, charge=3, coord=IV, EN: 1.61 (resistance)"
GST,"Cu,Al","2%,3%",69.00859459454945,150.62756920250192,151.69968242715248,82.69108783260303,6.298223630075263,151.35135135135135,False,"GST doped with Cu at 2%. Cu (Copper): Period 4, Z=29, M=63.55, Block d, Ox.states [2], Ionic radius: 56.99999999999999 pm, charge=2, coord=IVSQ, EN: 1.9 and Al at 3%. Al (Aluminum): Period 3, Z=13, M=26.98, Block p, Ox.states [3], Ionic radius: 39.0 pm, charge=3, coord=IV, EN: 1.61 (resistance)"
GST,"Cu,Al","3%,2%",65.04759792215508,154.2019034131352,162.61434555356695,97.56674763141187,7.315761500624657,174.47447447447448,False,"GST doped with Cu at 3%. Cu (Copper): Period 4, Z=29, M=63.55, Block d, Ox.states [2], Ionic radius: 56.99999999999999 pm, charge=2, coord=IVSQ, EN: 1.9 and Al at 2%. Al (Aluminum): Period 3, Z=13, M=26.98, Block p, Ox.states [3], Ionic radius: 39.0 pm, charge=3, coord=IV, EN: 1.61 (resistance)"
GST,"Cu,Al","4%,1%",127.30318952323576,151.92128198808177,152.13801015137057,24.834820628134807,6.511955312613189,152.1921921921922,True,"GST doped with Cu at 4%. Cu (Copper): Period 4, Z=29, M=63.55, Block d, Ox.states [2], Ionic radius: 56.99999999999999 pm, charge=2, coord=IVSQ, EN: 1.9 and Al at 1%. Al (Aluminum): Period 3, Z=13, M=26.98, Block p, Ox.states [3], Ionic radius: 39.0 pm, charge=3, coord=IV, EN: 1.61 (resistance)"
GST,"Cu,C","1%,1%",114.1015913398853,150.23811971226115,150.45603235086108,36.354441010975776,9.34290566529252,150.0900900900901,False,"GST doped with Cu at 1%. Cu (Copper): Period 4, Z=29, M=63.55, Block d, Ox.states [2], Ionic radius: 56.99999999999999 pm, charge=2, coord=IVSQ, EN: 1.9 and C at 1%. C (Carbon): Period 2, Z=6, M=12.01, Block p, Ox.states [-4,4], Ionic radius: -8.0 pm, charge=4, coord=III, EN: 2.55 (resistance)"
GST,"Cu,C","1%,4%",117.50441222282431,150.2424859916667,150.4569056067422,32.95249338391788,9.389524362934619,150.0900900900901,False,"GST doped with Cu at 1%. Cu (Copper): Period 4, Z=29, M=63.55, Block d, Ox.states [2], Ionic radius: 56.99999999999999 pm, charge=2, coord=IVSQ, EN: 1.9 and C at 4%. C (Carbon): Period 2, Z=6, M=12.01, Block p, Ox.states [-4,4], Ionic radius: -8.0 pm, charge=4, coord=III, EN: 2.55 (resistance)"
GST,"Cu,C","2%,3%",149.1145096489828,150.2652906399908,150.461466536407,1.3469568874241986,7.595590343351662,150.0900900900901,False,"GST doped with Cu at 2%. Cu (Copper): Period 4, Z=29, M=63.55, Block d, Ox.states [2], Ionic radius: 56.99999999999999 pm, charge=2, coord=IVSQ, EN: 1.9 and C at 3%. C (Carbon): Period 2, Z=6, M=12.01, Block p, Ox.states [-4,4], Ionic radius: -8.0 pm, charge=4, coord=III, EN: 2.55 (resistance)"
GST,"Cu,C","3%,2%",73.8095837228605,154.92072749442895,175.89538772856937,102.08580400570888,6.200212486579176,175.73573573573574,False,"GST doped with Cu at 3%. Cu (Copper): Period 4, Z=29, M=63.55, Block d, Ox.states [2], Ionic radius: 56.99999999999999 pm, charge=2, coord=IVSQ, EN: 1.9 and C at 2%. C (Carbon): Period 2, Z=6, M=12.01, Block p, Ox.states [-4,4], Ionic radius: -8.0 pm, charge=4, coord=III, EN: 2.55 (resistance)"
GST,"Cu,C","4%,1%",69.08666009885928,150.1831167297216,150.7828856334228,81.69622553456352,8.626001494709497,150.93093093093094,False,"GST doped with Cu at 4%. Cu (Copper): Period 4, Z=29, M=63.55, Block d, Ox.states [2], Ionic radius: 56.99999999999999 pm, charge=2, coord=IVSQ, EN: 1.9 and C at 1%. C (Carbon): Period 2, Z=6, M=12.01, Block p, Ox.states [-4,4], Ionic radius: -8.0 pm, charge=4, coord=III, EN: 2.55 (resistance)"
GST,"Cu,N","1%,1%",79.4537143925435,150.91406998971354,151.67695294716336,72.22323855461985,7.350775158299328,151.35135135135135,False,"GST doped with Cu at 1%. Cu (Copper): Period 4, Z=29, M=63.55, Block d, Ox.states [2], Ionic radius: 56.99999999999999 pm, charge=2, coord=IVSQ, EN: 1.9 and N at 1%. N (Nitrogen): Period 2, Z=7, M=14.01, Block p, Ox.states [-3,3,5], Ionic radius: 146.0 pm, charge=-3, coord=IV, EN: 3.04 (resistance)"
GST,"Cu,N","1%,4%",91.09778751436146,151.4042687973529,151.69827117688857,60.60048366252711,7.418543450083444,151.35135135135135,False,"GST doped with Cu at 1%. Cu (Copper): Period 4, Z=29, M=63.55, Block d, Ox.states [2], Ionic radius: 56.99999999999999 pm, charge=2, coord=IVSQ, EN: 1.9 and N at 4%. N (Nitrogen): Period 2, Z=7, M=14.01, Block p, Ox.states [-3,3,5], Ionic radius: 146.0 pm, charge=-3, coord=IV, EN: 3.04 (resistance)"
GST,"Cu,N","2%,3%",149.86355053954517,151.52604248415588,151.722625914249,1.8590753747038207,10.122771109245706,151.35135135135135,False,"GST doped with Cu at 2%. Cu (Copper): Period 4, Z=29, M=63.55, Block d, Ox.states [2], Ionic radius: 56.99999999999999 pm, charge=2, coord=IVSQ, EN: 1.9 and N at 3%. N (Nitrogen): Period 2, Z=7, M=14.01, Block p, Ox.states [-3,3,5], Ionic radius: 146.0 pm, charge=-3, coord=IV, EN: 3.04 (resistance)"
GST,"Cu,N","3%,2%",74.31333259174127,177.38411912301186,178.61412989288667,104.3007973011454,7.007218411035886,178.25825825825825,False,"GST doped with Cu at 3%. Cu (Copper): Period 4, Z=29, M=63.55, Block d, Ox.states [2], Ionic radius: 56.99999999999999 pm, charge=2, coord=IVSQ, EN: 1.9 and N at 2%. N (Nitrogen): Period 2, Z=7, M=14.01, Block p, Ox.states [-3,3,5], Ionic radius: 146.0 pm, charge=-3, coord=IV, EN: 3.04 (resistance)"
GST,"Cu,N","4%,1%",111.71536919201986,188.02841907137326,188.28436249295385,76.56899330093398,7.806491234964165,187.92792792792793,False,"GST doped with Cu at 4%. Cu (Copper): Period 4, Z=29, M=63.55, Block d, Ox.states [2], Ionic radius: 56.99999999999999 pm, charge=2, coord=IVSQ, EN: 1.9 and N at 1%. N (Nitrogen): Period 2, Z=7, M=14.01, Block p, Ox.states [-3,3,5], Ionic radius: 146.0 pm, charge=-3, coord=IV, EN: 3.04 (resistance)"
GST,"Cu,O","1%,1%",71.15629802342492,149.5536459214122,149.99999451840938,78.84369649498446,6.744092184766453,149.66966966966967,False,"GST doped with Cu at 1%. Cu (Copper): Period 4, Z=29, M=63.55, Block d, Ox.states [2], Ionic radius: 56.99999999999999 pm, charge=2, coord=IVSQ, EN: 1.9 and O at 1%. O (Oxygen): Period 2, Z=8, M=16.00, Block p, Ox.states [-2], Ionic radius: 135.0 pm, charge=-2, coord=II, EN: 3.44 (resistance)"
GST,"Cu,O","2%,3%",70.59602179233352,149.56002381959772,150.00079309340757,79.40477130107405,6.736593494985167,149.66966966966967,False,"GST doped with Cu at 2%. Cu (Copper): Period 4, Z=29, M=63.55, Block d, Ox.states [2], Ionic radius: 56.99999999999999 pm, charge=2, coord=IVSQ, EN: 1.9 and O at 3%. O (Oxygen): Period 2, Z=8, M=16.00, Block p, Ox.states [-2], Ionic radius: 135.0 pm, charge=-2, coord=II, EN: 3.44 (resistance)"
GST,"Cu,O","3%,2%",66.2476280722207,139.45451920273157,144.9519517382143,78.70432366599358,5.9497848302505165,143.7837837837838,False,"GST doped with Cu at 3%. Cu (Copper): Period 4, Z=29, M=63.55, Block d, Ox.states [2], Ionic radius: 56.99999999999999 pm, charge=2, coord=IVSQ, EN: 1.9 and O at 2%. O (Oxygen): Period 2, Z=8, M=16.00, Block p, Ox.states [-2], Ionic radius: 135.0 pm, charge=-2, coord=II, EN: 3.44 (resistance)"
GST,"Cu,O","4%,1%",65.4519344994298,139.51857549897065,142.42925560143206,76.97732110200226,7.99491467163015,150.51051051051053,False,"GST doped with Cu at 4%. Cu (Copper): Period 4, Z=29, M=63.55, Block d, Ox.states [2], Ionic radius: 56.99999999999999 pm, charge=2, coord=IVSQ, EN: 1.9 and O at 1%. O (Oxygen): Period 2, Z=8, M=16.00, Block p, Ox.states [-2], Ionic radius: 135.0 pm, charge=-2, coord=II, EN: 3.44 (resistance)"
GST,"Cu,As","1%,1%",132.3387816928291,150.26777803409948,150.46196401522872,18.12318232239963,6.35896355165511,150.0900900900901,True,"GST doped with Cu at 1%. Cu (Copper): Period 4, Z=29, M=63.55, Block d, Ox.states [2], Ionic radius: 56.99999999999999 pm, charge=2, coord=IVSQ, EN: 1.9 and As at 1%. As (Arsenic): Period 4, Z=33, M=74.92, Block p, Ox.states [-3,3,5], Ionic radius: 33.5 pm, charge=5, coord=IV, EN: 2.18 (resistance)"
GST,"Cu,As","1%,4%",132.3779285074221,150.64079018284292,150.8729027813138,18.4949742738917,6.338214830246885,150.51051051051053,True,"GST doped with Cu at 1%. Cu (Copper): Period 4, Z=29, M=63.55, Block d, Ox.states [2], Ionic radius: 56.99999999999999 pm, charge=2, coord=IVSQ, EN: 1.9 and As at 4%. As (Arsenic): Period 4, Z=33, M=74.92, Block p, Ox.states [-3,3,5], Ionic radius: 33.5 pm, charge=5, coord=IV, EN: 2.18 (resistance)"
GST,"Cu,As","2%,3%",149.47896929951474,150.6666326177773,150.87807126830063,1.3991019687858852,6.7456851943570015,150.93093093093094,False,"GST doped with Cu at 2%. Cu (Copper): Period 4, Z=29, M=63.55, Block d, Ox.states [2], Ionic radius: 56.99999999999999 pm, charge=2, coord=IVSQ, EN: 1.9 and As at 3%. As (Arsenic): Period 4, Z=33, M=74.92, Block p, Ox.states [-3,3,5], Ionic radius: 33.5 pm, charge=5, coord=IV, EN: 2.18 (resistance)"
GST,"Cu,As","3%,2%",101.7842814595194,162.5805604450441,175.67808901603715,73.89380755651774,7.279057589616304,175.31531531531533,False,"GST doped with Cu at 3%. Cu (Copper): Period 4, Z=29, M=63.55, Block d, Ox.states [2], Ionic radius: 56.99999999999999 pm, charge=2, coord=IVSQ, EN: 1.9 and As at 2%. As (Arsenic): Period 4, Z=33, M=74.92, Block p, Ox.states [-3,3,5], Ionic radius: 33.5 pm, charge=5, coord=IV, EN: 2.18 (resistance)"
GST,"Cu,As","4%,1%",127.30730273312695,151.5272394544358,151.72286530830496,24.415562575178015,7.05406530086028,151.77177177177177,True,"GST doped with Cu at 4%. Cu (Copper): Period 4, Z=29, M=63.55, Block d, Ox.states [2], Ionic radius: 56.99999999999999 pm, charge=2, coord=IVSQ, EN: 1.9 and As at 1%. As (Arsenic): Period 4, Z=33, M=74.92, Block p, Ox.states [-3,3,5], Ionic radius: 33.5 pm, charge=5, coord=IV, EN: 2.18 (resistance)"
GST,"Cu,In","1%,1%",132.0261633090331,150.26115715701013,150.46063983981085,18.434476530777744,6.984112224268475,150.0900900900901,True,"GST doped with Cu at 1%. Cu (Copper): Period 4, Z=29, M=63.55, Block d, Ox.states [2], Ionic radius: 56.99999999999999 pm, charge=2, coord=IVSQ, EN: 1.9 and In at 1%. In (Indium): Period 5, Z=49, M=114.82, Block p, Ox.states [3], Ionic radius: 80.0 pm, charge=3, coord=VI, EN: 1.78 (resistance)"
GST,"Cu,In","1%,4%",129.46247121665496,150.2620029928263,150.46080900697407,20.998337790319113,6.389645240084949,150.0900900900901,True,"GST doped with Cu at 1%. Cu (Copper): Period 4, Z=29, M=63.55, Block d, Ox.states [2], Ionic radius: 56.99999999999999 pm, charge=2, coord=IVSQ, EN: 1.9 and In at 4%. In (Indium): Period 5, Z=49, M=114.82, Block p, Ox.states [3], Ionic radius: 80.0 pm, charge=3, coord=VI, EN: 1.78 (resistance)"
GST,"Cu,In","2%,3%",134.46648154010896,150.26292516189866,150.46099344078854,15.994511900679584,6.281418159439902,150.51051051051053,True,"GST doped with Cu at 2%. Cu (Copper): Period 4, Z=29, M=63.55, Block d, Ox.states [2], Ionic radius: 56.99999999999999 pm, charge=2, coord=IVSQ, EN: 1.9 and In at 3%. In (Indium): Period 5, Z=49, M=114.82, Block p, Ox.states [3], Ionic radius: 80.0 pm, charge=3, coord=VI, EN: 1.78 (resistance)"
GST,"Cu,In","3%,2%",105.75564631423165,175.48521104768497,175.685630798126,69.92998448389434,7.318375675172668,175.31531531531533,False,"GST doped with Cu at 3%. Cu (Copper): Period 4, Z=29, M=63.55, Block d, Ox.states [2], Ionic radius: 56.99999999999999 pm, charge=2, coord=IVSQ, EN: 1.9 and In at 2%. In (Indium): Period 5, Z=49, M=114.82, Block p, Ox.states [3], Ionic radius: 80.0 pm, charge=3, coord=VI, EN: 1.78 (resistance)"
GST,"Cu,In","4%,1%",108.84119514329336,151.52322935046388,151.7220632875106,42.88086814421723,5.695958523452404,151.77177177177177,False,"GST doped with Cu at 4%. Cu (Copper): Period 4, Z=29, M=63.55, Block d, Ox.states [2], Ionic radius: 56.99999999999999 pm, charge=2, coord=IVSQ, EN: 1.9 and In at 1%. In (Indium): Period 5, Z=49, M=114.82, Block p, Ox.states [3], Ionic radius: 80.0 pm, charge=3, coord=VI, EN: 1.78 (resistance)"
GST,"Cu,Se","1%,1%",72.73589792151108,150.12166938623508,150.43274228565605,77.69684436414497,6.448934184538322,150.0900900900901,False,"GST doped with Cu at 1%. Cu (Copper): Period 4, Z=29, M=63.55, Block d, Ox.states [2], Ionic radius: 56.99999999999999 pm, charge=2, coord=IVSQ, EN: 1.9 and Se at 1%. Se (Selenium): Period 4, Z=34, M=78.97, Block p, Ox.states [-2,2,4,6], Ionic radius: 28.000000000000004 pm, charge=6, coord=IV, EN: 2.55 (resistance)"
GST,"Cu,Se","1%,4%",73.47092217197165,150.14128185395984,150.43666477920098,76.96574260722933,6.444763674005996,150.0900900900901,False,"GST doped with Cu at 1%. Cu (Copper): Period 4, Z=29, M=63.55, Block d, Ox.states [2], Ionic radius: 56.99999999999999 pm, charge=2, coord=IVSQ, EN: 1.9 and Se at 4%. Se (Selenium): Period 4, Z=34, M=78.97, Block p, Ox.states [-2,2,4,6], Ionic radius: 28.000000000000004 pm, charge=6, coord=IV, EN: 2.55 (resistance)"
GST,"Cu,Se","2%,3%",73.1346300569196,150.15860313109008,150.5423661015517,77.40773604463209,6.435491115754248,150.51051051051053,False,"GST doped with Cu at 2%. Cu (Copper): Period 4, Z=29, M=63.55, Block d, Ox.states [2], Ionic radius: 56.99999999999999 pm, charge=2, coord=IVSQ, EN: 1.9 and Se at 3%. Se (Selenium): Period 4, Z=34, M=78.97, Block p, Ox.states [-2,2,4,6], Ionic radius: 28.000000000000004 pm, charge=6, coord=IV, EN: 2.55 (resistance)"
GST,"Cu,Se","3%,2%",150.13748064364373,153.62117561603858,153.82333422230724,3.6858535786635116,7.081437116411411,153.45345345345345,False,"GST doped with Cu at 3%. Cu (Copper): Period 4, Z=29, M=63.55, Block d, Ox.states [2], Ionic radius: 56.99999999999999 pm, charge=2, coord=IVSQ, EN: 1.9 and Se at 2%. Se (Selenium): Period 4, Z=34, M=78.97, Block p, Ox.states [-2,2,4,6], Ionic radius: 28.000000000000004 pm, charge=6, coord=IV, EN: 2.55 (resistance)"
GST,"Cu,Se","4%,1%",135.9156297144139,151.5276187069089,151.72294115879959,15.807311444385675,6.518338201170886,151.77177177177177,True,"GST doped with Cu at 4%. Cu (Copper): Period 4, Z=29, M=63.55, Block d, Ox.states [2], Ionic radius: 56.99999999999999 pm, charge=2, coord=IVSQ, EN: 1.9 and Se at 1%. Se (Selenium): Period 4, Z=34, M=78.97, Block p, Ox.states [-2,2,4,6], Ionic radius: 28.000000000000004 pm, charge=6, coord=IV, EN: 2.55 (resistance)"
GST,"Cu,TiO2","1%,1%",66.18585352030397,150.36757879592716,151.68294521264124,85.49709169233728,6.533702486942298,151.77177177177177,False,"GST doped with Cu at 1%. Cu (Copper): Period 4, Z=29, M=63.55, Block d, Ox.states [2], Ionic radius: 56.99999999999999 pm, charge=2, coord=IVSQ, EN: 1.9 and TiO2 at 1%. Ti (Titanium): Period 4, Z=22, M=47.87, Block d, Ox.states [4], Ionic radius: 67.0 pm, charge=3, coord=VI, EN: 1.54; O (Oxygen): Period 2, Z=8, M=16.00, Block p, Ox.states [-2], Ionic radius: 135.0 pm, charge=-2, coord=II, EN: 3.44 (resistance)"
GST,"Cu,TiO2","1%,4%",66.42232677422957,150.4649298916395,151.6877711425777,85.26544436834813,6.437003425065008,151.77177177177177,False,"GST doped with Cu at 1%. Cu (Copper): Period 4, Z=29, M=63.55, Block d, Ox.states [2], Ionic radius: 56.99999999999999 pm, charge=2, coord=IVSQ, EN: 1.9 and TiO2 at 4%. Ti (Titanium): Period 4, Z=22, M=47.87, Block d, Ox.states [4], Ionic radius: 67.0 pm, charge=3, coord=VI, EN: 1.54; O (Oxygen): Period 2, Z=8, M=16.00, Block p, Ox.states [-2], Ionic radius: 135.0 pm, charge=-2, coord=II, EN: 3.44 (resistance)"
GST,"Cu,TiO2","2%,3%",69.4632422669828,150.9080880602269,151.69755378302415,82.23431151604134,6.61230113874355,151.77177177177177,False,"GST doped with Cu at 2%. Cu (Copper): Period 4, Z=29, M=63.55, Block d, Ox.states [2], Ionic radius: 56.99999999999999 pm, charge=2, coord=IVSQ, EN: 1.9 and TiO2 at 3%. Ti (Titanium): Period 4, Z=22, M=47.87, Block d, Ox.states [4], Ionic radius: 67.0 pm, charge=3, coord=VI, EN: 1.54; O (Oxygen): Period 2, Z=8, M=16.00, Block p, Ox.states [-2], Ionic radius: 135.0 pm, charge=-2, coord=II, EN: 3.44 (resistance)"
GST,"Cu,TiO2","3%,2%",66.20619683436307,162.6588814785822,176.06470066443526,109.8585038300722,6.6477438111992315,175.73573573573574,False,"GST doped with Cu at 3%. Cu (Copper): Period 4, Z=29, M=63.55, Block d, Ox.states [2], Ionic radius: 56.99999999999999 pm, charge=2, coord=IVSQ, EN: 1.9 and TiO2 at 2%. Ti (Titanium): Period 4, Z=22, M=47.87, Block d, Ox.states [4], Ionic radius: 67.0 pm, charge=3, coord=VI, EN: 1.54; O (Oxygen): Period 2, Z=8, M=16.00, Block p, Ox.states [-2], Ionic radius: 135.0 pm, charge=-2, coord=II, EN: 3.44 (resistance)"
GST,"Cu,TiO2","4%,1%",64.21797614811106,151.67854509214172,154.1894072474979,89.97143109938685,7.2714011635890365,154.71471471471472,False,"GST doped with Cu at 4%. Cu (Copper): Period 4, Z=29, M=63.55, Block d, Ox.states [2], Ionic radius: 56.99999999999999 pm, charge=2, coord=IVSQ, EN: 1.9 and TiO2 at 1%. Ti (Titanium): Period 4, Z=22, M=47.87, Block d, Ox.states [4], Ionic radius: 67.0 pm, charge=3, coord=VI, EN: 1.54; O (Oxygen): Period 2, Z=8, M=16.00, Block p, Ox.states [-2], Ionic radius: 135.0 pm, charge=-2, coord=II, EN: 3.44 (resistance)"
GST,"Cu,ZnO","1%,1%",63.37088725645319,150.39136498358283,150.8395367019713,87.46864944551811,6.7078599607184,150.93093093093094,False,"GST doped with Cu at 1%. Cu (Copper): Period 4, Z=29, M=63.55, Block d, Ox.states [2], Ionic radius: 56.99999999999999 pm, charge=2, coord=IVSQ, EN: 1.9 and ZnO at 1%. Zn (Zinc): Period 4, Z=30, M=65.38, Block d, Ox.states [2], Ionic radius: 60.0 pm, charge=2, coord=IV, EN: 1.65; O (Oxygen): Period 2, Z=8, M=16.00, Block p, Ox.states [-2], Ionic radius: 135.0 pm, charge=-2, coord=II, EN: 3.44 (resistance)"
GST,"Cu,ZnO","1%,4%",61.2171788433766,150.3488163200316,151.67565636512222,90.45847752174562,6.668564264757311,151.35135135135135,False,"GST doped with Cu at 1%. Cu (Copper): Period 4, Z=29, M=63.55, Block d, Ox.states [2], Ionic radius: 56.99999999999999 pm, charge=2, coord=IVSQ, EN: 1.9 and ZnO at 4%. Zn (Zinc): Period 4, Z=30, M=65.38, Block d, Ox.states [2], Ionic radius: 60.0 pm, charge=2, coord=IV, EN: 1.65; O (Oxygen): Period 2, Z=8, M=16.00, Block p, Ox.states [-2], Ionic radius: 135.0 pm, charge=-2, coord=II, EN: 3.44 (resistance)"
GST,"Cu,ZnO","2%,3%",63.410252785478846,150.5054285093008,151.69066810928845,88.2804153238096,6.490918311569814,151.35135135135135,False,"GST doped with Cu at 2%. Cu (Copper): Period 4, Z=29, M=63.55, Block d, Ox.states [2], Ionic radius: 56.99999999999999 pm, charge=2, coord=IVSQ, EN: 1.9 and ZnO at 3%. Zn (Zinc): Period 4, Z=30, M=65.38, Block d, Ox.states [2], Ionic radius: 60.0 pm, charge=2, coord=IV, EN: 1.65; O (Oxygen): Period 2, Z=8, M=16.00, Block p, Ox.states [-2], Ionic radius: 135.0 pm, charge=-2, coord=II, EN: 3.44 (resistance)"
GST,"Cu,ZnO","3%,2%",60.08262327413846,151.50399372856174,154.10093683828947,94.01831356415101,6.147950647019767,153.8738738738739,False,"GST doped with Cu at 3%. Cu (Copper): Period 4, Z=29, M=63.55, Block d, Ox.states [2], Ionic radius: 56.99999999999999 pm, charge=2, coord=IVSQ, EN: 1.9 and ZnO at 2%. Zn (Zinc): Period 4, Z=30, M=65.38, Block d, Ox.states [2], Ionic radius: 60.0 pm, charge=2, coord=IV, EN: 1.65; O (Oxygen): Period 2, Z=8, M=16.00, Block p, Ox.states [-2], Ionic radius: 135.0 pm, charge=-2, coord=II, EN: 3.44 (resistance)"
GST,"Cu,ZnO","4%,1%",59.492982768848684,150.66545800970803,151.69358454580544,92.20060177695674,6.9888751785740375,151.77177177177177,False,"GST doped with Cu at 4%. Cu (Copper): Period 4, Z=29, M=63.55, Block d, Ox.states [2], Ionic radius: 56.99999999999999 pm, charge=2, coord=IVSQ, EN: 1.9 and ZnO at 1%. Zn (Zinc): Period 4, Z=30, M=65.38, Block d, Ox.states [2], Ionic radius: 60.0 pm, charge=2, coord=IV, EN: 1.65; O (Oxygen): Period 2, Z=8, M=16.00, Block p, Ox.states [-2], Ionic radius: 135.0 pm, charge=-2, coord=II, EN: 3.44 (resistance)"
GST,"Cu,SiO2","1%,1%",86.0473436661473,150.13339799391224,150.43508800719147,64.38774434104417,6.118624466170594,150.51051051051053,False,"GST doped with Cu at 1%. Cu (Copper): Period 4, Z=29, M=63.55, Block d, Ox.states [2], Ionic radius: 56.99999999999999 pm, charge=2, coord=IVSQ, EN: 1.9 and SiO2 at 1%. Si (Silicon): Period 3, Z=14, M=28.09, Block p, Ox.states [-4,4], Ionic radius: 26.0 pm, charge=4, coord=IV, EN: 1.9; O (Oxygen): Period 2, Z=8, M=16.00, Block p, Ox.states [-2], Ionic radius: 135.0 pm, charge=-2, coord=II, EN: 3.44 (resistance)"
GST,"Cu,SiO2","1%,4%",86.08155564633246,150.12734370909462,150.43387715022797,64.35232150389551,6.79792612613932,150.51051051051053,False,"GST doped with Cu at 1%. Cu (Copper): Period 4, Z=29, M=63.55, Block d, Ox.states [2], Ionic radius: 56.99999999999999 pm, charge=2, coord=IVSQ, EN: 1.9 and SiO2 at 4%. Si (Silicon): Period 3, Z=14, M=28.09, Block p, Ox.states [-4,4], Ionic radius: 26.0 pm, charge=4, coord=IV, EN: 1.9; O (Oxygen): Period 2, Z=8, M=16.00, Block p, Ox.states [-2], Ionic radius: 135.0 pm, charge=-2, coord=II, EN: 3.44 (resistance)"
GST,"Cu,SiO2","2%,3%",86.14824634041787,150.132029014194,150.55680177184703,64.40855543142916,6.187881503872777,150.93093093093094,False,"GST doped with Cu at 2%. Cu (Copper): Period 4, Z=29, M=63.55, Block d, Ox.states [2], Ionic radius: 56.99999999999999 pm, charge=2, coord=IVSQ, EN: 1.9 and SiO2 at 3%. Si (Silicon): Period 3, Z=14, M=28.09, Block p, Ox.states [-4,4], Ionic radius: 26.0 pm, charge=4, coord=IV, EN: 1.9; O (Oxygen): Period 2, Z=8, M=16.00, Block p, Ox.states [-2], Ionic radius: 135.0 pm, charge=-2, coord=II, EN: 3.44 (resistance)"
GST,"Cu,SiO2","3%,2%",84.85073180805014,151.42602694141368,153.37330319198074,68.5225713839306,6.1111234187131895,153.03303303303304,False,"GST doped with Cu at 3%. Cu (Copper): Period 4, Z=29, M=63.55, Block d, Ox.states [2], Ionic radius: 56.99999999999999 pm, charge=2, coord=IVSQ, EN: 1.9 and SiO2 at 2%. Si (Silicon): Period 3, Z=14, M=28.09, Block p, Ox.states [-4,4], Ionic radius: 26.0 pm, charge=4, coord=IV, EN: 1.9; O (Oxygen): Period 2, Z=8, M=16.00, Block p, Ox.states [-2], Ionic radius: 135.0 pm, charge=-2, coord=II, EN: 3.44 (resistance)"
GST,"Cu,SiO2","4%,1%",79.2576196363838,150.32239479321044,151.68927217937645,72.43165254299265,6.271392381976693,151.35135135135135,False,"GST doped with Cu at 4%. Cu (Copper): Period 4, Z=29, M=63.55, Block d, Ox.states [2], Ionic radius: 56.99999999999999 pm, charge=2, coord=IVSQ, EN: 1.9 and SiO2 at 1%. Si (Silicon): Period 3, Z=14, M=28.09, Block p, Ox.states [-4,4], Ionic radius: 26.0 pm, charge=4, coord=IV, EN: 1.9; O (Oxygen): Period 2, Z=8, M=16.00, Block p, Ox.states [-2], Ionic radius: 135.0 pm, charge=-2, coord=II, EN: 3.44 (resistance)"
GST,"Cu,Al2O3","1%,1%",65.09790939712677,150.53833439122943,150.90255199247807,85.8046425953513,6.357320692964045,151.35135135135135,False,"GST doped with Cu at 1%. Cu (Copper): Period 4, Z=29, M=63.55, Block d, Ox.states [2], Ionic radius: 56.99999999999999 pm, charge=2, coord=IVSQ, EN: 1.9 and Al2O3 at 1%. Al (Aluminum): Period 3, Z=13, M=26.98, Block p, Ox.states [3], Ionic radius: 39.0 pm, charge=3, coord=IV, EN: 1.61; O (Oxygen): Period 2, Z=8, M=16.00, Block p, Ox.states [-2], Ionic radius: 135.0 pm, charge=-2, coord=II, EN: 3.44 (resistance)"
GST,"Cu,Al2O3","1%,4%",65.08893787760985,150.65251516878746,151.6964399946081,86.60750211699826,6.376830019430388,151.35135135135135,False,"GST doped with Cu at 1%. Cu (Copper): Period 4, Z=29, M=63.55, Block d, Ox.states [2], Ionic radius: 56.99999999999999 pm, charge=2, coord=IVSQ, EN: 1.9 and Al2O3 at 4%. Al (Aluminum): Period 3, Z=13, M=26.98, Block p, Ox.states [3], Ionic radius: 39.0 pm, charge=3, coord=IV, EN: 1.61; O (Oxygen): Period 2, Z=8, M=16.00, Block p, Ox.states [-2], Ionic radius: 135.0 pm, charge=-2, coord=II, EN: 3.44 (resistance)"
GST,"Cu,Al2O3","2%,3%",66.27971658475914,150.86120981832255,151.70251669662318,85.42280011186403,6.391577755900554,151.35135135135135,False,"GST doped with Cu at 2%. Cu (Copper): Period 4, Z=29, M=63.55, Block d, Ox.states [2], Ionic radius: 56.99999999999999 pm, charge=2, coord=IVSQ, EN: 1.9 and Al2O3 at 3%. Al (Aluminum): Period 3, Z=13, M=26.98, Block p, Ox.states [3], Ionic radius: 39.0 pm, charge=3, coord=IV, EN: 1.61; O (Oxygen): Period 2, Z=8, M=16.00, Block p, Ox.states [-2], Ionic radius: 135.0 pm, charge=-2, coord=II, EN: 3.44 (resistance)"
GST,"Cu,Al2O3","3%,2%",63.389839835243656,151.56610731779512,153.37673664321167,89.98689680796801,6.845522517263571,153.03303303303304,False,"GST doped with Cu at 3%. Cu (Copper): Period 4, Z=29, M=63.55, Block d, Ox.states [2], Ionic radius: 56.99999999999999 pm, charge=2, coord=IVSQ, EN: 1.9 and Al2O3 at 2%. Al (Aluminum): Period 3, Z=13, M=26.98, Block p, Ox.states [3], Ionic radius: 39.0 pm, charge=3, coord=IV, EN: 1.61; O (Oxygen): Period 2, Z=8, M=16.00, Block p, Ox.states [-2], Ionic radius: 135.0 pm, charge=-2, coord=II, EN: 3.44 (resistance)"
GST,"Cu,Al2O3","4%,1%",59.47672605454197,151.40137988544382,151.69769339450676,92.22096733996479,7.043718228706455,151.77177177177177,False,"GST doped with Cu at 4%. Cu (Copper): Period 4, Z=29, M=63.55, Block d, Ox.states [2], Ionic radius: 56.99999999999999 pm, charge=2, coord=IVSQ, EN: 1.9 and Al2O3 at 1%. Al (Aluminum): Period 3, Z=13, M=26.98, Block p, Ox.states [3], Ionic radius: 39.0 pm, charge=3, coord=IV, EN: 1.61; O (Oxygen): Period 2, Z=8, M=16.00, Block p, Ox.states [-2], Ionic radius: 135.0 pm, charge=-2, coord=II, EN: 3.44 (resistance)"
GST,"Cu,In2Se3","1%,1%",72.41543818078216,150.54212678592788,150.85317010193094,78.43773192114878,7.6449610224716125,150.93093093093094,False,"GST doped with Cu at 1%. Cu (Copper): Period 4, Z=29, M=63.55, Block d, Ox.states [2], Ionic radius: 56.99999999999999 pm, charge=2, coord=IVSQ, EN: 1.9 and In2Se3 at 1%. In (Indium): Period 5, Z=49, M=114.82, Block p, Ox.states [3], Ionic radius: 80.0 pm, charge=3, coord=VI, EN: 1.78; Se (Selenium): Period 4, Z=34, M=78.97, Block p, Ox.states [-2,2,4,6], Ionic radius: 28.000000000000004 pm, charge=6, coord=IV, EN: 2.55 (resistance)"
GST,"Cu,In2Se3","1%,4%",69.71041893745084,150.60147466921234,151.6902147529907,81.97979581553986,7.911468997346406,151.35135135135135,False,"GST doped with Cu at 1%. Cu (Copper): Period 4, Z=29, M=63.55, Block d, Ox.states [2], Ionic radius: 56.99999999999999 pm, charge=2, coord=IVSQ, EN: 1.9 and In2Se3 at 4%. In (Indium): Period 5, Z=49, M=114.82, Block p, Ox.states [3], Ionic radius: 80.0 pm, charge=3, coord=VI, EN: 1.78; Se (Selenium): Period 4, Z=34, M=78.97, Block p, Ox.states [-2,2,4,6], Ionic radius: 28.000000000000004 pm, charge=6, coord=IV, EN: 2.55 (resistance)"
GST,"Cu,In2Se3","2%,3%",109.10770936184578,151.5102319222055,151.71946380185892,42.611754440013144,6.346425483048902,151.35135135135135,False,"GST doped with Cu at 2%. Cu (Copper): Period 4, Z=29, M=63.55, Block d, Ox.states [2], Ionic radius: 56.99999999999999 pm, charge=2, coord=IVSQ, EN: 1.9 and In2Se3 at 3%. In (Indium): Period 5, Z=49, M=114.82, Block p, Ox.states [3], Ionic radius: 80.0 pm, charge=3, coord=VI, EN: 1.78; Se (Selenium): Period 4, Z=34, M=78.97, Block p, Ox.states [-2,2,4,6], Ionic radius: 28.000000000000004 pm, charge=6, coord=IV, EN: 2.55 (resistance)"
GST,"Cu,In2Se3","3%,2%",131.8041167636796,175.4926404188288,175.68711667235473,43.882999908675146,7.094667365159843,175.31531531531533,False,"GST doped with Cu at 3%. Cu (Copper): Period 4, Z=29, M=63.55, Block d, Ox.states [2], Ionic radius: 56.99999999999999 pm, charge=2, coord=IVSQ, EN: 1.9 and In2Se3 at 2%. In (Indium): Period 5, Z=49, M=114.82, Block p, Ox.states [3], Ionic radius: 80.0 pm, charge=3, coord=VI, EN: 1.78; Se (Selenium): Period 4, Z=34, M=78.97, Block p, Ox.states [-2,2,4,6], Ionic radius: 28.000000000000004 pm, charge=6, coord=IV, EN: 2.55 (resistance)"
GST,"Cu,In2Se3","4%,1%",131.66342234187178,151.9269395613862,152.13914166603143,20.475719324159655,7.074144465495209,153.03303303303304,True,"GST doped with Cu at 4%. Cu (Copper): Period 4, Z=29, M=63.55, Block d, Ox.states [2], Ionic radius: 56.99999999999999 pm, charge=2, coord=IVSQ, EN: 1.9 and In2Se3 at 1%. In (Indium): Period 5, Z=49, M=114.82, Block p, Ox.states [3], Ionic radius: 80.0 pm, charge=3, coord=VI, EN: 1.78; Se (Selenium): Period 4, Z=34, M=78.97, Block p, Ox.states [-2,2,4,6], Ionic radius: 28.000000000000004 pm, charge=6, coord=IV, EN: 2.55 (resistance)"
GST,"Zn,Al","1%,1%",64.42215788661446,152.36131315337678,153.38067057295115,88.95851268633669,6.539167763404247,153.03303303303304,False,"GST doped with Zn at 1%. Zn (Zinc): Period 4, Z=30, M=65.38, Block d, Ox.states [2], Ionic radius: 60.0 pm, charge=2, coord=IV, EN: 1.65 and Al at 1%. Al (Aluminum): Period 3, Z=13, M=26.98, Block p, Ox.states [3], Ionic radius: 39.0 pm, charge=3, coord=IV, EN: 1.61 (resistance)"
GST,"Zn,Al","1%,4%",61.088596653319286,152.38051005816624,153.37732036979185,92.28872371647256,6.5753865135175396,153.03303303303304,False,"GST doped with Zn at 1%. Zn (Zinc): Period 4, Z=30, M=65.38, Block d, Ox.states [2], Ionic radius: 60.0 pm, charge=2, coord=IV, EN: 1.65 and Al at 4%. Al (Aluminum): Period 3, Z=13, M=26.98, Block p, Ox.states [3], Ionic radius: 39.0 pm, charge=3, coord=IV, EN: 1.61 (resistance)"
GST,"Zn,Al","2%,3%",64.8266524503524,153.19345371331968,153.73845063036663,88.91179818001423,7.54447044046357,153.45345345345345,False,"GST doped with Zn at 2%. Zn (Zinc): Period 4, Z=30, M=65.38, Block d, Ox.states [2], Ionic radius: 60.0 pm, charge=2, coord=IV, EN: 1.65 and Al at 3%. Al (Aluminum): Period 3, Z=13, M=26.98, Block p, Ox.states [3], Ionic radius: 39.0 pm, charge=3, coord=IV, EN: 1.61 (resistance)"
GST,"Zn,Al","3%,2%",62.25186966004427,113.11310355527723,178.96581508607807,116.7139454260338,7.731338233123527,178.6786786786787,False,"GST doped with Zn at 3%. Zn (Zinc): Period 4, Z=30, M=65.38, Block d, Ox.states [2], Ionic radius: 60.0 pm, charge=2, coord=IV, EN: 1.65 and Al at 2%. Al (Aluminum): Period 3, Z=13, M=26.98, Block p, Ox.states [3], Ionic radius: 39.0 pm, charge=3, coord=IV, EN: 1.61 (resistance)"
GST,"Zn,Al","4%,1%",95.8244575560837,188.09011300929788,188.29670128053868,92.47224372445498,6.894073259553522,190.03003003003005,False,"GST doped with Zn at 4%. Zn (Zinc): Period 4, Z=30, M=65.38, Block d, Ox.states [2], Ionic radius: 60.0 pm, charge=2, coord=IV, EN: 1.65 and Al at 1%. Al (Aluminum): Period 3, Z=13, M=26.98, Block p, Ox.states [3], Ionic radius: 39.0 pm, charge=3, coord=IV, EN: 1.61 (resistance)"
GST,"Zn,C","1%,1%",111.65705474297927,154.43402565870076,154.65857690351237,43.0015221605331,6.743992340415858,154.2942942942943,False,"GST doped with Zn at 1%. Zn (Zinc): Period 4, Z=30, M=65.38, Block d, Ox.states [2], Ionic radius: 60.0 pm, charge=2, coord=IV, EN: 1.65 and C at 1%. C (Carbon): Period 2, Z=6, M=12.01, Block p, Ox.states [-4,4], Ionic radius: -8.0 pm, charge=4, coord=III, EN: 2.55 (resistance)"
GST,"Zn,C","1%,4%",111.60621872030926,154.8668044696908,155.0814690020467,43.475250281737445,6.774564598190722,155.13513513513513,False,"GST doped with Zn at 1%. Zn (Zinc): Period 4, Z=30, M=65.38, Block d, Ox.states [2], Ionic radius: 60.0 pm, charge=2, coord=IV, EN: 1.65 and C at 4%. C (Carbon): Period 2, Z=6, M=12.01, Block p, Ox.states [-4,4], Ionic radius: -8.0 pm, charge=4, coord=III, EN: 2.55 (resistance)"
GST,"Zn,C","2%,3%",112.51193394277352,154.00768900740024,154.23697323691596,41.725039294142434,6.093667667026789,153.8738738738739,False,"GST doped with Zn at 2%. Zn (Zinc): Period 4, Z=30, M=65.38, Block d, Ox.states [2], Ionic radius: 60.0 pm, charge=2, coord=IV, EN: 1.65 and C at 3%. C (Carbon): Period 2, Z=6, M=12.01, Block p, Ox.states [-4,4], Ionic radius: -8.0 pm, charge=4, coord=III, EN: 2.55 (resistance)"
GST,"Zn,C","3%,2%",103.08848521945404,180.4961184581586,180.7238483162568,77.63536309680276,6.634359271732141,180.36036036036037,False,"GST doped with Zn at 3%. Zn (Zinc): Period 4, Z=30, M=65.38, Block d, Ox.states [2], Ionic radius: 60.0 pm, charge=2, coord=IV, EN: 1.65 and C at 2%. C (Carbon): Period 2, Z=6, M=12.01, Block p, Ox.states [-4,4], Ionic radius: -8.0 pm, charge=4, coord=III, EN: 2.55 (resistance)"
GST,"Zn,C","4%,1%",103.25587069076242,188.09803554130377,188.29828578693986,85.04241509617744,6.868088015398019,192.97297297297297,False,"GST doped with Zn at 4%. Zn (Zinc): Period 4, Z=30, M=65.38, Block d, Ox.states [2], Ionic radius: 60.0 pm, charge=2, coord=IV, EN: 1.65 and C at 1%. C (Carbon): Period 2, Z=6, M=12.01, Block p, Ox.states [-4,4], Ionic radius: -8.0 pm, charge=4, coord=III, EN: 2.55 (resistance)"
GST,"Zn,N","1%,1%",112.59314568081098,163.29373516251474,163.4935818673382,50.90043618652723,6.884170336802063,155.13513513513513,False,"GST doped with Zn at 1%. Zn (Zinc): Period 4, Z=30, M=65.38, Block d, Ox.states [2], Ionic radius: 60.0 pm, charge=2, coord=IV, EN: 1.65 and N at 1%. N (Nitrogen): Period 2, Z=7, M=14.01, Block p, Ox.states [-3,3,5], Ionic radius: 146.0 pm, charge=-3, coord=IV, EN: 3.04 (resistance)"
GST,"Zn,N","1%,4%",112.66699057206091,179.6244810155401,179.8768481550605,67.20985758299958,6.587963831420179,179.51951951951952,False,"GST doped with Zn at 1%. Zn (Zinc): Period 4, Z=30, M=65.38, Block d, Ox.states [2], Ionic radius: 60.0 pm, charge=2, coord=IV, EN: 1.65 and N at 4%. N (Nitrogen): Period 2, Z=7, M=14.01, Block p, Ox.states [-3,3,5], Ionic radius: 146.0 pm, charge=-3, coord=IV, EN: 3.04 (resistance)"
GST,"Zn,N","2%,3%",113.07173457491339,163.69366691929062,163.90990455502973,50.838169980116334,7.152819483744693,176.15615615615616,False,"GST doped with Zn at 2%. Zn (Zinc): Period 4, Z=30, M=65.38, Block d, Ox.states [2], Ionic radius: 60.0 pm, charge=2, coord=IV, EN: 1.65 and N at 3%. N (Nitrogen): Period 2, Z=7, M=14.01, Block p, Ox.states [-3,3,5], Ionic radius: 146.0 pm, charge=-3, coord=IV, EN: 3.04 (resistance)"
GST,"Zn,N","3%,2%",95.64320742861108,113.23843095482184,113.45849700177563,17.81528957316455,5.92326405862028,111.41141141141142,False,"GST doped with Zn at 3%. Zn (Zinc): Period 4, Z=30, M=65.38, Block d, Ox.states [2], Ionic radius: 60.0 pm, charge=2, coord=IV, EN: 1.65 and N at 2%. N (Nitrogen): Period 2, Z=7, M=14.01, Block p, Ox.states [-3,3,5], Ionic radius: 146.0 pm, charge=-3, coord=IV, EN: 3.04 (resistance)"
GST,"Zn,N","4%,1%",111.53021957463653,325.5714362547756,325.7749479116162,214.24472833697968,5.430272499524682,111.83183183183183,False,"GST doped with Zn at 4%. Zn (Zinc): Period 4, Z=30, M=65.38, Block d, Ox.states [2], Ionic radius: 60.0 pm, charge=2, coord=IV, EN: 1.65 and N at 1%. N (Nitrogen): Period 2, Z=7, M=14.01, Block p, Ox.states [-3,3,5], Ionic radius: 146.0 pm, charge=-3, coord=IV, EN: 3.04 (resistance)"
GST,"Zn,O","1%,1%",122.27795594030454,154.02597116327496,154.24062966809086,31.962673727786324,11.04821129600947,153.8738738738739,False,"GST doped with Zn at 1%. Zn (Zinc): Period 4, Z=30, M=65.38, Block d, Ox.states [2], Ionic radius: 60.0 pm, charge=2, coord=IV, EN: 1.65 and O at 1%. O (Oxygen): Period 2, Z=8, M=16.00, Block p, Ox.states [-2], Ionic radius: 135.0 pm, charge=-2, coord=II, EN: 3.44 (resistance)"
GST,"Zn,O","2%,3%",129.24872445227632,154.0155037616963,154.23853618777514,24.98981173549882,14.502320695060053,153.8738738738739,True,"GST doped with Zn at 2%. Zn (Zinc): Period 4, Z=30, M=65.38, Block d, Ox.states [2], Ionic radius: 60.0 pm, charge=2, coord=IV, EN: 1.65 and O at 3%. O (Oxygen): Period 2, Z=8, M=16.00, Block p, Ox.states [-2], Ionic radius: 135.0 pm, charge=-2, coord=II, EN: 3.44 (resistance)"
GST,"Zn,O","3%,2%",65.09857111585407,179.5432139914115,179.8605947502349,114.76202363438082,6.267338097688199,179.51951951951952,False,"GST doped with Zn at 3%. Zn (Zinc): Period 4, Z=30, M=65.38, Block d, Ox.states [2], Ionic radius: 60.0 pm, charge=2, coord=IV, EN: 1.65 and O at 2%. O (Oxygen): Period 2, Z=8, M=16.00, Block p, Ox.states [-2], Ionic radius: 135.0 pm, charge=-2, coord=II, EN: 3.44 (resistance)"
GST,"Zn,O","4%,1%",107.11920559057673,201.53747246777266,201.7489359349964,94.62973034441968,7.0248202469643015,201.3813813813814,False,"GST doped with Zn at 4%. Zn (Zinc): Period 4, Z=30, M=65.38, Block d, Ox.states [2], Ionic radius: 60.0 pm, charge=2, coord=IV, EN: 1.65 and O at 1%. O (Oxygen): Period 2, Z=8, M=16.00, Block p, Ox.states [-2], Ionic radius: 135.0 pm, charge=-2, coord=II, EN: 3.44 (resistance)"
GST,"Zn,As","1%,1%",90.96897024521697,152.28429876101276,152.54694984229317,61.57797959707621,10.700576861609669,152.61261261261262,False,"GST doped with Zn at 1%. Zn (Zinc): Period 4, Z=30, M=65.38, Block d, Ox.states [2], Ionic radius: 60.0 pm, charge=2, coord=IV, EN: 1.65 and As at 1%. As (Arsenic): Period 4, Z=33, M=74.92, Block p, Ox.states [-3,3,5], Ionic radius: 33.5 pm, charge=5, coord=IV, EN: 2.18 (resistance)"
GST,"Zn,As","1%,4%",91.17592989902762,153.18535655465197,153.39983407369357,62.22390417466595,10.68748757403732,153.03303303303304,False,"GST doped with Zn at 1%. Zn (Zinc): Period 4, Z=30, M=65.38, Block d, Ox.states [2], Ionic radius: 60.0 pm, charge=2, coord=IV, EN: 1.65 and As at 4%. As (Arsenic): Period 4, Z=33, M=74.92, Block p, Ox.states [-3,3,5], Ionic radius: 33.5 pm, charge=5, coord=IV, EN: 2.18 (resistance)"
GST,"Zn,As","2%,3%",108.83459889429886,153.20453909176226,153.40367058111562,44.569071686816756,10.89484996313406,153.03303303303304,False,"GST doped with Zn at 2%. Zn (Zinc): Period 4, Z=30, M=65.38, Block d, Ox.states [2], Ionic radius: 60.0 pm, charge=2, coord=IV, EN: 1.65 and As at 3%. As (Arsenic): Period 4, Z=33, M=74.92, Block p, Ox.states [-3,3,5], Ionic radius: 33.5 pm, charge=5, coord=IV, EN: 2.18 (resistance)"
GST,"Zn,As","3%,2%",59.52674760909971,111.47734721992248,178.6032977891702,119.07655018007048,7.610791564467561,178.25825825825825,False,"GST doped with Zn at 3%. Zn (Zinc): Period 4, Z=30, M=65.38, Block d, Ox.states [2], Ionic radius: 60.0 pm, charge=2, coord=IV, EN: 1.65 and As at 2%. As (Arsenic): Period 4, Z=33, M=74.92, Block p, Ox.states [-3,3,5], Ionic radius: 33.5 pm, charge=5, coord=IV, EN: 2.18 (resistance)"
GST,"Zn,As","4%,1%",101.24053262092292,178.4260410921605,178.62815116137546,77.38761854045254,8.351537243977702,178.25825825825825,False,"GST doped with Zn at 4%. Zn (Zinc): Period 4, Z=30, M=65.38, Block d, Ox.states [2], Ionic radius: 60.0 pm, charge=2, coord=IV, EN: 1.65 and As at 1%. As (Arsenic): Period 4, Z=33, M=74.92, Block p, Ox.states [-3,3,5], Ionic radius: 33.5 pm, charge=5, coord=IV, EN: 2.18 (resistance)"
GST,"Zn,In","1%,1%",64.0988655217494,151.40361487572525,151.69814039256306,87.59927487081366,6.7234051688991645,151.35135135135135,False,"GST doped with Zn at 1%. Zn (Zinc): Period 4, Z=30, M=65.38, Block d, Ox.states [2], Ionic radius: 60.0 pm, charge=2, coord=IV, EN: 1.65 and In at 1%. In (Indium): Period 5, Z=49, M=114.82, Block p, Ox.states [3], Ionic radius: 80.0 pm, charge=3, coord=VI, EN: 1.78 (resistance)"
GST,"Zn,In","1%,4%",82.93274709445959,151.51036074518134,151.71948956645411,68.78674247199453,6.721245808886561,151.77177177177177,False,"GST doped with Zn at 1%. Zn (Zinc): Period 4, Z=30, M=65.38, Block d, Ox.states [2], Ionic radius: 60.0 pm, charge=2, coord=IV, EN: 1.65 and In at 4%. In (Indium): Period 5, Z=49, M=114.82, Block p, Ox.states [3], Ionic radius: 80.0 pm, charge=3, coord=VI, EN: 1.78 (resistance)"
GST,"Zn,In","2%,3%",95.48570333505465,151.53247966185555,151.72391334978892,56.238210014734264,6.300134471642179,151.35135135135135,False,"GST doped with Zn at 2%. Zn (Zinc): Period 4, Z=30, M=65.38, Block d, Ox.states [2], Ionic radius: 60.0 pm, charge=2, coord=IV, EN: 1.65 and In at 3%. In (Indium): Period 5, Z=49, M=114.82, Block p, Ox.states [3], Ionic radius: 80.0 pm, charge=3, coord=VI, EN: 1.78 (resistance)"
GST,"Zn,In","3%,2%",62.11607042786323,102.74385134987816,110.52199055766795,48.40592012980472,9.751269166164922,110.990990990991,False,"GST doped with Zn at 3%. Zn (Zinc): Period 4, Z=30, M=65.38, Block d, Ox.states [2], Ionic radius: 60.0 pm, charge=2, coord=IV, EN: 1.65 and In at 2%. In (Indium): Period 5, Z=49, M=114.82, Block p, Ox.states [3], Ionic radius: 80.0 pm, charge=3, coord=VI, EN: 1.78 (resistance)"
GST,"Zn,In","4%,1%",63.75481378085422,112.6796171654578,177.30042165327427,113.54560787242005,5.5785762769510825,178.25825825825825,False,"GST doped with Zn at 4%. Zn (Zinc): Period 4, Z=30, M=65.38, Block d, Ox.states [2], Ionic radius: 60.0 pm, charge=2, coord=IV, EN: 1.65 and In at 1%. In (Indium): Period 5, Z=49, M=114.82, Block p, Ox.states [3], Ionic radius: 80.0 pm, charge=3, coord=VI, EN: 1.78 (resistance)"
GST,"Zn,Se","1%,1%",65.06555689881363,151.42797561394255,151.7030125402065,86.63745564139286,8.280949246690648,151.77177177177177,False,"GST doped with Zn at 1%. Zn (Zinc): Period 4, Z=30, M=65.38, Block d, Ox.states [2], Ionic radius: 60.0 pm, charge=2, coord=IV, EN: 1.65 and Se at 1%. Se (Selenium): Period 4, Z=34, M=78.97, Block p, Ox.states [-2,2,4,6], Ionic radius: 28.000000000000004 pm, charge=6, coord=IV, EN: 2.55 (resistance)"
GST,"Zn,Se","1%,4%",65.72875698456835,151.43844079726455,151.70510557687086,85.97634859230251,9.142028285065424,151.77177177177177,False,"GST doped with Zn at 1%. Zn (Zinc): Period 4, Z=30, M=65.38, Block d, Ox.states [2], Ionic radius: 60.0 pm, charge=2, coord=IV, EN: 1.65 and Se at 4%. Se (Selenium): Period 4, Z=34, M=78.97, Block p, Ox.states [-2,2,4,6], Ionic radius: 28.000000000000004 pm, charge=6, coord=IV, EN: 2.55 (resistance)"
GST,"Zn,Se","2%,3%",64.40354526375529,151.47771864047272,151.96606786956883,87.56252260581354,8.49318601677369,151.77177177177177,False,"GST doped with Zn at 2%. Zn (Zinc): Period 4, Z=30, M=65.38, Block d, Ox.states [2], Ionic radius: 60.0 pm, charge=2, coord=IV, EN: 1.65 and Se at 3%. Se (Selenium): Period 4, Z=34, M=78.97, Block p, Ox.states [-2,2,4,6], Ionic radius: 28.000000000000004 pm, charge=6, coord=IV, EN: 2.55 (resistance)"
GST,"Zn,Se","3%,2%",110.72529432894832,177.15422561130296,177.36477905619495,66.63948472724663,5.878480649149045,178.25825825825825,False,"GST doped with Zn at 3%. Zn (Zinc): Period 4, Z=30, M=65.38, Block d, Ox.states [2], Ionic radius: 60.0 pm, charge=2, coord=IV, EN: 1.65 and Se at 2%. Se (Selenium): Period 4, Z=34, M=78.97, Block p, Ox.states [-2,2,4,6], Ionic radius: 28.000000000000004 pm, charge=6, coord=IV, EN: 2.55 (resistance)"
GST,"Zn,Se","4%,1%",110.93295345459,178.41291159753303,178.62552526245,67.69257180785999,6.6394165127711275,178.25825825825825,False,"GST doped with Zn at 4%. Zn (Zinc): Period 4, Z=30, M=65.38, Block d, Ox.states [2], Ionic radius: 60.0 pm, charge=2, coord=IV, EN: 1.65 and Se at 1%. Se (Selenium): Period 4, Z=34, M=78.97, Block p, Ox.states [-2,2,4,6], Ionic radius: 28.000000000000004 pm, charge=6, coord=IV, EN: 2.55 (resistance)"
GST,"Zn,TiO2","1%,1%",102.41911967796636,199.79585897567534,200.0552678912317,97.63614821326533,6.496772258407173,196.33633633633633,False,"GST doped with Zn at 1%. Zn (Zinc): Period 4, Z=30, M=65.38, Block d, Ox.states [2], Ionic radius: 60.0 pm, charge=2, coord=IV, EN: 1.65 and TiO2 at 1%. Ti (Titanium): Period 4, Z=22, M=47.87, Block d, Ox.states [4], Ionic radius: 67.0 pm, charge=3, coord=VI, EN: 1.54; O (Oxygen): Period 2, Z=8, M=16.00, Block p, Ox.states [-2], Ionic radius: 135.0 pm, charge=-2, coord=II, EN: 3.44 (resistance)"
GST,"Zn,TiO2","1%,4%",151.71637774009378,204.4975473672696,204.69530526925013,52.97892752915635,6.510209432084826,203.06306306306308,False,"GST doped with Zn at 1%. Zn (Zinc): Period 4, Z=30, M=65.38, Block d, Ox.states [2], Ionic radius: 60.0 pm, charge=2, coord=IV, EN: 1.65 and TiO2 at 4%. Ti (Titanium): Period 4, Z=22, M=47.87, Block d, Ox.states [4], Ionic radius: 67.0 pm, charge=3, coord=VI, EN: 1.54; O (Oxygen): Period 2, Z=8, M=16.00, Block p, Ox.states [-2], Ionic radius: 135.0 pm, charge=-2, coord=II, EN: 3.44 (resistance)"
GST,"Zn,TiO2","2%,3%",153.1439008349776,181.35822234178386,181.5689417656545,28.425040930676914,10.754598318925426,196.75675675675677,True,"GST doped with Zn at 2%. Zn (Zinc): Period 4, Z=30, M=65.38, Block d, Ox.states [2], Ionic radius: 60.0 pm, charge=2, coord=IV, EN: 1.65 and TiO2 at 3%. Ti (Titanium): Period 4, Z=22, M=47.87, Block d, Ox.states [4], Ionic radius: 67.0 pm, charge=3, coord=VI, EN: 1.54; O (Oxygen): Period 2, Z=8, M=16.00, Block p, Ox.states [-2], Ionic radius: 135.0 pm, charge=-2, coord=II, EN: 3.44 (resistance)"
GST,"Zn,TiO2","3%,2%",70.92678986896726,186.59829217525188,188.67036312422482,117.74357325525756,9.807188238553035,192.97297297297297,False,"GST doped with Zn at 3%. Zn (Zinc): Period 4, Z=30, M=65.38, Block d, Ox.states [2], Ionic radius: 60.0 pm, charge=2, coord=IV, EN: 1.65 and TiO2 at 2%. Ti (Titanium): Period 4, Z=22, M=47.87, Block d, Ox.states [4], Ionic radius: 67.0 pm, charge=3, coord=VI, EN: 1.54; O (Oxygen): Period 2, Z=8, M=16.00, Block p, Ox.states [-2], Ionic radius: 135.0 pm, charge=-2, coord=II, EN: 3.44 (resistance)"
GST,"Zn,TiO2","4%,1%",186.5433557214152,328.5200736846386,328.71902975194314,142.17567403052794,11.410178272046439,335.4954954954955,False,"GST doped with Zn at 4%. Zn (Zinc): Period 4, Z=30, M=65.38, Block d, Ox.states [2], Ionic radius: 60.0 pm, charge=2, coord=IV, EN: 1.65 and TiO2 at 1%. Ti (Titanium): Period 4, Z=22, M=47.87, Block d, Ox.states [4], Ionic radius: 67.0 pm, charge=3, coord=VI, EN: 1.54; O (Oxygen): Period 2, Z=8, M=16.00, Block p, Ox.states [-2], Ionic radius: 135.0 pm, charge=-2, coord=II, EN: 3.44 (resistance)"
GST,"Zn,ZnO","1%,1%",62.05228219141303,151.9074130713367,153.37493254765877,91.32265035624575,6.258162338874577,153.03303303303304,False,"GST doped with Zn at 1%. Zn (Zinc): Period 4, Z=30, M=65.38, Block d, Ox.states [2], Ionic radius: 60.0 pm, charge=2, coord=IV, EN: 1.65 and ZnO at 1%. Zn (Zinc): Period 4, Z=30, M=65.38, Block d, Ox.states [2], Ionic radius: 60.0 pm, charge=2, coord=IV, EN: 1.65; O (Oxygen): Period 2, Z=8, M=16.00, Block p, Ox.states [-2], Ionic radius: 135.0 pm, charge=-2, coord=II, EN: 3.44 (resistance)"
GST,"Zn,ZnO","1%,4%",61.42639261959861,153.1096124262321,154.11401433468387,92.68762171508527,6.15078005673471,153.8738738738739,False,"GST doped with Zn at 1%. Zn (Zinc): Period 4, Z=30, M=65.38, Block d, Ox.states [2], Ionic radius: 60.0 pm, charge=2, coord=IV, EN: 1.65 and ZnO at 4%. Zn (Zinc): Period 4, Z=30, M=65.38, Block d, Ox.states [2], Ionic radius: 60.0 pm, charge=2, coord=IV, EN: 1.65; O (Oxygen): Period 2, Z=8, M=16.00, Block p, Ox.states [-2], Ionic radius: 135.0 pm, charge=-2, coord=II, EN: 3.44 (resistance)"
GST,"Zn,ZnO","2%,3%",61.48385158350937,153.19380526918948,154.1778359051632,92.69398432165383,6.578682409807843,153.8738738738739,False,"GST doped with Zn at 2%. Zn (Zinc): Period 4, Z=30, M=65.38, Block d, Ox.states [2], Ionic radius: 60.0 pm, charge=2, coord=IV, EN: 1.65 and ZnO at 3%. Zn (Zinc): Period 4, Z=30, M=65.38, Block d, Ox.states [2], Ionic radius: 60.0 pm, charge=2, coord=IV, EN: 1.65; O (Oxygen): Period 2, Z=8, M=16.00, Block p, Ox.states [-2], Ionic radius: 135.0 pm, charge=-2, coord=II, EN: 3.44 (resistance)"
GST,"Zn,ZnO","3%,2%",59.70394180556932,176.5941952286408,178.60254905377292,118.8986072482036,7.002321153078711,178.25825825825825,False,"GST doped with Zn at 3%. Zn (Zinc): Period 4, Z=30, M=65.38, Block d, Ox.states [2], Ionic radius: 60.0 pm, charge=2, coord=IV, EN: 1.65 and ZnO at 2%. Zn (Zinc): Period 4, Z=30, M=65.38, Block d, Ox.states [2], Ionic radius: 60.0 pm, charge=2, coord=IV, EN: 1.65; O (Oxygen): Period 2, Z=8, M=16.00, Block p, Ox.states [-2], Ionic radius: 135.0 pm, charge=-2, coord=II, EN: 3.44 (resistance)"
GST,"Zn,ZnO","4%,1%",60.40179263219491,176.9343150672099,179.82986591325766,119.42807328106275,7.510143554722647,180.36036036036037,False,"GST doped with Zn at 4%. Zn (Zinc): Period 4, Z=30, M=65.38, Block d, Ox.states [2], Ionic radius: 60.0 pm, charge=2, coord=IV, EN: 1.65 and ZnO at 1%. Zn (Zinc): Period 4, Z=30, M=65.38, Block d, Ox.states [2], Ionic radius: 60.0 pm, charge=2, coord=IV, EN: 1.65; O (Oxygen): Period 2, Z=8, M=16.00, Block p, Ox.states [-2], Ionic radius: 135.0 pm, charge=-2, coord=II, EN: 3.44 (resistance)"
GST,"Zn,SiO2","1%,1%",110.5852064433958,152.317990382941,152.55368816667877,41.96848172328296,7.099125667335839,152.61261261261262,False,"GST doped with Zn at 1%. Zn (Zinc): Period 4, Z=30, M=65.38, Block d, Ox.states [2], Ionic radius: 60.0 pm, charge=2, coord=IV, EN: 1.65 and SiO2 at 1%. Si (Silicon): Period 3, Z=14, M=28.09, Block p, Ox.states [-4,4], Ionic radius: 26.0 pm, charge=4, coord=IV, EN: 1.9; O (Oxygen): Period 2, Z=8, M=16.00, Block p, Ox.states [-2], Ionic radius: 135.0 pm, charge=-2, coord=II, EN: 3.44 (resistance)"
GST,"Zn,SiO2","1%,4%",110.725997869579,153.46594074217916,153.7922872475356,43.06628937795659,6.382010553013993,153.45345345345345,False,"GST doped with Zn at 1%. Zn (Zinc): Period 4, Z=30, M=65.38, Block d, Ox.states [2], Ionic radius: 60.0 pm, charge=2, coord=IV, EN: 1.65 and SiO2 at 4%. Si (Silicon): Period 3, Z=14, M=28.09, Block p, Ox.states [-4,4], Ionic radius: 26.0 pm, charge=4, coord=IV, EN: 1.9; O (Oxygen): Period 2, Z=8, M=16.00, Block p, Ox.states [-2], Ionic radius: 135.0 pm, charge=-2, coord=II, EN: 3.44 (resistance)"
GST,"Zn,SiO2","2%,3%",150.37675030392526,153.61206881334863,153.82151286176926,3.444762557844001,7.029685010932155,153.45345345345345,False,"GST doped with Zn at 2%. Zn (Zinc): Period 4, Z=30, M=65.38, Block d, Ox.states [2], Ionic radius: 60.0 pm, charge=2, coord=IV, EN: 1.65 and SiO2 at 3%. Si (Silicon): Period 3, Z=14, M=28.09, Block p, Ox.states [-4,4], Ionic radius: 26.0 pm, charge=4, coord=IV, EN: 1.9; O (Oxygen): Period 2, Z=8, M=16.00, Block p, Ox.states [-2], Ionic radius: 135.0 pm, charge=-2, coord=II, EN: 3.44 (resistance)"
GST,"Zn,SiO2","3%,2%",147.29309469098382,178.43885506896945,178.63071395673722,31.337619265753403,6.757429929998267,178.25825825825825,False,"GST doped with Zn at 3%. Zn (Zinc): Period 4, Z=30, M=65.38, Block d, Ox.states [2], Ionic radius: 60.0 pm, charge=2, coord=IV, EN: 1.65 and SiO2 at 2%. Si (Silicon): Period 3, Z=14, M=28.09, Block p, Ox.states [-4,4], Ionic radius: 26.0 pm, charge=4, coord=IV, EN: 1.9; O (Oxygen): Period 2, Z=8, M=16.00, Block p, Ox.states [-2], Ionic radius: 135.0 pm, charge=-2, coord=II, EN: 3.44 (resistance)"
GST,"Zn,SiO2","4%,1%",151.58718555945418,179.25963179591457,179.46754197479893,27.88035641534475,6.372134900288369,180.36036036036037,True,"GST doped with Zn at 4%. Zn (Zinc): Period 4, Z=30, M=65.38, Block d, Ox.states [2], Ionic radius: 60.0 pm, charge=2, coord=IV, EN: 1.65 and SiO2 at 1%. Si (Silicon): Period 3, Z=14, M=28.09, Block p, Ox.states [-4,4], Ionic radius: 26.0 pm, charge=4, coord=IV, EN: 1.9; O (Oxygen): Period 2, Z=8, M=16.00, Block p, Ox.states [-2], Ionic radius: 135.0 pm, charge=-2, coord=II, EN: 3.44 (resistance)"
GST,"Zn,Al2O3","1%,1%",59.37343295393624,152.08910223755885,153.52536036593585,94.15192741199962,6.675363571911518,153.8738738738739,False,"GST doped with Zn at 1%. Zn (Zinc): Period 4, Z=30, M=65.38, Block d, Ox.states [2], Ionic radius: 60.0 pm, charge=2, coord=IV, EN: 1.65 and Al2O3 at 1%. Al (Aluminum): Period 3, Z=13, M=26.98, Block p, Ox.states [3], Ionic radius: 39.0 pm, charge=3, coord=IV, EN: 1.61; O (Oxygen): Period 2, Z=8, M=16.00, Block p, Ox.states [-2], Ionic radius: 135.0 pm, charge=-2, coord=II, EN: 3.44 (resistance)"
GST,"Zn,Al2O3","1%,4%",59.005556602523015,152.1351828954058,154.13441047849153,95.12885387596852,7.2975716760793325,153.8738738738739,False,"GST doped with Zn at 1%. Zn (Zinc): Period 4, Z=30, M=65.38, Block d, Ox.states [2], Ionic radius: 60.0 pm, charge=2, coord=IV, EN: 1.65 and Al2O3 at 4%. Al (Aluminum): Period 3, Z=13, M=26.98, Block p, Ox.states [3], Ionic radius: 39.0 pm, charge=3, coord=IV, EN: 1.61; O (Oxygen): Period 2, Z=8, M=16.00, Block p, Ox.states [-2], Ionic radius: 135.0 pm, charge=-2, coord=II, EN: 3.44 (resistance)"
GST,"Zn,Al2O3","2%,3%",59.00383218479967,152.48821487506393,154.17163451582755,95.16780233102787,6.545087383032985,153.8738738738739,False,"GST doped with Zn at 2%. Zn (Zinc): Period 4, Z=30, M=65.38, Block d, Ox.states [2], Ionic radius: 60.0 pm, charge=2, coord=IV, EN: 1.65 and Al2O3 at 3%. Al (Aluminum): Period 3, Z=13, M=26.98, Block p, Ox.states [3], Ionic radius: 39.0 pm, charge=3, coord=IV, EN: 1.61; O (Oxygen): Period 2, Z=8, M=16.00, Block p, Ox.states [-2], Ionic radius: 135.0 pm, charge=-2, coord=II, EN: 3.44 (resistance)"
GST,"Zn,Al2O3","3%,2%",59.876690092163855,176.7952880695159,178.91846621878736,119.0417761266235,6.149982456682158,178.6786786786787,False,"GST doped with Zn at 3%. Zn (Zinc): Period 4, Z=30, M=65.38, Block d, Ox.states [2], Ionic radius: 60.0 pm, charge=2, coord=IV, EN: 1.65 and Al2O3 at 2%. Al (Aluminum): Period 3, Z=13, M=26.98, Block p, Ox.states [3], Ionic radius: 39.0 pm, charge=3, coord=IV, EN: 1.61; O (Oxygen): Period 2, Z=8, M=16.00, Block p, Ox.states [-2], Ionic radius: 135.0 pm, charge=-2, coord=II, EN: 3.44 (resistance)"
GST,"Zn,Al2O3","4%,1%",58.69811621707337,179.28777417970008,188.2250781457965,129.52696192872313,6.563363243059275,194.65465465465465,False,"GST doped with Zn at 4%. Zn (Zinc): Period 4, Z=30, M=65.38, Block d, Ox.states [2], Ionic radius: 60.0 pm, charge=2, coord=IV, EN: 1.65 and Al2O3 at 1%. Al (Aluminum): Period 3, Z=13, M=26.98, Block p, Ox.states [3], Ionic radius: 39.0 pm, charge=3, coord=IV, EN: 1.61; O (Oxygen): Period 2, Z=8, M=16.00, Block p, Ox.states [-2], Ionic radius: 135.0 pm, charge=-2, coord=II, EN: 3.44 (resistance)"
GST,"Zn,In2Se3","1%,1%",135.26813590938343,151.5344740978592,151.72431223698962,16.456176327606187,9.961548118597431,151.77177177177177,True,"GST doped with Zn at 1%. Zn (Zinc): Period 4, Z=30, M=65.38, Block d, Ox.states [2], Ionic radius: 60.0 pm, charge=2, coord=IV, EN: 1.65 and In2Se3 at 1%. In (Indium): Period 5, Z=49, M=114.82, Block p, Ox.states [3], Ionic radius: 80.0 pm, charge=3, coord=VI, EN: 1.78; Se (Selenium): Period 4, Z=34, M=78.97, Block p, Ox.states [-2,2,4,6], Ionic radius: 28.000000000000004 pm, charge=6, coord=IV, EN: 2.55 (resistance)"
GST,"Zn,In2Se3","1%,4%",131.55708290441365,151.93130764311047,152.14001528237628,20.582932377962635,9.826303893328395,152.1921921921922,True,"GST doped with Zn at 1%. Zn (Zinc): Period 4, Z=30, M=65.38, Block d, Ox.states [2], Ionic radius: 60.0 pm, charge=2, coord=IV, EN: 1.65 and In2Se3 at 4%. In (Indium): Period 5, Z=49, M=114.82, Block p, Ox.states [3], Ionic radius: 80.0 pm, charge=3, coord=VI, EN: 1.78; Se (Selenium): Period 4, Z=34, M=78.97, Block p, Ox.states [-2,2,4,6], Ionic radius: 28.000000000000004 pm, charge=6, coord=IV, EN: 2.55 (resistance)"
GST,"Zn,In2Se3","2%,3%",63.79297287881405,151.61626430613208,152.08891838302483,88.29594550421078,6.935086739189455,152.1921921921922,False,"GST doped with Zn at 2%. Zn (Zinc): Period 4, Z=30, M=65.38, Block d, Ox.states [2], Ionic radius: 60.0 pm, charge=2, coord=IV, EN: 1.65 and In2Se3 at 3%. In (Indium): Period 5, Z=49, M=114.82, Block p, Ox.states [3], Ionic radius: 80.0 pm, charge=3, coord=VI, EN: 1.78; Se (Selenium): Period 4, Z=34, M=78.97, Block p, Ox.states [-2,2,4,6], Ionic radius: 28.000000000000004 pm, charge=6, coord=IV, EN: 2.55 (resistance)"
GST,"Zn,In2Se3","3%,2%",64.87901021203959,176.1730448632006,176.49587023390202,111.61686002186244,6.188167374260599,176.57657657657657,False,"GST doped with Zn at 3%. Zn (Zinc): Period 4, Z=30, M=65.38, Block d, Ox.states [2], Ionic radius: 60.0 pm, charge=2, coord=IV, EN: 1.65 and In2Se3 at 2%. In (Indium): Period 5, Z=49, M=114.82, Block p, Ox.states [3], Ionic radius: 80.0 pm, charge=3, coord=VI, EN: 1.78; Se (Selenium): Period 4, Z=34, M=78.97, Block p, Ox.states [-2,2,4,6], Ionic radius: 28.000000000000004 pm, charge=6, coord=IV, EN: 2.55 (resistance)"
GST,"Zn,In2Se3","4%,1%",109.00665347577936,175.89607853061477,176.1041406310483,67.09748715526894,6.049620720977975,175.73573573573574,False,"GST doped with Zn at 4%. Zn (Zinc): Period 4, Z=30, M=65.38, Block d, Ox.states [2], Ionic radius: 60.0 pm, charge=2, coord=IV, EN: 1.65 and In2Se3 at 1%. In (Indium): Period 5, Z=49, M=114.82, Block p, Ox.states [3], Ionic radius: 80.0 pm, charge=3, coord=VI, EN: 1.78; Se (Selenium): Period 4, Z=34, M=78.97, Block p, Ox.states [-2,2,4,6], Ionic radius: 28.000000000000004 pm, charge=6, coord=IV, EN: 2.55 (resistance)"
GST,"Al,C","1%,1%",65.04985173534583,151.40307642176626,151.69803270177127,86.64818096642544,9.545607525196708,151.35135135135135,False,"GST doped with Al at 1%. Al (Aluminum): Period 3, Z=13, M=26.98, Block p, Ox.states [3], Ionic radius: 39.0 pm, charge=3, coord=IV, EN: 1.61 and C at 1%. C (Carbon): Period 2, Z=6, M=12.01, Block p, Ox.states [-4,4], Ionic radius: -8.0 pm, charge=4, coord=III, EN: 2.55 (resistance)"
GST,"Al,C","1%,4%",149.25478380957193,151.5262434600697,151.72266610943174,2.4678822998598093,9.689928880980425,151.77177177177177,False,"GST doped with Al at 1%. Al (Aluminum): Period 3, Z=13, M=26.98, Block p, Ox.states [3], Ionic radius: 39.0 pm, charge=3, coord=IV, EN: 1.61 and C at 4%. C (Carbon): Period 2, Z=6, M=12.01, Block p, Ox.states [-4,4], Ionic radius: -8.0 pm, charge=4, coord=III, EN: 2.55 (resistance)"
GST,"Al,C","2%,3%",65.07649532686908,151.41989157665284,151.70139573274855,86.62490040587947,7.678471559786107,151.35135135135135,False,"GST doped with Al at 2%. Al (Aluminum): Period 3, Z=13, M=26.98, Block p, Ox.states [3], Ionic radius: 39.0 pm, charge=3, coord=IV, EN: 1.61 and C at 3%. C (Carbon): Period 2, Z=6, M=12.01, Block p, Ox.states [-4,4], Ionic radius: -8.0 pm, charge=4, coord=III, EN: 2.55 (resistance)"
GST,"Al,C","3%,2%",91.26191375883577,177.06520050194027,177.34697403432256,86.08506027548678,6.846215535227394,178.25825825825825,False,"GST doped with Al at 3%. Al (Aluminum): Period 3, Z=13, M=26.98, Block p, Ox.states [3], Ionic radius: 39.0 pm, charge=3, coord=IV, EN: 1.61 and C at 2%. C (Carbon): Period 2, Z=6, M=12.01, Block p, Ox.states [-4,4], Ionic radius: -8.0 pm, charge=4, coord=III, EN: 2.55 (resistance)"
GST,"Al,C","4%,1%",123.64892412607966,159.0792331150809,159.28731809448809,35.63839396840842,5.924863227577504,158.91891891891893,False,"GST doped with Al at 4%. Al (Aluminum): Period 3, Z=13, M=26.98, Block p, Ox.states [3], Ionic radius: 39.0 pm, charge=3, coord=IV, EN: 1.61 and C at 1%. C (Carbon): Period 2, Z=6, M=12.01, Block p, Ox.states [-4,4], Ionic radius: -8.0 pm, charge=4, coord=III, EN: 2.55 (resistance)"
GST,"Al,N","1%,1%",98.77937999963598,152.3196488366542,152.55401985742142,53.774639857785445,6.486132610927793,152.61261261261262,False,"GST doped with Al at 1%. Al (Aluminum): Period 3, Z=13, M=26.98, Block p, Ox.states [3], Ionic radius: 39.0 pm, charge=3, coord=IV, EN: 1.61 and N at 1%. N (Nitrogen): Period 2, Z=7, M=14.01, Block p, Ox.states [-3,3,5], Ionic radius: 146.0 pm, charge=-3, coord=IV, EN: 3.04 (resistance)"
GST,"Al,N","1%,4%",149.99744103314563,152.36119204144464,152.56232849837943,2.564887465233795,6.622995572779281,152.61261261261262,False,"GST doped with Al at 1%. Al (Aluminum): Period 3, Z=13, M=26.98, Block p, Ox.states [3], Ionic radius: 39.0 pm, charge=3, coord=IV, EN: 1.61 and N at 4%. N (Nitrogen): Period 2, Z=7, M=14.01, Block p, Ox.states [-3,3,5], Ionic radius: 146.0 pm, charge=-3, coord=IV, EN: 3.04 (resistance)"
GST,"Al,N","2%,3%",149.83637297202156,152.35461989561992,152.5610140692145,2.7246410971929436,6.274866492295008,152.1921921921922,False,"GST doped with Al at 2%. Al (Aluminum): Period 3, Z=13, M=26.98, Block p, Ox.states [3], Ionic radius: 39.0 pm, charge=3, coord=IV, EN: 1.61 and N at 3%. N (Nitrogen): Period 2, Z=7, M=14.01, Block p, Ox.states [-3,3,5], Ionic radius: 146.0 pm, charge=-3, coord=IV, EN: 3.04 (resistance)"
GST,"Al,N","3%,2%",97.74097125755125,178.4340791416436,178.62975877127207,80.88878751372081,6.470306167910241,178.25825825825825,False,"GST doped with Al at 3%. Al (Aluminum): Period 3, Z=13, M=26.98, Block p, Ox.states [3], Ionic radius: 39.0 pm, charge=3, coord=IV, EN: 1.61 and N at 2%. N (Nitrogen): Period 2, Z=7, M=14.01, Block p, Ox.states [-3,3,5], Ionic radius: 146.0 pm, charge=-3, coord=IV, EN: 3.04 (resistance)"
GST,"Al,N","4%,1%",151.12661632316934,191.44680028007593,191.658729425385,40.53211310221565,7.409773851334973,195.0750750750751,False,"GST doped with Al at 4%. Al (Aluminum): Period 3, Z=13, M=26.98, Block p, Ox.states [3], Ionic radius: 39.0 pm, charge=3, coord=IV, EN: 1.61 and N at 1%. N (Nitrogen): Period 2, Z=7, M=14.01, Block p, Ox.states [-3,3,5], Ionic radius: 146.0 pm, charge=-3, coord=IV, EN: 3.04 (resistance)"
GST,"Al,O","1%,1%",95.50638721488889,151.50311274313395,151.71803996604464,56.21165275115575,6.963180952608763,151.35135135135135,False,"GST doped with Al at 1%. Al (Aluminum): Period 3, Z=13, M=26.98, Block p, Ox.states [3], Ionic radius: 39.0 pm, charge=3, coord=IV, EN: 1.61 and O at 1%. O (Oxygen): Period 2, Z=8, M=16.00, Block p, Ox.states [-2], Ionic radius: 135.0 pm, charge=-2, coord=II, EN: 3.44 (resistance)"
GST,"Al,O","2%,3%",142.9280048033723,151.52708512810875,151.72283444303955,8.794829639667256,9.714214016557381,151.35135135135135,True,"GST doped with Al at 2%. Al (Aluminum): Period 3, Z=13, M=26.98, Block p, Ox.states [3], Ionic radius: 39.0 pm, charge=3, coord=IV, EN: 1.61 and O at 3%. O (Oxygen): Period 2, Z=8, M=16.00, Block p, Ox.states [-2], Ionic radius: 135.0 pm, charge=-2, coord=II, EN: 3.44 (resistance)"
GST,"Al,O","3%,2%",123.40552440566894,178.4414882716846,178.63124059728025,55.22571619161131,6.409687108457721,178.25825825825825,False,"GST doped with Al at 3%. Al (Aluminum): Period 3, Z=13, M=26.98, Block p, Ox.states [3], Ionic radius: 39.0 pm, charge=3, coord=IV, EN: 1.61 and O at 2%. O (Oxygen): Period 2, Z=8, M=16.00, Block p, Ox.states [-2], Ionic radius: 135.0 pm, charge=-2, coord=II, EN: 3.44 (resistance)"
GST,"Al,O","4%,1%",65.12492228571249,171.08533950657838,180.69048426470042,115.56556197898793,8.82185856955097,182.04204204204206,False,"GST doped with Al at 4%. Al (Aluminum): Period 3, Z=13, M=26.98, Block p, Ox.states [3], Ionic radius: 39.0 pm, charge=3, coord=IV, EN: 1.61 and O at 1%. O (Oxygen): Period 2, Z=8, M=16.00, Block p, Ox.states [-2], Ionic radius: 135.0 pm, charge=-2, coord=II, EN: 3.44 (resistance)"
GST,"Al,As","1%,1%",110.5703650134716,151.5256702653126,151.72255147048034,41.15218645700874,9.02089358493051,151.35135135135135,False,"GST doped with Al at 1%. Al (Aluminum): Period 3, Z=13, M=26.98, Block p, Ox.states [3], Ionic radius: 39.0 pm, charge=3, coord=IV, EN: 1.61 and As at 1%. As (Arsenic): Period 4, Z=33, M=74.92, Block p, Ox.states [-3,3,5], Ionic radius: 33.5 pm, charge=5, coord=IV, EN: 2.18 (resistance)"
GST,"Al,As","1%,4%",110.31276796182537,151.52634746327195,151.72268691007218,41.40991894824681,6.91482368364131,151.35135135135135,False,"GST doped with Al at 1%. Al (Aluminum): Period 3, Z=13, M=26.98, Block p, Ox.states [3], Ionic radius: 39.0 pm, charge=3, coord=IV, EN: 1.61 and As at 4%. As (Arsenic): Period 4, Z=33, M=74.92, Block p, Ox.states [-3,3,5], Ionic radius: 33.5 pm, charge=5, coord=IV, EN: 2.18 (resistance)"
GST,"Al,As","2%,3%",110.52339643439082,151.52783612106552,151.72298464163092,41.1995882072401,8.637159088502363,151.35135135135135,False,"GST doped with Al at 2%. Al (Aluminum): Period 3, Z=13, M=26.98, Block p, Ox.states [3], Ionic radius: 39.0 pm, charge=3, coord=IV, EN: 1.61 and As at 3%. As (Arsenic): Period 4, Z=33, M=74.92, Block p, Ox.states [-3,3,5], Ionic radius: 33.5 pm, charge=5, coord=IV, EN: 2.18 (resistance)"
GST,"Al,As","3%,2%",104.20336575711295,178.4411488118461,178.63117270531257,74.42780694819962,6.226123637878677,178.25825825825825,False,"GST doped with Al at 3%. Al (Aluminum): Period 3, Z=13, M=26.98, Block p, Ox.states [3], Ionic radius: 39.0 pm, charge=3, coord=IV, EN: 1.61 and As at 2%. As (Arsenic): Period 4, Z=33, M=74.92, Block p, Ox.states [-3,3,5], Ionic radius: 33.5 pm, charge=5, coord=IV, EN: 2.18 (resistance)"
GST,"Al,As","4%,1%",106.36223959115524,156.5502737001854,156.76350819349096,50.40126860233572,7.806881900081674,176.15615615615616,False,"GST doped with Al at 4%. Al (Aluminum): Period 3, Z=13, M=26.98, Block p, Ox.states [3], Ionic radius: 39.0 pm, charge=3, coord=IV, EN: 1.61 and As at 1%. As (Arsenic): Period 4, Z=33, M=74.92, Block p, Ox.states [-3,3,5], Ionic radius: 33.5 pm, charge=5, coord=IV, EN: 2.18 (resistance)"
GST,"Al,In","1%,1%",95.7148261051677,151.5273673003995,151.72289087749772,56.008064772330016,6.8355098624586255,151.35135135135135,False,"GST doped with Al at 1%. Al (Aluminum): Period 3, Z=13, M=26.98, Block p, Ox.states [3], Ionic radius: 39.0 pm, charge=3, coord=IV, EN: 1.61 and In at 1%. In (Indium): Period 5, Z=49, M=114.82, Block p, Ox.states [3], Ionic radius: 80.0 pm, charge=3, coord=VI, EN: 1.78 (resistance)"
GST,"Al,In","1%,4%",95.75627644059259,151.5280183857327,151.72302109456433,55.966744653971745,6.248882362037856,151.35135135135135,False,"GST doped with Al at 1%. Al (Aluminum): Period 3, Z=13, M=26.98, Block p, Ox.states [3], Ionic radius: 39.0 pm, charge=3, coord=IV, EN: 1.61 and In at 4%. In (Indium): Period 5, Z=49, M=114.82, Block p, Ox.states [3], Ionic radius: 80.0 pm, charge=3, coord=VI, EN: 1.78 (resistance)"
GST,"Al,In","2%,3%",84.32117954317147,151.51114822373728,151.71964706216528,67.39846751899381,8.098928587181813,151.35135135135135,False,"GST doped with Al at 2%. Al (Aluminum): Period 3, Z=13, M=26.98, Block p, Ox.states [3], Ionic radius: 39.0 pm, charge=3, coord=IV, EN: 1.61 and In at 3%. In (Indium): Period 5, Z=49, M=114.82, Block p, Ox.states [3], Ionic radius: 80.0 pm, charge=3, coord=VI, EN: 1.78 (resistance)"
GST,"Al,In","3%,2%",64.85748514507937,112.19154357209975,176.87889940429602,112.02141425921666,12.635325760883196,176.996996996997,False,"GST doped with Al at 3%. Al (Aluminum): Period 3, Z=13, M=26.98, Block p, Ox.states [3], Ionic radius: 39.0 pm, charge=3, coord=IV, EN: 1.61 and In at 2%. In (Indium): Period 5, Z=49, M=114.82, Block p, Ox.states [3], Ionic radius: 80.0 pm, charge=3, coord=VI, EN: 1.78 (resistance)"
GST,"Al,In","4%,1%",91.81459241627248,153.60845417541344,153.82078993418222,62.00619751790974,6.936146055395888,153.45345345345345,False,"GST doped with Al at 4%. Al (Aluminum): Period 3, Z=13, M=26.98, Block p, Ox.states [3], Ionic radius: 39.0 pm, charge=3, coord=IV, EN: 1.61 and In at 1%. In (Indium): Period 5, Z=49, M=114.82, Block p, Ox.states [3], Ionic radius: 80.0 pm, charge=3, coord=VI, EN: 1.78 (resistance)"
GST,"Al,Se","1%,1%",99.70752706485759,150.63218452647442,150.8711816500401,51.16365458518253,7.36009749897207,150.93093093093094,False,"GST doped with Al at 1%. Al (Aluminum): Period 3, Z=13, M=26.98, Block p, Ox.states [3], Ionic radius: 39.0 pm, charge=3, coord=IV, EN: 1.61 and Se at 1%. Se (Selenium): Period 4, Z=34, M=78.97, Block p, Ox.states [-2,2,4,6], Ionic radius: 28.000000000000004 pm, charge=6, coord=IV, EN: 2.55 (resistance)"
GST,"Al,Se","1%,4%",131.95031205464872,150.67615674966743,150.87997609467865,18.929664040029934,7.45437445799484,150.93093093093094,True,"GST doped with Al at 1%. Al (Aluminum): Period 3, Z=13, M=26.98, Block p, Ox.states [3], Ionic radius: 39.0 pm, charge=3, coord=IV, EN: 1.61 and Se at 4%. Se (Selenium): Period 4, Z=34, M=78.97, Block p, Ox.states [-2,2,4,6], Ionic radius: 28.000000000000004 pm, charge=6, coord=IV, EN: 2.55 (resistance)"
GST,"Al,Se","2%,3%",63.38589339174995,149.51713433509687,150.80718760968753,87.42129421793757,6.164195514101362,150.93093093093094,False,"GST doped with Al at 2%. Al (Aluminum): Period 3, Z=13, M=26.98, Block p, Ox.states [3], Ionic radius: 39.0 pm, charge=3, coord=IV, EN: 1.61 and Se at 3%. Se (Selenium): Period 4, Z=34, M=78.97, Block p, Ox.states [-2,2,4,6], Ionic radius: 28.000000000000004 pm, charge=6, coord=IV, EN: 2.55 (resistance)"
GST,"Al,Se","3%,2%",130.53000584971977,178.44170394425674,178.6312837317947,48.101277882074925,10.826716727428611,178.25825825825825,False,"GST doped with Al at 3%. Al (Aluminum): Period 3, Z=13, M=26.98, Block p, Ox.states [3], Ionic radius: 39.0 pm, charge=3, coord=IV, EN: 1.61 and Se at 2%. Se (Selenium): Period 4, Z=34, M=78.97, Block p, Ox.states [-2,2,4,6], Ionic radius: 28.000000000000004 pm, charge=6, coord=IV, EN: 2.55 (resistance)"
GST,"Al,Se","4%,1%",131.57158775089223,154.88074796198714,155.08425770050593,23.512669949613695,9.818198431071998,153.03303303303304,True,"GST doped with Al at 4%. Al (Aluminum): Period 3, Z=13, M=26.98, Block p, Ox.states [3], Ionic radius: 39.0 pm, charge=3, coord=IV, EN: 1.61 and Se at 1%. Se (Selenium): Period 4, Z=34, M=78.97, Block p, Ox.states [-2,2,4,6], Ionic radius: 28.000000000000004 pm, charge=6, coord=IV, EN: 2.55 (resistance)"
GST,"Al,TiO2","1%,1%",150.1613319784947,153.21325777908098,153.40541431857935,3.2440823400846455,6.8178347239187715,153.03303303303304,False,"GST doped with Al at 1%. Al (Aluminum): Period 3, Z=13, M=26.98, Block p, Ox.states [3], Ionic radius: 39.0 pm, charge=3, coord=IV, EN: 1.61 and TiO2 at 1%. Ti (Titanium): Period 4, Z=22, M=47.87, Block d, Ox.states [4], Ionic radius: 67.0 pm, charge=3, coord=VI, EN: 1.54; O (Oxygen): Period 2, Z=8, M=16.00, Block p, Ox.states [-2], Ionic radius: 135.0 pm, charge=-2, coord=II, EN: 3.44 (resistance)"
GST,"Al,TiO2","1%,4%",150.21447604106464,153.21453603945966,153.40566997065508,3.1911939295904403,6.184372609085486,153.03303303303304,False,"GST doped with Al at 1%. Al (Aluminum): Period 3, Z=13, M=26.98, Block p, Ox.states [3], Ionic radius: 39.0 pm, charge=3, coord=IV, EN: 1.61 and TiO2 at 4%. Ti (Titanium): Period 4, Z=22, M=47.87, Block d, Ox.states [4], Ionic radius: 67.0 pm, charge=3, coord=VI, EN: 1.54; O (Oxygen): Period 2, Z=8, M=16.00, Block p, Ox.states [-2], Ionic radius: 135.0 pm, charge=-2, coord=II, EN: 3.44 (resistance)"
GST,"Al,TiO2","2%,3%",150.15434966620708,153.21214941975444,153.40519264671403,3.2508429805069454,9.332132938818456,153.03303303303304,False,"GST doped with Al at 2%. Al (Aluminum): Period 3, Z=13, M=26.98, Block p, Ox.states [3], Ionic radius: 39.0 pm, charge=3, coord=IV, EN: 1.61 and TiO2 at 3%. Ti (Titanium): Period 4, Z=22, M=47.87, Block d, Ox.states [4], Ionic radius: 67.0 pm, charge=3, coord=VI, EN: 1.54; O (Oxygen): Period 2, Z=8, M=16.00, Block p, Ox.states [-2], Ionic radius: 135.0 pm, charge=-2, coord=II, EN: 3.44 (resistance)"
GST,"Al,TiO2","3%,2%",176.04365202850354,179.67681578858955,179.8873151096703,3.843663081166767,6.4573884309850484,179.51951951951952,False,"GST doped with Al at 3%. Al (Aluminum): Period 3, Z=13, M=26.98, Block p, Ox.states [3], Ionic radius: 39.0 pm, charge=3, coord=IV, EN: 1.61 and TiO2 at 2%. Ti (Titanium): Period 4, Z=22, M=47.87, Block d, Ox.states [4], Ionic radius: 67.0 pm, charge=3, coord=VI, EN: 1.54; O (Oxygen): Period 2, Z=8, M=16.00, Block p, Ox.states [-2], Ionic radius: 135.0 pm, charge=-2, coord=II, EN: 3.44 (resistance)"
GST,"Al,TiO2","4%,1%",151.45539287003456,258.7311414951545,258.9294114822145,107.47401861217995,5.485249408206769,257.2972972972973,False,"GST doped with Al at 4%. Al (Aluminum): Period 3, Z=13, M=26.98, Block p, Ox.states [3], Ionic radius: 39.0 pm, charge=3, coord=IV, EN: 1.61 and TiO2 at 1%. Ti (Titanium): Period 4, Z=22, M=47.87, Block d, Ox.states [4], Ionic radius: 67.0 pm, charge=3, coord=VI, EN: 1.54; O (Oxygen): Period 2, Z=8, M=16.00, Block p, Ox.states [-2], Ionic radius: 135.0 pm, charge=-2, coord=II, EN: 3.44 (resistance)"
GST,"Al,ZnO","1%,1%",60.486854878932085,151.40589630417125,151.69859667825224,91.21174179932015,7.030136317364521,151.77177177177177,False,"GST doped with Al at 1%. Al (Aluminum): Period 3, Z=13, M=26.98, Block p, Ox.states [3], Ionic radius: 39.0 pm, charge=3, coord=IV, EN: 1.61 and ZnO at 1%. Zn (Zinc): Period 4, Z=30, M=65.38, Block d, Ox.states [2], Ionic radius: 60.0 pm, charge=2, coord=IV, EN: 1.65; O (Oxygen): Period 2, Z=8, M=16.00, Block p, Ox.states [-2], Ionic radius: 135.0 pm, charge=-2, coord=II, EN: 3.44 (resistance)"
GST,"Al,ZnO","1%,4%",60.287698289960105,151.41346380104454,151.7001101776269,91.41241188766679,7.068660892982514,151.77177177177177,False,"GST doped with Al at 1%. Al (Aluminum): Period 3, Z=13, M=26.98, Block p, Ox.states [3], Ionic radius: 39.0 pm, charge=3, coord=IV, EN: 1.61 and ZnO at 4%. Zn (Zinc): Period 4, Z=30, M=65.38, Block d, Ox.states [2], Ionic radius: 60.0 pm, charge=2, coord=IV, EN: 1.65; O (Oxygen): Period 2, Z=8, M=16.00, Block p, Ox.states [-2], Ionic radius: 135.0 pm, charge=-2, coord=II, EN: 3.44 (resistance)"
GST,"Al,ZnO","2%,3%",60.567807911670876,151.42279336485095,151.70197609038817,91.13416817871729,7.200289793634973,151.77177177177177,False,"GST doped with Al at 2%. Al (Aluminum): Period 3, Z=13, M=26.98, Block p, Ox.states [3], Ionic radius: 39.0 pm, charge=3, coord=IV, EN: 1.61 and ZnO at 3%. Zn (Zinc): Period 4, Z=30, M=65.38, Block d, Ox.states [2], Ionic radius: 60.0 pm, charge=2, coord=IV, EN: 1.65; O (Oxygen): Period 2, Z=8, M=16.00, Block p, Ox.states [-2], Ionic radius: 135.0 pm, charge=-2, coord=II, EN: 3.44 (resistance)"
GST,"Al,ZnO","3%,2%",64.80070870965565,176.28187442251735,176.88976390465226,112.0890551949966,6.467059419720261,176.996996996997,False,"GST doped with Al at 3%. Al (Aluminum): Period 3, Z=13, M=26.98, Block p, Ox.states [3], Ionic radius: 39.0 pm, charge=3, coord=IV, EN: 1.61 and ZnO at 2%. Zn (Zinc): Period 4, Z=30, M=65.38, Block d, Ox.states [2], Ionic radius: 60.0 pm, charge=2, coord=IV, EN: 1.65; O (Oxygen): Period 2, Z=8, M=16.00, Block p, Ox.states [-2], Ionic radius: 135.0 pm, charge=-2, coord=II, EN: 3.44 (resistance)"
GST,"Al,ZnO","4%,1%",60.88557453953432,154.58809698536186,156.72546830832377,95.83989376878945,6.420851522892324,157.65765765765767,False,"GST doped with Al at 4%. Al (Aluminum): Period 3, Z=13, M=26.98, Block p, Ox.states [3], Ionic radius: 39.0 pm, charge=3, coord=IV, EN: 1.61 and ZnO at 1%. Zn (Zinc): Period 4, Z=30, M=65.38, Block d, Ox.states [2], Ionic radius: 60.0 pm, charge=2, coord=IV, EN: 1.65; O (Oxygen): Period 2, Z=8, M=16.00, Block p, Ox.states [-2], Ionic radius: 135.0 pm, charge=-2, coord=II, EN: 3.44 (resistance)"
GST,"Al,SiO2","1%,1%",149.41233118887328,151.52724743606439,151.72286690463068,2.3105357157573962,6.323478900284639,151.35135135135135,False,"GST doped with Al at 1%. Al (Aluminum): Period 3, Z=13, M=26.98, Block p, Ox.states [3], Ionic radius: 39.0 pm, charge=3, coord=IV, EN: 1.61 and SiO2 at 1%. Si (Silicon): Period 3, Z=14, M=28.09, Block p, Ox.states [-4,4], Ionic radius: 26.0 pm, charge=4, coord=IV, EN: 1.9; O (Oxygen): Period 2, Z=8, M=16.00, Block p, Ox.states [-2], Ionic radius: 135.0 pm, charge=-2, coord=II, EN: 3.44 (resistance)"
GST,"Al,SiO2","1%,4%",149.4195213310549,151.52866101806856,151.72314962103152,2.303628289976615,6.0088414270852155,151.35135135135135,False,"GST doped with Al at 1%. Al (Aluminum): Period 3, Z=13, M=26.98, Block p, Ox.states [3], Ionic radius: 39.0 pm, charge=3, coord=IV, EN: 1.61 and SiO2 at 4%. Si (Silicon): Period 3, Z=14, M=28.09, Block p, Ox.states [-4,4], Ionic radius: 26.0 pm, charge=4, coord=IV, EN: 1.9; O (Oxygen): Period 2, Z=8, M=16.00, Block p, Ox.states [-2], Ionic radius: 135.0 pm, charge=-2, coord=II, EN: 3.44 (resistance)"
GST,"Al,SiO2","2%,3%",149.411607394215,151.53151266065723,151.72371994954923,2.312112555334238,6.331133285374948,151.35135135135135,False,"GST doped with Al at 2%. Al (Aluminum): Period 3, Z=13, M=26.98, Block p, Ox.states [3], Ionic radius: 39.0 pm, charge=3, coord=IV, EN: 1.61 and SiO2 at 3%. Si (Silicon): Period 3, Z=14, M=28.09, Block p, Ox.states [-4,4], Ionic radius: 26.0 pm, charge=4, coord=IV, EN: 1.9; O (Oxygen): Period 2, Z=8, M=16.00, Block p, Ox.states [-2], Ionic radius: 135.0 pm, charge=-2, coord=II, EN: 3.44 (resistance)"
GST,"Al,SiO2","3%,2%",147.10812364110006,176.74768985378049,176.9471355683541,29.839011927254035,13.71156792702601,176.996996996997,True,"GST doped with Al at 3%. Al (Aluminum): Period 3, Z=13, M=26.98, Block p, Ox.states [3], Ionic radius: 39.0 pm, charge=3, coord=IV, EN: 1.61 and SiO2 at 2%. Si (Silicon): Period 3, Z=14, M=28.09, Block p, Ox.states [-4,4], Ionic radius: 26.0 pm, charge=4, coord=IV, EN: 1.9; O (Oxygen): Period 2, Z=8, M=16.00, Block p, Ox.states [-2], Ionic radius: 135.0 pm, charge=-2, coord=II, EN: 3.44 (resistance)"
GST,"Al,SiO2","4%,1%",146.70147228395558,153.6193514096031,153.82296938102013,7.121497097064548,6.073257888424573,153.45345345345345,True,"GST doped with Al at 4%. Al (Aluminum): Period 3, Z=13, M=26.98, Block p, Ox.states [3], Ionic radius: 39.0 pm, charge=3, coord=IV, EN: 1.61 and SiO2 at 1%. Si (Silicon): Period 3, Z=14, M=28.09, Block p, Ox.states [-4,4], Ionic radius: 26.0 pm, charge=4, coord=IV, EN: 1.9; O (Oxygen): Period 2, Z=8, M=16.00, Block p, Ox.states [-2], Ionic radius: 135.0 pm, charge=-2, coord=II, EN: 3.44 (resistance)"
GST,"Al,Al2O3","1%,1%",149.5026742001831,151.5330396087703,151.72402533917185,2.2213511389887515,7.01690762816359,151.77177177177177,False,"GST doped with Al at 1%. Al (Aluminum): Period 3, Z=13, M=26.98, Block p, Ox.states [3], Ionic radius: 39.0 pm, charge=3, coord=IV, EN: 1.61 and Al2O3 at 1%. Al (Aluminum): Period 3, Z=13, M=26.98, Block p, Ox.states [3], Ionic radius: 39.0 pm, charge=3, coord=IV, EN: 1.61; O (Oxygen): Period 2, Z=8, M=16.00, Block p, Ox.states [-2], Ionic radius: 135.0 pm, charge=-2, coord=II, EN: 3.44 (resistance)"
GST,"Al,Al2O3","1%,4%",149.49220366393968,151.53439667712613,151.72429675284303,2.232093088903355,7.0167145151567,151.77177177177177,False,"GST doped with Al at 1%. Al (Aluminum): Period 3, Z=13, M=26.98, Block p, Ox.states [3], Ionic radius: 39.0 pm, charge=3, coord=IV, EN: 1.61 and Al2O3 at 4%. Al (Aluminum): Period 3, Z=13, M=26.98, Block p, Ox.states [3], Ionic radius: 39.0 pm, charge=3, coord=IV, EN: 1.61; O (Oxygen): Period 2, Z=8, M=16.00, Block p, Ox.states [-2], Ionic radius: 135.0 pm, charge=-2, coord=II, EN: 3.44 (resistance)"
GST,"Al,Al2O3","2%,3%",149.46999974500383,151.5360043943412,151.72461829628602,2.254618551282192,11.548917888699222,151.77177177177177,False,"GST doped with Al at 2%. Al (Aluminum): Period 3, Z=13, M=26.98, Block p, Ox.states [3], Ionic radius: 39.0 pm, charge=3, coord=IV, EN: 1.61 and Al2O3 at 3%. Al (Aluminum): Period 3, Z=13, M=26.98, Block p, Ox.states [3], Ionic radius: 39.0 pm, charge=3, coord=IV, EN: 1.61; O (Oxygen): Period 2, Z=8, M=16.00, Block p, Ox.states [-2], Ionic radius: 135.0 pm, charge=-2, coord=II, EN: 3.44 (resistance)"
GST,"Al,Al2O3","3%,2%",113.42282312827652,176.74098271108446,176.94579413981492,63.5229710115384,13.077201338040734,176.996996996997,False,"GST doped with Al at 3%. Al (Aluminum): Period 3, Z=13, M=26.98, Block p, Ox.states [3], Ionic radius: 39.0 pm, charge=3, coord=IV, EN: 1.61 and Al2O3 at 2%. Al (Aluminum): Period 3, Z=13, M=26.98, Block p, Ox.states [3], Ionic radius: 39.0 pm, charge=3, coord=IV, EN: 1.61; O (Oxygen): Period 2, Z=8, M=16.00, Block p, Ox.states [-2], Ionic radius: 135.0 pm, charge=-2, coord=II, EN: 3.44 (resistance)"
GST,"Al,Al2O3","4%,1%",142.7467854087848,157.3876350053329,157.60365312719316,14.856867718408353,8.490037839967169,157.23723723723725,True,"GST doped with Al at 4%. Al (Aluminum): Period 3, Z=13, M=26.98, Block p, Ox.states [3], Ionic radius: 39.0 pm, charge=3, coord=IV, EN: 1.61 and Al2O3 at 1%. Al (Aluminum): Period 3, Z=13, M=26.98, Block p, Ox.states [3], Ionic radius: 39.0 pm, charge=3, coord=IV, EN: 1.61; O (Oxygen): Period 2, Z=8, M=16.00, Block p, Ox.states [-2], Ionic radius: 135.0 pm, charge=-2, coord=II, EN: 3.44 (resistance)"
GST,"Al,In2Se3","1%,1%",115.18684789396211,151.5325514505095,151.7239277075197,36.53707981355758,7.4745816945998165,151.77177177177177,False,"GST doped with Al at 1%. Al (Aluminum): Period 3, Z=13, M=26.98, Block p, Ox.states [3], Ionic radius: 39.0 pm, charge=3, coord=IV, EN: 1.61 and In2Se3 at 1%. In (Indium): Period 5, Z=49, M=114.82, Block p, Ox.states [3], Ionic radius: 80.0 pm, charge=3, coord=VI, EN: 1.78; Se (Selenium): Period 4, Z=34, M=78.97, Block p, Ox.states [-2,2,4,6], Ionic radius: 28.000000000000004 pm, charge=6, coord=IV, EN: 2.55 (resistance)"
GST,"Al,In2Se3","1%,4%",115.1122659843753,151.53333982005566,151.72408538142892,36.61181939705362,7.46563262868192,151.77177177177177,False,"GST doped with Al at 1%. Al (Aluminum): Period 3, Z=13, M=26.98, Block p, Ox.states [3], Ionic radius: 39.0 pm, charge=3, coord=IV, EN: 1.61 and In2Se3 at 4%. In (Indium): Period 5, Z=49, M=114.82, Block p, Ox.states [3], Ionic radius: 80.0 pm, charge=3, coord=VI, EN: 1.78; Se (Selenium): Period 4, Z=34, M=78.97, Block p, Ox.states [-2,2,4,6], Ionic radius: 28.000000000000004 pm, charge=6, coord=IV, EN: 2.55 (resistance)"
GST,"Al,In2Se3","2%,3%",149.32134461290357,151.5356421410697,151.72454584563172,2.4032012327281507,8.134481123603523,151.77177177177177,False,"GST doped with Al at 2%. Al (Aluminum): Period 3, Z=13, M=26.98, Block p, Ox.states [3], Ionic radius: 39.0 pm, charge=3, coord=IV, EN: 1.61 and In2Se3 at 3%. In (Indium): Period 5, Z=49, M=114.82, Block p, Ox.states [3], Ionic radius: 80.0 pm, charge=3, coord=VI, EN: 1.78; Se (Selenium): Period 4, Z=34, M=78.97, Block p, Ox.states [-2,2,4,6], Ionic radius: 28.000000000000004 pm, charge=6, coord=IV, EN: 2.55 (resistance)"
GST,"Al,In2Se3","3%,2%",110.13950931189518,177.15491957607256,177.36491784914887,67.22540853725368,10.929751928301581,178.25825825825825,False,"GST doped with Al at 3%. Al (Aluminum): Period 3, Z=13, M=26.98, Block p, Ox.states [3], Ionic radius: 39.0 pm, charge=3, coord=IV, EN: 1.61 and In2Se3 at 2%. In (Indium): Period 5, Z=49, M=114.82, Block p, Ox.states [3], Ionic radius: 80.0 pm, charge=3, coord=VI, EN: 1.78; Se (Selenium): Period 4, Z=34, M=78.97, Block p, Ox.states [-2,2,4,6], Ionic radius: 28.000000000000004 pm, charge=6, coord=IV, EN: 2.55 (resistance)"
GST,"Al,In2Se3","4%,1%",115.06371119482051,161.58770248448863,161.80702998638768,46.74331879156716,13.038316136984157,174.47447447447448,False,"GST doped with Al at 4%. Al (Aluminum): Period 3, Z=13, M=26.98, Block p, Ox.states [3], Ionic radius: 39.0 pm, charge=3, coord=IV, EN: 1.61 and In2Se3 at 1%. In (Indium): Period 5, Z=49, M=114.82, Block p, Ox.states [3], Ionic radius: 80.0 pm, charge=3, coord=VI, EN: 1.78; Se (Selenium): Period 4, Z=34, M=78.97, Block p, Ox.states [-2,2,4,6], Ionic radius: 28.000000000000004 pm, charge=6, coord=IV, EN: 2.55 (resistance)"
GST,"C,N","1%,1%",112.34776161438221,152.2852163936975,153.33262340094902,40.98486178656681,7.570862370748191,153.03303303303304,False,"GST doped with C at 1%. C (Carbon): Period 2, Z=6, M=12.01, Block p, Ox.states [-4,4], Ionic radius: -8.0 pm, charge=4, coord=III, EN: 2.55 and N at 1%. N (Nitrogen): Period 2, Z=7, M=14.01, Block p, Ox.states [-3,3,5], Ionic radius: 146.0 pm, charge=-3, coord=IV, EN: 3.04 (resistance)"
GST,"C,N","1%,4%",113.09090963600713,152.79614329775146,153.36593586139085,40.275026225383726,7.550204876595956,153.03303303303304,False,"GST doped with C at 1%. C (Carbon): Period 2, Z=6, M=12.01, Block p, Ox.states [-4,4], Ionic radius: -8.0 pm, charge=4, coord=III, EN: 2.55 and N at 4%. N (Nitrogen): Period 2, Z=7, M=14.01, Block p, Ox.states [-3,3,5], Ionic radius: 146.0 pm, charge=-3, coord=IV, EN: 3.04 (resistance)"
GST,"C,N","2%,3%",148.7049547420626,152.33455523377194,152.55700113684492,3.8520463947823202,6.964885995917125,152.1921921921922,False,"GST doped with C at 2%. C (Carbon): Period 2, Z=6, M=12.01, Block p, Ox.states [-4,4], Ionic radius: -8.0 pm, charge=4, coord=III, EN: 2.55 and N at 3%. N (Nitrogen): Period 2, Z=7, M=14.01, Block p, Ox.states [-3,3,5], Ionic radius: 146.0 pm, charge=-3, coord=IV, EN: 3.04 (resistance)"
GST,"C,N","3%,2%",102.70444233770972,179.64025338939106,180.2515042012043,77.54706186349459,6.913043999104996,181.62162162162164,False,"GST doped with C at 3%. C (Carbon): Period 2, Z=6, M=12.01, Block p, Ox.states [-4,4], Ionic radius: -8.0 pm, charge=4, coord=III, EN: 2.55 and N at 2%. N (Nitrogen): Period 2, Z=7, M=14.01, Block p, Ox.states [-3,3,5], Ionic radius: 146.0 pm, charge=-3, coord=IV, EN: 3.04 (resistance)"
GST,"C,N","4%,1%",147.13678178995082,338.1432813302709,338.3794070168054,191.24262522685456,6.943354081891023,201.3813813813814,False,"GST doped with C at 4%. C (Carbon): Period 2, Z=6, M=12.01, Block p, Ox.states [-4,4], Ionic radius: -8.0 pm, charge=4, coord=III, EN: 2.55 and N at 1%. N (Nitrogen): Period 2, Z=7, M=14.01, Block p, Ox.states [-3,3,5], Ionic radius: 146.0 pm, charge=-3, coord=IV, EN: 3.04 (resistance)"
GST,"C,O","1%,1%",99.63659464360737,150.17642077015148,151.6422921109981,52.005697467390746,7.41221882984193,151.35135135135135,False,"GST doped with C at 1%. C (Carbon): Period 2, Z=6, M=12.01, Block p, Ox.states [-4,4], Ionic radius: -8.0 pm, charge=4, coord=III, EN: 2.55 and O at 1%. O (Oxygen): Period 2, Z=8, M=16.00, Block p, Ox.states [-2], Ionic radius: 135.0 pm, charge=-2, coord=II, EN: 3.44 (resistance)"
GST,"C,O","2%,3%",92.76877809715286,150.0910321401133,151.6704847695721,58.90170667241925,7.196694248112694,151.35135135135135,False,"GST doped with C at 2%. C (Carbon): Period 2, Z=6, M=12.01, Block p, Ox.states [-4,4], Ionic radius: -8.0 pm, charge=4, coord=III, EN: 2.55 and O at 3%. O (Oxygen): Period 2, Z=8, M=16.00, Block p, Ox.states [-2], Ionic radius: 135.0 pm, charge=-2, coord=II, EN: 3.44 (resistance)"
GST,"C,O","3%,2%",90.12640851159759,176.176781291266,177.27726225592463,87.15085374432704,7.821831545151596,178.25825825825825,False,"GST doped with C at 3%. C (Carbon): Period 2, Z=6, M=12.01, Block p, Ox.states [-4,4], Ionic radius: -8.0 pm, charge=4, coord=III, EN: 2.55 and O at 2%. O (Oxygen): Period 2, Z=8, M=16.00, Block p, Ox.states [-2], Ionic radius: 135.0 pm, charge=-2, coord=II, EN: 3.44 (resistance)"
GST,"C,O","4%,1%",93.04519267400038,152.77713452283484,154.63269613349257,61.5875034594922,7.435823874952671,153.8738738738739,False,"GST doped with C at 4%. C (Carbon): Period 2, Z=6, M=12.01, Block p, Ox.states [-4,4], Ionic radius: -8.0 pm, charge=4, coord=III, EN: 2.55 and O at 1%. O (Oxygen): Period 2, Z=8, M=16.00, Block p, Ox.states [-2], Ionic radius: 135.0 pm, charge=-2, coord=II, EN: 3.44 (resistance)"
GST,"C,As","1%,1%",149.86842224219424,151.5293534223572,151.72328810188924,1.8548658596949963,8.782135150618476,151.35135135135135,False,"GST doped with C at 1%. C (Carbon): Period 2, Z=6, M=12.01, Block p, Ox.states [-4,4], Ionic radius: -8.0 pm, charge=4, coord=III, EN: 2.55 and As at 1%. As (Arsenic): Period 4, Z=33, M=74.92, Block p, Ox.states [-3,3,5], Ionic radius: 33.5 pm, charge=5, coord=IV, EN: 2.18 (resistance)"
GST,"C,As","1%,4%",127.13123849939838,152.27365036763004,152.54482016361666,25.413581664218285,6.968432425488988,152.1921921921922,True,"GST doped with C at 1%. C (Carbon): Period 2, Z=6, M=12.01, Block p, Ox.states [-4,4], Ionic radius: -8.0 pm, charge=4, coord=III, EN: 2.55 and As at 4%. As (Arsenic): Period 4, Z=33, M=74.92, Block p, Ox.states [-3,3,5], Ionic radius: 33.5 pm, charge=5, coord=IV, EN: 2.18 (resistance)"
GST,"C,As","2%,3%",149.85422728142248,151.9309311940092,152.13993999255604,2.285712711133556,7.072712123974039,151.77177177177177,False,"GST doped with C at 2%. C (Carbon): Period 2, Z=6, M=12.01, Block p, Ox.states [-4,4], Ionic radius: -8.0 pm, charge=4, coord=III, EN: 2.55 and As at 3%. As (Arsenic): Period 4, Z=33, M=74.92, Block p, Ox.states [-3,3,5], Ionic radius: 33.5 pm, charge=5, coord=IV, EN: 2.18 (resistance)"
GST,"C,As","3%,2%",154.3548763038693,178.43562968105863,178.63006887915506,24.275192575285757,5.99081054804012,178.25825825825825,True,"GST doped with C at 3%. C (Carbon): Period 2, Z=6, M=12.01, Block p, Ox.states [-4,4], Ionic radius: -8.0 pm, charge=4, coord=III, EN: 2.55 and As at 2%. As (Arsenic): Period 4, Z=33, M=74.92, Block p, Ox.states [-3,3,5], Ionic radius: 33.5 pm, charge=5, coord=IV, EN: 2.18 (resistance)"
GST,"C,As","4%,1%",149.54558658950813,153.6093578903716,153.82097067717385,4.275384087665714,6.143252411318526,153.45345345345345,False,"GST doped with C at 4%. C (Carbon): Period 2, Z=6, M=12.01, Block p, Ox.states [-4,4], Ionic radius: -8.0 pm, charge=4, coord=III, EN: 2.55 and As at 1%. As (Arsenic): Period 4, Z=33, M=74.92, Block p, Ox.states [-3,3,5], Ionic radius: 33.5 pm, charge=5, coord=IV, EN: 2.18 (resistance)"
GST,"C,In","1%,1%",149.36271957539603,150.6798112549748,150.8807069957401,1.5179874203440704,7.33659083830838,150.51051051051053,False,"GST doped with C at 1%. C (Carbon): Period 2, Z=6, M=12.01, Block p, Ox.states [-4,4], Ionic radius: -8.0 pm, charge=4, coord=III, EN: 2.55 and In at 1%. In (Indium): Period 5, Z=49, M=114.82, Block p, Ox.states [3], Ionic radius: 80.0 pm, charge=3, coord=VI, EN: 1.78 (resistance)"
GST,"C,In","1%,4%",149.31315907265247,151.51278893703858,151.71997520482554,2.406816132173077,7.012042147229639,151.35135135135135,False,"GST doped with C at 1%. C (Carbon): Period 2, Z=6, M=12.01, Block p, Ox.states [-4,4], Ionic radius: -8.0 pm, charge=4, coord=III, EN: 2.55 and In at 4%. In (Indium): Period 5, Z=49, M=114.82, Block p, Ox.states [3], Ionic radius: 80.0 pm, charge=3, coord=VI, EN: 1.78 (resistance)"
GST,"C,In","2%,3%",149.2859265119729,150.68067601145,150.88087994703514,1.5949534350622514,8.315174041244276,150.93093093093094,False,"GST doped with C at 2%. C (Carbon): Period 2, Z=6, M=12.01, Block p, Ox.states [-4,4], Ionic radius: -8.0 pm, charge=4, coord=III, EN: 2.55 and In at 3%. In (Indium): Period 5, Z=49, M=114.82, Block p, Ox.states [3], Ionic radius: 80.0 pm, charge=3, coord=VI, EN: 1.78 (resistance)"
GST,"C,In","3%,2%",72.96324797069107,175.67352909706904,176.06876355811858,103.1055155874275,9.976832534356648,175.73573573573574,False,"GST doped with C at 3%. C (Carbon): Period 2, Z=6, M=12.01, Block p, Ox.states [-4,4], Ionic radius: -8.0 pm, charge=4, coord=III, EN: 2.55 and In at 2%. In (Indium): Period 5, Z=49, M=114.82, Block p, Ox.states [3], Ionic radius: 80.0 pm, charge=3, coord=VI, EN: 1.78 (resistance)"
GST,"C,In","4%,1%",139.45207613420487,152.347015543437,152.55949319877791,13.107417064573042,7.546976142897561,152.61261261261262,True,"GST doped with C at 4%. C (Carbon): Period 2, Z=6, M=12.01, Block p, Ox.states [-4,4], Ionic radius: -8.0 pm, charge=4, coord=III, EN: 2.55 and In at 1%. In (Indium): Period 5, Z=49, M=114.82, Block p, Ox.states [3], Ionic radius: 80.0 pm, charge=3, coord=VI, EN: 1.78 (resistance)"
GST,"C,Se","1%,1%",87.12234676897278,150.54844570590538,150.85443388592645,63.73208711695368,6.265417523116952,150.93093093093094,False,"GST doped with C at 1%. C (Carbon): Period 2, Z=6, M=12.01, Block p, Ox.states [-4,4], Ionic radius: -8.0 pm, charge=4, coord=III, EN: 2.55 and Se at 1%. Se (Selenium): Period 4, Z=34, M=78.97, Block p, Ox.states [-2,2,4,6], Ionic radius: 28.000000000000004 pm, charge=6, coord=IV, EN: 2.55 (resistance)"
GST,"C,Se","1%,4%",149.46471642639798,151.5232866268469,151.72207474278719,2.257358316389201,6.318148894175094,151.35135135135135,False,"GST doped with C at 1%. C (Carbon): Period 2, Z=6, M=12.01, Block p, Ox.states [-4,4], Ionic radius: -8.0 pm, charge=4, coord=III, EN: 2.55 and Se at 4%. Se (Selenium): Period 4, Z=34, M=78.97, Block p, Ox.states [-2,2,4,6], Ionic radius: 28.000000000000004 pm, charge=6, coord=IV, EN: 2.55 (resistance)"
GST,"C,Se","2%,3%",149.47171536571435,151.5268761295622,151.72279264333025,2.251077277615906,6.666234309614223,151.35135135135135,False,"GST doped with C at 2%. C (Carbon): Period 2, Z=6, M=12.01, Block p, Ox.states [-4,4], Ionic radius: -8.0 pm, charge=4, coord=III, EN: 2.55 and Se at 3%. Se (Selenium): Period 4, Z=34, M=78.97, Block p, Ox.states [-2,2,4,6], Ionic radius: 28.000000000000004 pm, charge=6, coord=IV, EN: 2.55 (resistance)"
GST,"C,Se","3%,2%",119.79172977099896,175.46229349568063,175.68104728772516,55.88931751672621,6.905413694614328,175.73573573573574,False,"GST doped with C at 3%. C (Carbon): Period 2, Z=6, M=12.01, Block p, Ox.states [-4,4], Ionic radius: -8.0 pm, charge=4, coord=III, EN: 2.55 and Se at 2%. Se (Selenium): Period 4, Z=34, M=78.97, Block p, Ox.states [-2,2,4,6], Ionic radius: 28.000000000000004 pm, charge=6, coord=IV, EN: 2.55 (resistance)"
GST,"C,Se","4%,1%",127.14400351560217,151.86434755784214,152.1266232653227,24.98261974972054,6.378260797846469,151.77177177177177,True,"GST doped with C at 4%. C (Carbon): Period 2, Z=6, M=12.01, Block p, Ox.states [-4,4], Ionic radius: -8.0 pm, charge=4, coord=III, EN: 2.55 and Se at 1%. Se (Selenium): Period 4, Z=34, M=78.97, Block p, Ox.states [-2,2,4,6], Ionic radius: 28.000000000000004 pm, charge=6, coord=IV, EN: 2.55 (resistance)"
GST,"C,TiO2","1%,1%",92.98755242421606,151.76695438245122,153.37866445061385,60.39111202639779,6.216149398128316,153.03303303303304,False,"GST doped with C at 1%. C (Carbon): Period 2, Z=6, M=12.01, Block p, Ox.states [-4,4], Ionic radius: -8.0 pm, charge=4, coord=III, EN: 2.55 and TiO2 at 1%. Ti (Titanium): Period 4, Z=22, M=47.87, Block d, Ox.states [4], Ionic radius: 67.0 pm, charge=3, coord=VI, EN: 1.54; O (Oxygen): Period 2, Z=8, M=16.00, Block p, Ox.states [-2], Ionic radius: 135.0 pm, charge=-2, coord=II, EN: 3.44 (resistance)"
GST,"C,TiO2","1%,4%",103.03928580574643,153.1225549438603,153.38727375153536,50.34798794578893,6.252560590300499,153.03303303303304,False,"GST doped with C at 1%. C (Carbon): Period 2, Z=6, M=12.01, Block p, Ox.states [-4,4], Ionic radius: -8.0 pm, charge=4, coord=III, EN: 2.55 and TiO2 at 4%. Ti (Titanium): Period 4, Z=22, M=47.87, Block d, Ox.states [4], Ionic radius: 67.0 pm, charge=3, coord=VI, EN: 1.54; O (Oxygen): Period 2, Z=8, M=16.00, Block p, Ox.states [-2], Ionic radius: 135.0 pm, charge=-2, coord=II, EN: 3.44 (resistance)"
GST,"C,TiO2","2%,3%",95.80120029015751,152.55881707335186,153.37985070882445,57.57865041866694,6.668731024128441,153.03303303303304,False,"GST doped with C at 2%. C (Carbon): Period 2, Z=6, M=12.01, Block p, Ox.states [-4,4], Ionic radius: -8.0 pm, charge=4, coord=III, EN: 2.55 and TiO2 at 3%. Ti (Titanium): Period 4, Z=22, M=47.87, Block d, Ox.states [4], Ionic radius: 67.0 pm, charge=3, coord=VI, EN: 1.54; O (Oxygen): Period 2, Z=8, M=16.00, Block p, Ox.states [-2], Ionic radius: 135.0 pm, charge=-2, coord=II, EN: 3.44 (resistance)"
GST,"C,TiO2","3%,2%",88.66853139443029,178.65043018652992,181.83638723705323,93.16785584262294,7.34514747194989,181.62162162162164,False,"GST doped with C at 3%. C (Carbon): Period 2, Z=6, M=12.01, Block p, Ox.states [-4,4], Ionic radius: -8.0 pm, charge=4, coord=III, EN: 2.55 and TiO2 at 2%. Ti (Titanium): Period 4, Z=22, M=47.87, Block d, Ox.states [4], Ionic radius: 67.0 pm, charge=3, coord=VI, EN: 1.54; O (Oxygen): Period 2, Z=8, M=16.00, Block p, Ox.states [-2], Ionic radius: 135.0 pm, charge=-2, coord=II, EN: 3.44 (resistance)"
GST,"C,TiO2","4%,1%",90.73241205941603,170.6248234296049,331.5371239691838,240.80471190976778,7.227505924351111,343.4834834834835,False,"GST doped with C at 4%. C (Carbon): Period 2, Z=6, M=12.01, Block p, Ox.states [-4,4], Ionic radius: -8.0 pm, charge=4, coord=III, EN: 2.55 and TiO2 at 1%. Ti (Titanium): Period 4, Z=22, M=47.87, Block d, Ox.states [4], Ionic radius: 67.0 pm, charge=3, coord=VI, EN: 1.54; O (Oxygen): Period 2, Z=8, M=16.00, Block p, Ox.states [-2], Ionic radius: 135.0 pm, charge=-2, coord=II, EN: 3.44 (resistance)"
GST,"C,ZnO","1%,1%",125.14053810122797,151.5096319488262,151.71934380718307,26.57880570595509,6.9699641855681165,151.35135135135135,True,"GST doped with C at 1%. C (Carbon): Period 2, Z=6, M=12.01, Block p, Ox.states [-4,4], Ionic radius: -8.0 pm, charge=4, coord=III, EN: 2.55 and ZnO at 1%. Zn (Zinc): Period 4, Z=30, M=65.38, Block d, Ox.states [2], Ionic radius: 60.0 pm, charge=2, coord=IV, EN: 1.65; O (Oxygen): Period 2, Z=8, M=16.00, Block p, Ox.states [-2], Ionic radius: 135.0 pm, charge=-2, coord=II, EN: 3.44 (resistance)"
GST,"C,ZnO","1%,4%",66.2381999727804,151.40852230985843,151.69912187938968,85.46092190660929,7.89382430055784,151.35135135135135,False,"GST doped with C at 1%. C (Carbon): Period 2, Z=6, M=12.01, Block p, Ox.states [-4,4], Ionic radius: -8.0 pm, charge=4, coord=III, EN: 2.55 and ZnO at 4%. Zn (Zinc): Period 4, Z=30, M=65.38, Block d, Ox.states [2], Ionic radius: 60.0 pm, charge=2, coord=IV, EN: 1.65; O (Oxygen): Period 2, Z=8, M=16.00, Block p, Ox.states [-2], Ionic radius: 135.0 pm, charge=-2, coord=II, EN: 3.44 (resistance)"
GST,"C,ZnO","2%,3%",67.68289554113552,151.4283287242325,151.70308316226448,84.02018762112895,6.933956723421831,151.35135135135135,False,"GST doped with C at 2%. C (Carbon): Period 2, Z=6, M=12.01, Block p, Ox.states [-4,4], Ionic radius: -8.0 pm, charge=4, coord=III, EN: 2.55 and ZnO at 3%. Zn (Zinc): Period 4, Z=30, M=65.38, Block d, Ox.states [2], Ionic radius: 60.0 pm, charge=2, coord=IV, EN: 1.65; O (Oxygen): Period 2, Z=8, M=16.00, Block p, Ox.states [-2], Ionic radius: 135.0 pm, charge=-2, coord=II, EN: 3.44 (resistance)"
GST,"C,ZnO","3%,2%",64.96216994125696,162.59540878846306,175.99117757966047,111.02900763840351,8.793517563914557,175.73573573573574,False,"GST doped with C at 3%. C (Carbon): Period 2, Z=6, M=12.01, Block p, Ox.states [-4,4], Ionic radius: -8.0 pm, charge=4, coord=III, EN: 2.55 and ZnO at 2%. Zn (Zinc): Period 4, Z=30, M=65.38, Block d, Ox.states [2], Ionic radius: 60.0 pm, charge=2, coord=IV, EN: 1.65; O (Oxygen): Period 2, Z=8, M=16.00, Block p, Ox.states [-2], Ionic radius: 135.0 pm, charge=-2, coord=II, EN: 3.44 (resistance)"
GST,"C,ZnO","4%,1%",62.29816819687876,151.77518801226185,153.36180359188143,91.06363539500266,6.157427390189476,153.03303303303304,False,"GST doped with C at 4%. C (Carbon): Period 2, Z=6, M=12.01, Block p, Ox.states [-4,4], Ionic radius: -8.0 pm, charge=4, coord=III, EN: 2.55 and ZnO at 1%. Zn (Zinc): Period 4, Z=30, M=65.38, Block d, Ox.states [2], Ionic radius: 60.0 pm, charge=2, coord=IV, EN: 1.65; O (Oxygen): Period 2, Z=8, M=16.00, Block p, Ox.states [-2], Ionic radius: 135.0 pm, charge=-2, coord=II, EN: 3.44 (resistance)"
GST,"C,SiO2","1%,1%",149.6394308713986,151.52569239250326,151.72255589591845,2.083125024519859,6.58355490561339,151.35135135135135,False,"GST doped with C at 1%. C (Carbon): Period 2, Z=6, M=12.01, Block p, Ox.states [-4,4], Ionic radius: -8.0 pm, charge=4, coord=III, EN: 2.55 and SiO2 at 1%. Si (Silicon): Period 3, Z=14, M=28.09, Block p, Ox.states [-4,4], Ionic radius: 26.0 pm, charge=4, coord=IV, EN: 1.9; O (Oxygen): Period 2, Z=8, M=16.00, Block p, Ox.states [-2], Ionic radius: 135.0 pm, charge=-2, coord=II, EN: 3.44 (resistance)"
GST,"C,SiO2","1%,4%",149.64282738653864,151.52830727301483,151.72307887202078,2.080251485482137,6.3661236660916956,151.35135135135135,False,"GST doped with C at 1%. C (Carbon): Period 2, Z=6, M=12.01, Block p, Ox.states [-4,4], Ionic radius: -8.0 pm, charge=4, coord=III, EN: 2.55 and SiO2 at 4%. Si (Silicon): Period 3, Z=14, M=28.09, Block p, Ox.states [-4,4], Ionic radius: 26.0 pm, charge=4, coord=IV, EN: 1.9; O (Oxygen): Period 2, Z=8, M=16.00, Block p, Ox.states [-2], Ionic radius: 135.0 pm, charge=-2, coord=II, EN: 3.44 (resistance)"
GST,"C,SiO2","2%,3%",149.69347209607884,151.5316075643886,151.72373893029553,2.0302668342166896,6.376601478953351,151.35135135135135,False,"GST doped with C at 2%. C (Carbon): Period 2, Z=6, M=12.01, Block p, Ox.states [-4,4], Ionic radius: -8.0 pm, charge=4, coord=III, EN: 2.55 and SiO2 at 3%. Si (Silicon): Period 3, Z=14, M=28.09, Block p, Ox.states [-4,4], Ionic radius: 26.0 pm, charge=4, coord=IV, EN: 1.9; O (Oxygen): Period 2, Z=8, M=16.00, Block p, Ox.states [-2], Ionic radius: 135.0 pm, charge=-2, coord=II, EN: 3.44 (resistance)"
GST,"C,SiO2","3%,2%",116.66423256207125,155.6290393943544,167.24449523481582,50.58026267274457,6.05919053483273,175.31531531531533,False,"GST doped with C at 3%. C (Carbon): Period 2, Z=6, M=12.01, Block p, Ox.states [-4,4], Ionic radius: -8.0 pm, charge=4, coord=III, EN: 2.55 and SiO2 at 2%. Si (Silicon): Period 3, Z=14, M=28.09, Block p, Ox.states [-4,4], Ionic radius: 26.0 pm, charge=4, coord=IV, EN: 1.9; O (Oxygen): Period 2, Z=8, M=16.00, Block p, Ox.states [-2], Ionic radius: 135.0 pm, charge=-2, coord=II, EN: 3.44 (resistance)"
GST,"C,SiO2","4%,1%",149.45151646171465,151.53058319143167,151.72353405570414,2.2720175939894887,7.102216161350297,151.35135135135135,False,"GST doped with C at 4%. C (Carbon): Period 2, Z=6, M=12.01, Block p, Ox.states [-4,4], Ionic radius: -8.0 pm, charge=4, coord=III, EN: 2.55 and SiO2 at 1%. Si (Silicon): Period 3, Z=14, M=28.09, Block p, Ox.states [-4,4], Ionic radius: 26.0 pm, charge=4, coord=IV, EN: 1.9; O (Oxygen): Period 2, Z=8, M=16.00, Block p, Ox.states [-2], Ionic radius: 135.0 pm, charge=-2, coord=II, EN: 3.44 (resistance)"
GST,"C,Al2O3","1%,1%",150.1715735558475,151.53052969947828,151.72352335731347,1.5519498014659803,6.424744549368658,151.35135135135135,False,"GST doped with C at 1%. C (Carbon): Period 2, Z=6, M=12.01, Block p, Ox.states [-4,4], Ionic radius: -8.0 pm, charge=4, coord=III, EN: 2.55 and Al2O3 at 1%. Al (Aluminum): Period 3, Z=13, M=26.98, Block p, Ox.states [3], Ionic radius: 39.0 pm, charge=3, coord=IV, EN: 1.61; O (Oxygen): Period 2, Z=8, M=16.00, Block p, Ox.states [-2], Ionic radius: 135.0 pm, charge=-2, coord=II, EN: 3.44 (resistance)"
GST,"C,Al2O3","1%,4%",150.19622600676288,151.5321346321326,151.72384434384432,1.5276183370814351,7.284042205089465,151.35135135135135,False,"GST doped with C at 1%. C (Carbon): Period 2, Z=6, M=12.01, Block p, Ox.states [-4,4], Ionic radius: -8.0 pm, charge=4, coord=III, EN: 2.55 and Al2O3 at 4%. Al (Aluminum): Period 3, Z=13, M=26.98, Block p, Ox.states [3], Ionic radius: 39.0 pm, charge=3, coord=IV, EN: 1.61; O (Oxygen): Period 2, Z=8, M=16.00, Block p, Ox.states [-2], Ionic radius: 135.0 pm, charge=-2, coord=II, EN: 3.44 (resistance)"
GST,"C,Al2O3","2%,3%",150.1988526694328,151.53417870782678,151.72425315898315,1.52540048955035,6.419990824331746,151.35135135135135,False,"GST doped with C at 2%. C (Carbon): Period 2, Z=6, M=12.01, Block p, Ox.states [-4,4], Ionic radius: -8.0 pm, charge=4, coord=III, EN: 2.55 and Al2O3 at 3%. Al (Aluminum): Period 3, Z=13, M=26.98, Block p, Ox.states [3], Ionic radius: 39.0 pm, charge=3, coord=IV, EN: 1.61; O (Oxygen): Period 2, Z=8, M=16.00, Block p, Ox.states [-2], Ionic radius: 135.0 pm, charge=-2, coord=II, EN: 3.44 (resistance)"
GST,"C,Al2O3","3%,2%",120.99906938653183,162.41652031776331,162.6454662257153,41.64639683918347,6.760235699106246,164.3843843843844,False,"GST doped with C at 3%. C (Carbon): Period 2, Z=6, M=12.01, Block p, Ox.states [-4,4], Ionic radius: -8.0 pm, charge=4, coord=III, EN: 2.55 and Al2O3 at 2%. Al (Aluminum): Period 3, Z=13, M=26.98, Block p, Ox.states [3], Ionic radius: 39.0 pm, charge=3, coord=IV, EN: 1.61; O (Oxygen): Period 2, Z=8, M=16.00, Block p, Ox.states [-2], Ionic radius: 135.0 pm, charge=-2, coord=II, EN: 3.44 (resistance)"
GST,"C,Al2O3","4%,1%",150.12052565237173,152.35243089018235,152.560576268127,2.4400506157552684,6.036616622299105,152.61261261261262,False,"GST doped with C at 4%. C (Carbon): Period 2, Z=6, M=12.01, Block p, Ox.states [-4,4], Ionic radius: -8.0 pm, charge=4, coord=III, EN: 2.55 and Al2O3 at 1%. Al (Aluminum): Period 3, Z=13, M=26.98, Block p, Ox.states [3], Ionic radius: 39.0 pm, charge=3, coord=IV, EN: 1.61; O (Oxygen): Period 2, Z=8, M=16.00, Block p, Ox.states [-2], Ionic radius: 135.0 pm, charge=-2, coord=II, EN: 3.44 (resistance)"
GST,"C,In2Se3","1%,1%",149.4997821099598,151.5273703802127,151.72289149346034,2.2231093835005424,7.231703578038893,151.35135135135135,False,"GST doped with C at 1%. C (Carbon): Period 2, Z=6, M=12.01, Block p, Ox.states [-4,4], Ionic radius: -8.0 pm, charge=4, coord=III, EN: 2.55 and In2Se3 at 1%. In (Indium): Period 5, Z=49, M=114.82, Block p, Ox.states [3], Ionic radius: 80.0 pm, charge=3, coord=VI, EN: 1.78; Se (Selenium): Period 4, Z=34, M=78.97, Block p, Ox.states [-2,2,4,6], Ionic radius: 28.000000000000004 pm, charge=6, coord=IV, EN: 2.55 (resistance)"
GST,"C,In2Se3","1%,4%",149.50212287373174,151.53051905308095,151.723521228034,2.2213983543022664,6.333180653184698,151.35135135135135,False,"GST doped with C at 1%. C (Carbon): Period 2, Z=6, M=12.01, Block p, Ox.states [-4,4], Ionic radius: -8.0 pm, charge=4, coord=III, EN: 2.55 and In2Se3 at 4%. In (Indium): Period 5, Z=49, M=114.82, Block p, Ox.states [3], Ionic radius: 80.0 pm, charge=3, coord=VI, EN: 1.78; Se (Selenium): Period 4, Z=34, M=78.97, Block p, Ox.states [-2,2,4,6], Ionic radius: 28.000000000000004 pm, charge=6, coord=IV, EN: 2.55 (resistance)"
GST,"C,In2Se3","2%,3%",67.92802164111326,151.41286204733282,151.69998982688455,83.77196818577129,7.133255365884839,151.35135135135135,False,"GST doped with C at 2%. C (Carbon): Period 2, Z=6, M=12.01, Block p, Ox.states [-4,4], Ionic radius: -8.0 pm, charge=4, coord=III, EN: 2.55 and In2Se3 at 3%. In (Indium): Period 5, Z=49, M=114.82, Block p, Ox.states [3], Ionic radius: 80.0 pm, charge=3, coord=VI, EN: 1.78; Se (Selenium): Period 4, Z=34, M=78.97, Block p, Ox.states [-2,2,4,6], Ionic radius: 28.000000000000004 pm, charge=6, coord=IV, EN: 2.55 (resistance)"
GST,"C,In2Se3","3%,2%",135.30763894558174,176.32565331476388,176.52639192421444,41.21875297863269,6.697499187680974,176.57657657657657,False,"GST doped with C at 3%. C (Carbon): Period 2, Z=6, M=12.01, Block p, Ox.states [-4,4], Ionic radius: -8.0 pm, charge=4, coord=III, EN: 2.55 and In2Se3 at 2%. In (Indium): Period 5, Z=49, M=114.82, Block p, Ox.states [3], Ionic radius: 80.0 pm, charge=3, coord=VI, EN: 1.78; Se (Selenium): Period 4, Z=34, M=78.97, Block p, Ox.states [-2,2,4,6], Ionic radius: 28.000000000000004 pm, charge=6, coord=IV, EN: 2.55 (resistance)"
GST,"C,In2Se3","4%,1%",135.49291693074906,153.6090337638916,153.82090585187785,18.327988921128792,7.1679995966955135,153.45345345345345,True,"GST doped with C at 4%. C (Carbon): Period 2, Z=6, M=12.01, Block p, Ox.states [-4,4], Ionic radius: -8.0 pm, charge=4, coord=III, EN: 2.55 and In2Se3 at 1%. In (Indium): Period 5, Z=49, M=114.82, Block p, Ox.states [3], Ionic radius: 80.0 pm, charge=3, coord=VI, EN: 1.78; Se (Selenium): Period 4, Z=34, M=78.97, Block p, Ox.states [-2,2,4,6], Ionic radius: 28.000000000000004 pm, charge=6, coord=IV, EN: 2.55 (resistance)"
GST,"N,O","1%,1%",113.23833235703704,152.36898701447646,153.75559336999467,40.51726101295763,7.6969056258293795,153.45345345345345,False,"GST doped with N at 1%. N (Nitrogen): Period 2, Z=7, M=14.01, Block p, Ox.states [-3,3,5], Ionic radius: 146.0 pm, charge=-3, coord=IV, EN: 3.04 and O at 1%. O (Oxygen): Period 2, Z=8, M=16.00, Block p, Ox.states [-2], Ionic radius: 135.0 pm, charge=-2, coord=II, EN: 3.44 (resistance)"
GST,"N,O","2%,3%",112.45301048611091,151.55943231090876,152.50382327671434,40.05081279060343,6.821136378490227,152.1921921921922,False,"GST doped with N at 2%. N (Nitrogen): Period 2, Z=7, M=14.01, Block p, Ox.states [-3,3,5], Ionic radius: 146.0 pm, charge=-3, coord=IV, EN: 3.04 and O at 3%. O (Oxygen): Period 2, Z=8, M=16.00, Block p, Ox.states [-2], Ionic radius: 135.0 pm, charge=-2, coord=II, EN: 3.44 (resistance)"
GST,"N,O","3%,2%",146.21093292992524,179.6784636048205,179.88764467291648,33.676711742991245,6.332422948631875,179.51951951951952,False,"GST doped with N at 3%. N (Nitrogen): Period 2, Z=7, M=14.01, Block p, Ox.states [-3,3,5], Ionic radius: 146.0 pm, charge=-3, coord=IV, EN: 3.04 and O at 2%. O (Oxygen): Period 2, Z=8, M=16.00, Block p, Ox.states [-2], Ionic radius: 135.0 pm, charge=-2, coord=II, EN: 3.44 (resistance)"
GST,"N,O","4%,1%",112.06254163588113,192.82855108066371,201.7328276596931,89.67028602381197,6.469745839488111,201.3813813813814,False,"GST doped with N at 4%. N (Nitrogen): Period 2, Z=7, M=14.01, Block p, Ox.states [-3,3,5], Ionic radius: 146.0 pm, charge=-3, coord=IV, EN: 3.04 and O at 1%. O (Oxygen): Period 2, Z=8, M=16.00, Block p, Ox.states [-2], Ionic radius: 135.0 pm, charge=-2, coord=II, EN: 3.44 (resistance)"
GST,"N,As","1%,1%",73.90268495027067,152.67235752460095,154.13668080640264,80.23399585613197,11.741799474991728,153.8738738738739,False,"GST doped with N at 1%. N (Nitrogen): Period 2, Z=7, M=14.01, Block p, Ox.states [-3,3,5], Ionic radius: 146.0 pm, charge=-3, coord=IV, EN: 3.04 and As at 1%. As (Arsenic): Period 4, Z=33, M=74.92, Block p, Ox.states [-3,3,5], Ionic radius: 33.5 pm, charge=5, coord=IV, EN: 2.18 (resistance)"
GST,"N,As","1%,4%",76.04281795074742,153.7009105779248,155.09941726846552,79.0565993177181,11.702973094761695,155.97597597597598,False,"GST doped with N at 1%. N (Nitrogen): Period 2, Z=7, M=14.01, Block p, Ox.states [-3,3,5], Ionic radius: 146.0 pm, charge=-3, coord=IV, EN: 3.04 and As at 4%. As (Arsenic): Period 4, Z=33, M=74.92, Block p, Ox.states [-3,3,5], Ionic radius: 33.5 pm, charge=5, coord=IV, EN: 2.18 (resistance)"
GST,"N,As","2%,3%",77.02051243898029,152.81311909491225,154.14327403553338,77.12276159655309,6.235437357247658,153.8738738738739,False,"GST doped with N at 2%. N (Nitrogen): Period 2, Z=7, M=14.01, Block p, Ox.states [-3,3,5], Ionic radius: 146.0 pm, charge=-3, coord=IV, EN: 3.04 and As at 3%. As (Arsenic): Period 4, Z=33, M=74.92, Block p, Ox.states [-3,3,5], Ionic radius: 33.5 pm, charge=5, coord=IV, EN: 2.18 (resistance)"
GST,"N,As","3%,2%",83.16166274662466,179.5242328664758,179.8567985252478,96.69513577862314,6.467331963368631,179.51951951951952,False,"GST doped with N at 3%. N (Nitrogen): Period 2, Z=7, M=14.01, Block p, Ox.states [-3,3,5], Ionic radius: 146.0 pm, charge=-3, coord=IV, EN: 3.04 and As at 2%. As (Arsenic): Period 4, Z=33, M=74.92, Block p, Ox.states [-3,3,5], Ionic radius: 33.5 pm, charge=5, coord=IV, EN: 2.18 (resistance)"
GST,"N,As","4%,1%",152.94832004269117,192.71826678687464,192.9220317357537,39.97371169306254,6.889142830946403,200.54054054054055,False,"GST doped with N at 4%. N (Nitrogen): Period 2, Z=7, M=14.01, Block p, Ox.states [-3,3,5], Ionic radius: 146.0 pm, charge=-3, coord=IV, EN: 3.04 and As at 1%. As (Arsenic): Period 4, Z=33, M=74.92, Block p, Ox.states [-3,3,5], Ionic radius: 33.5 pm, charge=5, coord=IV, EN: 2.18 (resistance)"
GST,"N,In","1%,1%",67.5842703751887,151.3183415495638,151.68691615741318,84.10264578222449,8.110662306301784,151.35135135135135,False,"GST doped with N at 1%. N (Nitrogen): Period 2, Z=7, M=14.01, Block p, Ox.states [-3,3,5], Ionic radius: 146.0 pm, charge=-3, coord=IV, EN: 3.04 and In at 1%. In (Indium): Period 5, Z=49, M=114.82, Block p, Ox.states [3], Ionic radius: 80.0 pm, charge=3, coord=VI, EN: 1.78 (resistance)"
GST,"N,In","1%,4%",68.75526878819628,151.601754028779,153.73158906826848,84.9763202800722,11.528962362191656,153.45345345345345,False,"GST doped with N at 1%. N (Nitrogen): Period 2, Z=7, M=14.01, Block p, Ox.states [-3,3,5], Ionic radius: 146.0 pm, charge=-3, coord=IV, EN: 3.04 and In at 4%. In (Indium): Period 5, Z=49, M=114.82, Block p, Ox.states [3], Ionic radius: 80.0 pm, charge=3, coord=VI, EN: 1.78 (resistance)"
GST,"N,In","2%,3%",67.64033849179621,151.484627131302,152.47203106427128,84.83169257247506,11.586277335901865,152.61261261261262,False,"GST doped with N at 2%. N (Nitrogen): Period 2, Z=7, M=14.01, Block p, Ox.states [-3,3,5], Ionic radius: 146.0 pm, charge=-3, coord=IV, EN: 3.04 and In at 3%. In (Indium): Period 5, Z=49, M=114.82, Block p, Ox.states [3], Ionic radius: 80.0 pm, charge=3, coord=VI, EN: 1.78 (resistance)"
GST,"N,In","3%,2%",70.80630726287976,115.08311552304745,178.9294524665625,108.12314520368275,6.572892673623251,178.6786786786787,False,"GST doped with N at 3%. N (Nitrogen): Period 2, Z=7, M=14.01, Block p, Ox.states [-3,3,5], Ionic radius: 146.0 pm, charge=-3, coord=IV, EN: 3.04 and In at 2%. In (Indium): Period 5, Z=49, M=114.82, Block p, Ox.states [3], Ionic radius: 80.0 pm, charge=3, coord=VI, EN: 1.78 (resistance)"
GST,"N,In","4%,1%",68.99657809050339,179.72399764740425,183.31835092136055,114.32177283085716,11.129477888044148,183.30330330330332,False,"GST doped with N at 4%. N (Nitrogen): Period 2, Z=7, M=14.01, Block p, Ox.states [-3,3,5], Ionic radius: 146.0 pm, charge=-3, coord=IV, EN: 3.04 and In at 1%. In (Indium): Period 5, Z=49, M=114.82, Block p, Ox.states [3], Ionic radius: 80.0 pm, charge=3, coord=VI, EN: 1.78 (resistance)"
GST,"N,Se","1%,1%",73.58962975319054,151.3735855810504,151.69213453362812,78.10250478043758,6.379491871767559,151.77177177177177,False,"GST doped with N at 1%. N (Nitrogen): Period 2, Z=7, M=14.01, Block p, Ox.states [-3,3,5], Ionic radius: 146.0 pm, charge=-3, coord=IV, EN: 3.04 and Se at 1%. Se (Selenium): Period 4, Z=34, M=78.97, Block p, Ox.states [-2,2,4,6], Ionic radius: 28.000000000000004 pm, charge=6, coord=IV, EN: 2.55 (resistance)"
GST,"N,Se","1%,4%",72.60723548967067,151.43918264875109,152.07240869592553,79.46517320625486,7.877573414186073,152.1921921921922,False,"GST doped with N at 1%. N (Nitrogen): Period 2, Z=7, M=14.01, Block p, Ox.states [-3,3,5], Ionic radius: 146.0 pm, charge=-3, coord=IV, EN: 3.04 and Se at 4%. Se (Selenium): Period 4, Z=34, M=78.97, Block p, Ox.states [-2,2,4,6], Ionic radius: 28.000000000000004 pm, charge=6, coord=IV, EN: 2.55 (resistance)"
GST,"N,Se","2%,3%",72.59180203744438,151.40049594581404,151.8318939645961,79.24009192715172,7.895075177381955,151.77177177177177,False,"GST doped with N at 2%. N (Nitrogen): Period 2, Z=7, M=14.01, Block p, Ox.states [-3,3,5], Ionic radius: 146.0 pm, charge=-3, coord=IV, EN: 3.04 and Se at 3%. Se (Selenium): Period 4, Z=34, M=78.97, Block p, Ox.states [-2,2,4,6], Ionic radius: 28.000000000000004 pm, charge=6, coord=IV, EN: 2.55 (resistance)"
GST,"N,Se","3%,2%",74.71838041909311,176.58584411577343,178.60422097170863,103.88584055261552,8.589760806765112,178.25825825825825,False,"GST doped with N at 3%. N (Nitrogen): Period 2, Z=7, M=14.01, Block p, Ox.states [-3,3,5], Ionic radius: 146.0 pm, charge=-3, coord=IV, EN: 3.04 and Se at 2%. Se (Selenium): Period 4, Z=34, M=78.97, Block p, Ox.states [-2,2,4,6], Ionic radius: 28.000000000000004 pm, charge=6, coord=IV, EN: 2.55 (resistance)"
GST,"N,Se","4%,1%",71.71516628372879,154.91239921384573,179.92006230853787,108.20489602480907,10.551444883939029,152.61261261261262,False,"GST doped with N at 4%. N (Nitrogen): Period 2, Z=7, M=14.01, Block p, Ox.states [-3,3,5], Ionic radius: 146.0 pm, charge=-3, coord=IV, EN: 3.04 and Se at 1%. Se (Selenium): Period 4, Z=34, M=78.97, Block p, Ox.states [-2,2,4,6], Ionic radius: 28.000000000000004 pm, charge=6, coord=IV, EN: 2.55 (resistance)"
GST,"N,TiO2","1%,1%",151.33213756269973,235.6073796985029,235.80616062438568,84.47402306168595,6.0928026067004115,234.1741741741742,False,"GST doped with N at 1%. N (Nitrogen): Period 2, Z=7, M=14.01, Block p, Ox.states [-3,3,5], Ionic radius: 146.0 pm, charge=-3, coord=IV, EN: 3.04 and TiO2 at 1%. Ti (Titanium): Period 4, Z=22, M=47.87, Block d, Ox.states [4], Ionic radius: 67.0 pm, charge=3, coord=VI, EN: 1.54; O (Oxygen): Period 2, Z=8, M=16.00, Block p, Ox.states [-2], Ionic radius: 135.0 pm, charge=-2, coord=II, EN: 3.44 (resistance)"
GST,"N,TiO2","1%,4%",152.56215330469368,235.60775040562726,235.80623476581056,83.24408146111688,6.088756134998382,233.75375375375376,False,"GST doped with N at 1%. N (Nitrogen): Period 2, Z=7, M=14.01, Block p, Ox.states [-3,3,5], Ionic radius: 146.0 pm, charge=-3, coord=IV, EN: 3.04 and TiO2 at 4%. Ti (Titanium): Period 4, Z=22, M=47.87, Block d, Ox.states [4], Ionic radius: 67.0 pm, charge=3, coord=VI, EN: 1.54; O (Oxygen): Period 2, Z=8, M=16.00, Block p, Ox.states [-2], Ionic radius: 135.0 pm, charge=-2, coord=II, EN: 3.44 (resistance)"
GST,"N,TiO2","2%,3%",151.61854289456932,167.91936014307615,168.11840656315016,16.499863668580844,7.028930415602055,152.61261261261262,True,"GST doped with N at 2%. N (Nitrogen): Period 2, Z=7, M=14.01, Block p, Ox.states [-3,3,5], Ionic radius: 146.0 pm, charge=-3, coord=IV, EN: 3.04 and TiO2 at 3%. Ti (Titanium): Period 4, Z=22, M=47.87, Block d, Ox.states [4], Ionic radius: 67.0 pm, charge=3, coord=VI, EN: 1.54; O (Oxygen): Period 2, Z=8, M=16.00, Block p, Ox.states [-2], Ionic radius: 135.0 pm, charge=-2, coord=II, EN: 3.44 (resistance)"
GST,"N,TiO2","3%,2%",97.65500118325865,182.65502410885824,188.65009426761202,90.99509308435337,8.822334002656255,192.97297297297297,False,"GST doped with N at 3%. N (Nitrogen): Period 2, Z=7, M=14.01, Block p, Ox.states [-3,3,5], Ionic radius: 146.0 pm, charge=-3, coord=IV, EN: 3.04 and TiO2 at 2%. Ti (Titanium): Period 4, Z=22, M=47.87, Block d, Ox.states [4], Ionic radius: 67.0 pm, charge=3, coord=VI, EN: 1.54; O (Oxygen): Period 2, Z=8, M=16.00, Block p, Ox.states [-2], Ionic radius: 135.0 pm, charge=-2, coord=II, EN: 3.44 (resistance)"
GST,"N,TiO2","4%,1%",191.65184242825532,331.44469954630716,331.65830927863124,140.00646685037592,6.097565968505579,331.2912912912913,False,"GST doped with N at 4%. N (Nitrogen): Period 2, Z=7, M=14.01, Block p, Ox.states [-3,3,5], Ionic radius: 146.0 pm, charge=-3, coord=IV, EN: 3.04 and TiO2 at 1%. Ti (Titanium): Period 4, Z=22, M=47.87, Block d, Ox.states [4], Ionic radius: 67.0 pm, charge=3, coord=VI, EN: 1.54; O (Oxygen): Period 2, Z=8, M=16.00, Block p, Ox.states [-2], Ionic radius: 135.0 pm, charge=-2, coord=II, EN: 3.44 (resistance)"
GST,"N,ZnO","1%,1%",66.14790359165039,151.47942535902044,152.06979049677994,85.92188690512955,6.3975702898757145,151.77177177177177,False,"GST doped with N at 1%. N (Nitrogen): Period 2, Z=7, M=14.01, Block p, Ox.states [-3,3,5], Ionic radius: 146.0 pm, charge=-3, coord=IV, EN: 3.04 and ZnO at 1%. Zn (Zinc): Period 4, Z=30, M=65.38, Block d, Ox.states [2], Ionic radius: 60.0 pm, charge=2, coord=IV, EN: 1.65; O (Oxygen): Period 2, Z=8, M=16.00, Block p, Ox.states [-2], Ionic radius: 135.0 pm, charge=-2, coord=II, EN: 3.44 (resistance)"
GST,"N,ZnO","1%,4%",66.21571780413649,151.6167280801914,152.37644968859084,86.16073188445435,8.829263282915791,152.61261261261262,False,"GST doped with N at 1%. N (Nitrogen): Period 2, Z=7, M=14.01, Block p, Ox.states [-3,3,5], Ionic radius: 146.0 pm, charge=-3, coord=IV, EN: 3.04 and ZnO at 4%. Zn (Zinc): Period 4, Z=30, M=65.38, Block d, Ox.states [2], Ionic radius: 60.0 pm, charge=2, coord=IV, EN: 1.65; O (Oxygen): Period 2, Z=8, M=16.00, Block p, Ox.states [-2], Ionic radius: 135.0 pm, charge=-2, coord=II, EN: 3.44 (resistance)"
GST,"N,ZnO","2%,3%",65.21535456567648,151.49143843483932,152.0706929562014,86.85533839052493,7.123709370747731,151.77177177177177,False,"GST doped with N at 2%. N (Nitrogen): Period 2, Z=7, M=14.01, Block p, Ox.states [-3,3,5], Ionic radius: 146.0 pm, charge=-3, coord=IV, EN: 3.04 and ZnO at 3%. Zn (Zinc): Period 4, Z=30, M=65.38, Block d, Ox.states [2], Ionic radius: 60.0 pm, charge=2, coord=IV, EN: 1.65; O (Oxygen): Period 2, Z=8, M=16.00, Block p, Ox.states [-2], Ionic radius: 135.0 pm, charge=-2, coord=II, EN: 3.44 (resistance)"
GST,"N,ZnO","3%,2%",64.9601325994442,175.8380109471478,176.83595310142036,111.87582050197616,9.00692386673264,176.996996996997,False,"GST doped with N at 3%. N (Nitrogen): Period 2, Z=7, M=14.01, Block p, Ox.states [-3,3,5], Ionic radius: 146.0 pm, charge=-3, coord=IV, EN: 3.04 and ZnO at 2%. Zn (Zinc): Period 4, Z=30, M=65.38, Block d, Ox.states [2], Ionic radius: 60.0 pm, charge=2, coord=IV, EN: 1.65; O (Oxygen): Period 2, Z=8, M=16.00, Block p, Ox.states [-2], Ionic radius: 135.0 pm, charge=-2, coord=II, EN: 3.44 (resistance)"
GST,"N,ZnO","4%,1%",62.7114219627255,154.18568930150036,170.59287124454053,107.88144928181504,8.551829914586563,179.51951951951952,False,"GST doped with N at 4%. N (Nitrogen): Period 2, Z=7, M=14.01, Block p, Ox.states [-3,3,5], Ionic radius: 146.0 pm, charge=-3, coord=IV, EN: 3.04 and ZnO at 1%. Zn (Zinc): Period 4, Z=30, M=65.38, Block d, Ox.states [2], Ionic radius: 60.0 pm, charge=2, coord=IV, EN: 1.65; O (Oxygen): Period 2, Z=8, M=16.00, Block p, Ox.states [-2], Ionic radius: 135.0 pm, charge=-2, coord=II, EN: 3.44 (resistance)"
GST,"N,SiO2","1%,1%",150.18021273630328,151.53001054358387,151.72341952613456,1.543206789831288,6.3997856123293175,151.35135135135135,False,"GST doped with N at 1%. N (Nitrogen): Period 2, Z=7, M=14.01, Block p, Ox.states [-3,3,5], Ionic radius: 146.0 pm, charge=-3, coord=IV, EN: 3.04 and SiO2 at 1%. Si (Silicon): Period 3, Z=14, M=28.09, Block p, Ox.states [-4,4], Ionic radius: 26.0 pm, charge=4, coord=IV, EN: 1.9; O (Oxygen): Period 2, Z=8, M=16.00, Block p, Ox.states [-2], Ionic radius: 135.0 pm, charge=-2, coord=II, EN: 3.44 (resistance)"
GST,"N,SiO2","1%,4%",150.18229925906283,151.5305622352451,151.72352986446683,1.541230605403996,6.409224599196664,151.35135135135135,False,"GST doped with N at 1%. N (Nitrogen): Period 2, Z=7, M=14.01, Block p, Ox.states [-3,3,5], Ionic radius: 146.0 pm, charge=-3, coord=IV, EN: 3.04 and SiO2 at 4%. Si (Silicon): Period 3, Z=14, M=28.09, Block p, Ox.states [-4,4], Ionic radius: 26.0 pm, charge=4, coord=IV, EN: 1.9; O (Oxygen): Period 2, Z=8, M=16.00, Block p, Ox.states [-2], Ionic radius: 135.0 pm, charge=-2, coord=II, EN: 3.44 (resistance)"
GST,"N,SiO2","2%,3%",150.138833369505,151.53267480384122,151.72395237818603,1.5851190086810334,8.308260150586262,151.35135135135135,False,"GST doped with N at 2%. N (Nitrogen): Period 2, Z=7, M=14.01, Block p, Ox.states [-3,3,5], Ionic radius: 146.0 pm, charge=-3, coord=IV, EN: 3.04 and SiO2 at 3%. Si (Silicon): Period 3, Z=14, M=28.09, Block p, Ox.states [-4,4], Ionic radius: 26.0 pm, charge=4, coord=IV, EN: 1.9; O (Oxygen): Period 2, Z=8, M=16.00, Block p, Ox.states [-2], Ionic radius: 135.0 pm, charge=-2, coord=II, EN: 3.44 (resistance)"
GST,"N,SiO2","3%,2%",175.74889906233045,178.44115854976917,178.63117465289716,2.8822755905667066,6.183089805812028,178.25825825825825,False,"GST doped with N at 3%. N (Nitrogen): Period 2, Z=7, M=14.01, Block p, Ox.states [-3,3,5], Ionic radius: 146.0 pm, charge=-3, coord=IV, EN: 3.04 and SiO2 at 2%. Si (Silicon): Period 3, Z=14, M=28.09, Block p, Ox.states [-4,4], Ionic radius: 26.0 pm, charge=4, coord=IV, EN: 1.9; O (Oxygen): Period 2, Z=8, M=16.00, Block p, Ox.states [-2], Ionic radius: 135.0 pm, charge=-2, coord=II, EN: 3.44 (resistance)"
GST,"N,SiO2","4%,1%",151.07112659100773,179.6893731655103,179.88982658505444,28.81869999404671,6.618674841892872,184.56456456456456,True,"GST doped with N at 4%. N (Nitrogen): Period 2, Z=7, M=14.01, Block p, Ox.states [-3,3,5], Ionic radius: 146.0 pm, charge=-3, coord=IV, EN: 3.04 and SiO2 at 1%. Si (Silicon): Period 3, Z=14, M=28.09, Block p, Ox.states [-4,4], Ionic radius: 26.0 pm, charge=4, coord=IV, EN: 1.9; O (Oxygen): Period 2, Z=8, M=16.00, Block p, Ox.states [-2], Ionic radius: 135.0 pm, charge=-2, coord=II, EN: 3.44 (resistance)"
GST,"N,Al2O3","1%,1%",70.63867762625938,151.45287483059266,152.04088450936146,81.40220688310208,9.62669901121133,151.77177177177177,False,"GST doped with N at 1%. N (Nitrogen): Period 2, Z=7, M=14.01, Block p, Ox.states [-3,3,5], Ionic radius: 146.0 pm, charge=-3, coord=IV, EN: 3.04 and Al2O3 at 1%. Al (Aluminum): Period 3, Z=13, M=26.98, Block p, Ox.states [3], Ionic radius: 39.0 pm, charge=3, coord=IV, EN: 1.61; O (Oxygen): Period 2, Z=8, M=16.00, Block p, Ox.states [-2], Ionic radius: 135.0 pm, charge=-2, coord=II, EN: 3.44 (resistance)"
GST,"N,Al2O3","1%,4%",70.90110138918605,151.74235285370926,152.50908157390762,81.60798018472157,10.117769854733373,152.61261261261262,False,"GST doped with N at 1%. N (Nitrogen): Period 2, Z=7, M=14.01, Block p, Ox.states [-3,3,5], Ionic radius: 146.0 pm, charge=-3, coord=IV, EN: 3.04 and Al2O3 at 4%. Al (Aluminum): Period 3, Z=13, M=26.98, Block p, Ox.states [3], Ionic radius: 39.0 pm, charge=3, coord=IV, EN: 1.61; O (Oxygen): Period 2, Z=8, M=16.00, Block p, Ox.states [-2], Ionic radius: 135.0 pm, charge=-2, coord=II, EN: 3.44 (resistance)"
GST,"N,Al2O3","2%,3%",76.51493601507511,151.8519287137127,152.51060834930757,75.99567233423247,9.21516291690806,152.1921921921922,False,"GST doped with N at 2%. N (Nitrogen): Period 2, Z=7, M=14.01, Block p, Ox.states [-3,3,5], Ionic radius: 146.0 pm, charge=-3, coord=IV, EN: 3.04 and Al2O3 at 3%. Al (Aluminum): Period 3, Z=13, M=26.98, Block p, Ox.states [3], Ionic radius: 39.0 pm, charge=3, coord=IV, EN: 1.61; O (Oxygen): Period 2, Z=8, M=16.00, Block p, Ox.states [-2], Ionic radius: 135.0 pm, charge=-2, coord=II, EN: 3.44 (resistance)"
GST,"N,Al2O3","3%,2%",72.63252784543239,176.26468170330975,176.9053536694701,104.2728258240377,9.219686259159717,176.996996996997,False,"GST doped with N at 3%. N (Nitrogen): Period 2, Z=7, M=14.01, Block p, Ox.states [-3,3,5], Ionic radius: 146.0 pm, charge=-3, coord=IV, EN: 3.04 and Al2O3 at 2%. Al (Aluminum): Period 3, Z=13, M=26.98, Block p, Ox.states [3], Ionic radius: 39.0 pm, charge=3, coord=IV, EN: 1.61; O (Oxygen): Period 2, Z=8, M=16.00, Block p, Ox.states [-2], Ionic radius: 135.0 pm, charge=-2, coord=II, EN: 3.44 (resistance)"
GST,"N,Al2O3","4%,1%",151.15455884040915,163.28765041316248,163.49236491746777,12.337806077058616,8.813504434776002,170.2702702702703,True,"GST doped with N at 4%. N (Nitrogen): Period 2, Z=7, M=14.01, Block p, Ox.states [-3,3,5], Ionic radius: 146.0 pm, charge=-3, coord=IV, EN: 3.04 and Al2O3 at 1%. Al (Aluminum): Period 3, Z=13, M=26.98, Block p, Ox.states [3], Ionic radius: 39.0 pm, charge=3, coord=IV, EN: 1.61; O (Oxygen): Period 2, Z=8, M=16.00, Block p, Ox.states [-2], Ionic radius: 135.0 pm, charge=-2, coord=II, EN: 3.44 (resistance)"
GST,"N,In2Se3","1%,1%",105.40455593012628,153.99135986783108,154.23370740900214,48.82915147887586,6.654816741689616,153.8738738738739,False,"GST doped with N at 1%. N (Nitrogen): Period 2, Z=7, M=14.01, Block p, Ox.states [-3,3,5], Ionic radius: 146.0 pm, charge=-3, coord=IV, EN: 3.04 and In2Se3 at 1%. In (Indium): Period 5, Z=49, M=114.82, Block p, Ox.states [3], Ionic radius: 80.0 pm, charge=3, coord=VI, EN: 1.78; Se (Selenium): Period 4, Z=34, M=78.97, Block p, Ox.states [-2,2,4,6], Ionic radius: 28.000000000000004 pm, charge=6, coord=IV, EN: 2.55 (resistance)"
GST,"N,In2Se3","1%,4%",105.40735478890194,165.79606036958762,166.01206492677082,60.60471013786888,7.060448985682845,176.15615615615616,False,"GST doped with N at 1%. N (Nitrogen): Period 2, Z=7, M=14.01, Block p, Ox.states [-3,3,5], Ionic radius: 146.0 pm, charge=-3, coord=IV, EN: 3.04 and In2Se3 at 4%. In (Indium): Period 5, Z=49, M=114.82, Block p, Ox.states [3], Ionic radius: 80.0 pm, charge=3, coord=VI, EN: 1.78; Se (Selenium): Period 4, Z=34, M=78.97, Block p, Ox.states [-2,2,4,6], Ionic radius: 28.000000000000004 pm, charge=6, coord=IV, EN: 2.55 (resistance)"
GST,"N,In2Se3","2%,3%",109.20429533174952,154.00329026630416,154.23609348869672,45.031798156947204,6.159614294960946,153.8738738738739,False,"GST doped with N at 2%. N (Nitrogen): Period 2, Z=7, M=14.01, Block p, Ox.states [-3,3,5], Ionic radius: 146.0 pm, charge=-3, coord=IV, EN: 3.04 and In2Se3 at 3%. In (Indium): Period 5, Z=49, M=114.82, Block p, Ox.states [3], Ionic radius: 80.0 pm, charge=3, coord=VI, EN: 1.78; Se (Selenium): Period 4, Z=34, M=78.97, Block p, Ox.states [-2,2,4,6], Ionic radius: 28.000000000000004 pm, charge=6, coord=IV, EN: 2.55 (resistance)"
GST,"N,In2Se3","3%,2%",104.59189845301118,179.66391251345786,179.884734454644,75.2928360016328,6.50867964115236,179.51951951951952,False,"GST doped with N at 3%. N (Nitrogen): Period 2, Z=7, M=14.01, Block p, Ox.states [-3,3,5], Ionic radius: 146.0 pm, charge=-3, coord=IV, EN: 3.04 and In2Se3 at 2%. In (Indium): Period 5, Z=49, M=114.82, Block p, Ox.states [3], Ionic radius: 80.0 pm, charge=3, coord=VI, EN: 1.78; Se (Selenium): Period 4, Z=34, M=78.97, Block p, Ox.states [-2,2,4,6], Ionic radius: 28.000000000000004 pm, charge=6, coord=IV, EN: 2.55 (resistance)"
GST,"N,In2Se3","4%,1%",65.75731043041598,182.6830338410185,188.18209202783532,122.42478159741934,8.055142115875832,187.92792792792793,False,"GST doped with N at 4%. N (Nitrogen): Period 2, Z=7, M=14.01, Block p, Ox.states [-3,3,5], Ionic radius: 146.0 pm, charge=-3, coord=IV, EN: 3.04 and In2Se3 at 1%. In (Indium): Period 5, Z=49, M=114.82, Block p, Ox.states [3], Ionic radius: 80.0 pm, charge=3, coord=VI, EN: 1.78; Se (Selenium): Period 4, Z=34, M=78.97, Block p, Ox.states [-2,2,4,6], Ionic radius: 28.000000000000004 pm, charge=6, coord=IV, EN: 2.55 (resistance)"
GST,"O,As","1%,1%",85.57490787406553,145.13936209917048,149.97022409068657,64.39531621662104,8.556156989694074,149.66966966966967,False,"GST doped with O at 1%. O (Oxygen): Period 2, Z=8, M=16.00, Block p, Ox.states [-2], Ionic radius: 135.0 pm, charge=-2, coord=II, EN: 3.44 and As at 1%. As (Arsenic): Period 4, Z=33, M=74.92, Block p, Ox.states [-3,3,5], Ionic radius: 33.5 pm, charge=5, coord=IV, EN: 2.18 (resistance)"
GST,"O,As","1%,4%",85.96017440952767,145.13804564586206,149.99086550632944,64.03069109680177,9.016132386935526,149.66966966966967,False,"GST doped with O at 1%. O (Oxygen): Period 2, Z=8, M=16.00, Block p, Ox.states [-2], Ionic radius: 135.0 pm, charge=-2, coord=II, EN: 3.44 and As at 4%. As (Arsenic): Period 4, Z=33, M=74.92, Block p, Ox.states [-3,3,5], Ionic radius: 33.5 pm, charge=5, coord=IV, EN: 2.18 (resistance)"
GST,"O,As","2%,3%",136.54789984489827,150.19081620970175,150.44657165034928,13.898671805451016,8.3998906489104,150.51051051051053,True,"GST doped with O at 2%. O (Oxygen): Period 2, Z=8, M=16.00, Block p, Ox.states [-2], Ionic radius: 135.0 pm, charge=-2, coord=II, EN: 3.44 and As at 3%. As (Arsenic): Period 4, Z=33, M=74.92, Block p, Ox.states [-3,3,5], Ionic radius: 33.5 pm, charge=5, coord=IV, EN: 2.18 (resistance)"
GST,"O,As","3%,2%",102.87220531814326,145.23233428910203,176.9258152477847,74.05360992964144,5.711183888735011,178.25825825825825,False,"GST doped with O at 3%. O (Oxygen): Period 2, Z=8, M=16.00, Block p, Ox.states [-2], Ionic radius: 135.0 pm, charge=-2, coord=II, EN: 3.44 and As at 2%. As (Arsenic): Period 4, Z=33, M=74.92, Block p, Ox.states [-3,3,5], Ionic radius: 33.5 pm, charge=5, coord=IV, EN: 2.18 (resistance)"
GST,"O,In","1%,1%",138.31683344515187,142.26102983630764,142.47022398527997,4.1533905401281,7.875244184628098,150.0900900900901,False,"GST doped with O at 1%. O (Oxygen): Period 2, Z=8, M=16.00, Block p, Ox.states [-2], Ionic radius: 135.0 pm, charge=-2, coord=II, EN: 3.44 and In at 1%. In (Indium): Period 5, Z=49, M=114.82, Block p, Ox.states [3], Ionic radius: 80.0 pm, charge=3, coord=VI, EN: 1.78 (resistance)"
GST,"O,In","1%,4%",121.27067856960795,141.83053645295416,142.04778897227294,20.777110402664988,7.618967648903745,141.68168168168168,True,"GST doped with O at 1%. O (Oxygen): Period 2, Z=8, M=16.00, Block p, Ox.states [-2], Ionic radius: 135.0 pm, charge=-2, coord=II, EN: 3.44 and In at 4%. In (Indium): Period 5, Z=49, M=114.82, Block p, Ox.states [3], Ionic radius: 80.0 pm, charge=3, coord=VI, EN: 1.78 (resistance)"
GST,"O,In","2%,3%",139.26659655049627,142.66999604197355,142.8883535627495,3.6217570122532265,7.2710096467597936,149.66966966966967,False,"GST doped with O at 2%. O (Oxygen): Period 2, Z=8, M=16.00, Block p, Ox.states [-2], Ionic radius: 135.0 pm, charge=-2, coord=II, EN: 3.44 and In at 3%. In (Indium): Period 5, Z=49, M=114.82, Block p, Ox.states [3], Ionic radius: 80.0 pm, charge=3, coord=VI, EN: 1.78 (resistance)"
GST,"O,In","3%,2%",123.82503974650089,140.58787790439976,140.79024825355305,16.965208507052154,13.234246728035787,140.4204204204204,True,"GST doped with O at 3%. O (Oxygen): Period 2, Z=8, M=16.00, Block p, Ox.states [-2], Ionic radius: 135.0 pm, charge=-2, coord=II, EN: 3.44 and In at 2%. In (Indium): Period 5, Z=49, M=114.82, Block p, Ox.states [3], Ionic radius: 80.0 pm, charge=3, coord=VI, EN: 1.78 (resistance)"
GST,"O,Se","1%,1%",135.39833532858552,149.4045261983626,149.61664097540867,14.218305646823154,6.818547102706148,149.24924924924926,True,"GST doped with O at 1%. O (Oxygen): Period 2, Z=8, M=16.00, Block p, Ox.states [-2], Ionic radius: 135.0 pm, charge=-2, coord=II, EN: 3.44 and Se at 1%. Se (Selenium): Period 4, Z=34, M=78.97, Block p, Ox.states [-2,2,4,6], Ionic radius: 28.000000000000004 pm, charge=6, coord=IV, EN: 2.55 (resistance)"
GST,"O,Se","1%,4%",140.857726455043,149.42356658789151,149.62044905331445,8.762722598271438,6.834833099707371,149.66966966966967,True,"GST doped with O at 1%. O (Oxygen): Period 2, Z=8, M=16.00, Block p, Ox.states [-2], Ionic radius: 135.0 pm, charge=-2, coord=II, EN: 3.44 and Se at 4%. Se (Selenium): Period 4, Z=34, M=78.97, Block p, Ox.states [-2,2,4,6], Ionic radius: 28.000000000000004 pm, charge=6, coord=IV, EN: 2.55 (resistance)"
GST,"O,Se","2%,3%",86.99963943546256,145.12207379888045,149.58572760382938,62.58608816836683,7.262937762371028,149.24924924924926,False,"GST doped with O at 2%. O (Oxygen): Period 2, Z=8, M=16.00, Block p, Ox.states [-2], Ionic radius: 135.0 pm, charge=-2, coord=II, EN: 3.44 and Se at 3%. Se (Selenium): Period 4, Z=34, M=78.97, Block p, Ox.states [-2,2,4,6], Ionic radius: 28.000000000000004 pm, charge=6, coord=IV, EN: 2.55 (resistance)"
GST,"O,Se","3%,2%",98.68592228064672,144.79642670563717,176.08754206551566,77.40161978486894,6.71469838554669,175.73573573573574,False,"GST doped with O at 3%. O (Oxygen): Period 2, Z=8, M=16.00, Block p, Ox.states [-2], Ionic radius: 135.0 pm, charge=-2, coord=II, EN: 3.44 and Se at 2%. Se (Selenium): Period 4, Z=34, M=78.97, Block p, Ox.states [-2,2,4,6], Ionic radius: 28.000000000000004 pm, charge=6, coord=IV, EN: 2.55 (resistance)"
GST,"O,TiO2","1%,1%",103.55967551371768,154.62239121440905,155.90659227940293,52.34691676568525,7.439690757801245,170.2702702702703,False,"GST doped with O at 1%. O (Oxygen): Period 2, Z=8, M=16.00, Block p, Ox.states [-2], Ionic radius: 135.0 pm, charge=-2, coord=II, EN: 3.44 and TiO2 at 1%. Ti (Titanium): Period 4, Z=22, M=47.87, Block d, Ox.states [4], Ionic radius: 67.0 pm, charge=3, coord=VI, EN: 1.54; O (Oxygen): Period 2, Z=8, M=16.00, Block p, Ox.states [-2], Ionic radius: 135.0 pm, charge=-2, coord=II, EN: 3.44 (resistance)"
GST,"O,TiO2","1%,4%",102.81540626846815,155.7905935699529,174.43917864671343,71.62377237824528,6.023163504894134,343.06306306306305,False,"GST doped with O at 1%. O (Oxygen): Period 2, Z=8, M=16.00, Block p, Ox.states [-2], Ionic radius: 135.0 pm, charge=-2, coord=II, EN: 3.44 and TiO2 at 4%. Ti (Titanium): Period 4, Z=22, M=47.87, Block d, Ox.states [4], Ionic radius: 67.0 pm, charge=3, coord=VI, EN: 1.54; O (Oxygen): Period 2, Z=8, M=16.00, Block p, Ox.states [-2], Ionic radius: 135.0 pm, charge=-2, coord=II, EN: 3.44 (resistance)"
GST,"O,TiO2","2%,3%",95.8023757780525,154.56738731370626,165.2202805205238,69.41790474247131,8.858799201524091,170.6906906906907,False,"GST doped with O at 2%. O (Oxygen): Period 2, Z=8, M=16.00, Block p, Ox.states [-2], Ionic radius: 135.0 pm, charge=-2, coord=II, EN: 3.44 and TiO2 at 3%. Ti (Titanium): Period 4, Z=22, M=47.87, Block d, Ox.states [4], Ionic radius: 67.0 pm, charge=3, coord=VI, EN: 1.54; O (Oxygen): Period 2, Z=8, M=16.00, Block p, Ox.states [-2], Ionic radius: 135.0 pm, charge=-2, coord=II, EN: 3.44 (resistance)"
GST,"O,TiO2","3%,2%",102.98133904021657,235.77950195361484,324.76762130050145,221.78628226028488,5.918278271056936,343.4834834834835,False,"GST doped with O at 3%. O (Oxygen): Period 2, Z=8, M=16.00, Block p, Ox.states [-2], Ionic radius: 135.0 pm, charge=-2, coord=II, EN: 3.44 and TiO2 at 2%. Ti (Titanium): Period 4, Z=22, M=47.87, Block d, Ox.states [4], Ionic radius: 67.0 pm, charge=3, coord=VI, EN: 1.54; O (Oxygen): Period 2, Z=8, M=16.00, Block p, Ox.states [-2], Ionic radius: 135.0 pm, charge=-2, coord=II, EN: 3.44 (resistance)"
GST,"O,ZnO","1%,1%",69.55199226759997,150.55660398359913,150.85606554146517,81.3040732738652,6.024371954509421,150.93093093093094,False,"GST doped with O at 1%. O (Oxygen): Period 2, Z=8, M=16.00, Block p, Ox.states [-2], Ionic radius: 135.0 pm, charge=-2, coord=II, EN: 3.44 and ZnO at 1%. Zn (Zinc): Period 4, Z=30, M=65.38, Block d, Ox.states [2], Ionic radius: 60.0 pm, charge=2, coord=IV, EN: 1.65; O (Oxygen): Period 2, Z=8, M=16.00, Block p, Ox.states [-2], Ionic radius: 135.0 pm, charge=-2, coord=II, EN: 3.44 (resistance)"
GST,"O,ZnO","1%,4%",120.71444483002138,152.2722800431487,152.5445460987204,31.83010126869901,6.063685231664094,152.61261261261262,False,"GST doped with O at 1%. O (Oxygen): Period 2, Z=8, M=16.00, Block p, Ox.states [-2], Ionic radius: 135.0 pm, charge=-2, coord=II, EN: 3.44 and ZnO at 4%. Zn (Zinc): Period 4, Z=30, M=65.38, Block d, Ox.states [2], Ionic radius: 60.0 pm, charge=2, coord=IV, EN: 1.65; O (Oxygen): Period 2, Z=8, M=16.00, Block p, Ox.states [-2], Ionic radius: 135.0 pm, charge=-2, coord=II, EN: 3.44 (resistance)"
GST,"O,ZnO","2%,3%",71.13597470784491,150.7218558654883,152.50683245691127,81.37085774906636,6.060540167677772,152.1921921921922,False,"GST doped with O at 2%. O (Oxygen): Period 2, Z=8, M=16.00, Block p, Ox.states [-2], Ionic radius: 135.0 pm, charge=-2, coord=II, EN: 3.44 and ZnO at 3%. Zn (Zinc): Period 4, Z=30, M=65.38, Block d, Ox.states [2], Ionic radius: 60.0 pm, charge=2, coord=IV, EN: 1.65; O (Oxygen): Period 2, Z=8, M=16.00, Block p, Ox.states [-2], Ionic radius: 135.0 pm, charge=-2, coord=II, EN: 3.44 (resistance)"
GST,"O,ZnO","3%,2%",65.04622195860001,141.13180227320277,324.8390097071395,259.79278774853947,6.499250484111631,141.26126126126127,False,"GST doped with O at 3%. O (Oxygen): Period 2, Z=8, M=16.00, Block p, Ox.states [-2], Ionic radius: 135.0 pm, charge=-2, coord=II, EN: 3.44 and ZnO at 2%. Zn (Zinc): Period 4, Z=30, M=65.38, Block d, Ox.states [2], Ionic radius: 60.0 pm, charge=2, coord=IV, EN: 1.65; O (Oxygen): Period 2, Z=8, M=16.00, Block p, Ox.states [-2], Ionic radius: 135.0 pm, charge=-2, coord=II, EN: 3.44 (resistance)"
GST,"O,SiO2","1%,1%",144.51362225246618,150.2596525711931,150.46033892264745,5.946716670181274,5.800714665905545,150.51051051051053,True,"GST doped with O at 1%. O (Oxygen): Period 2, Z=8, M=16.00, Block p, Ox.states [-2], Ionic radius: 135.0 pm, charge=-2, coord=II, EN: 3.44 and SiO2 at 1%. Si (Silicon): Period 3, Z=14, M=28.09, Block p, Ox.states [-4,4], Ionic radius: 26.0 pm, charge=4, coord=IV, EN: 1.9; O (Oxygen): Period 2, Z=8, M=16.00, Block p, Ox.states [-2], Ionic radius: 135.0 pm, charge=-2, coord=II, EN: 3.44 (resistance)"
GST,"O,SiO2","1%,4%",144.43635951887998,150.2632891541164,150.4610662392321,6.024706720352128,6.595464154001043,150.51051051051053,True,"GST doped with O at 1%. O (Oxygen): Period 2, Z=8, M=16.00, Block p, Ox.states [-2], Ionic radius: 135.0 pm, charge=-2, coord=II, EN: 3.44 and SiO2 at 4%. Si (Silicon): Period 3, Z=14, M=28.09, Block p, Ox.states [-4,4], Ionic radius: 26.0 pm, charge=4, coord=IV, EN: 1.9; O (Oxygen): Period 2, Z=8, M=16.00, Block p, Ox.states [-2], Ionic radius: 135.0 pm, charge=-2, coord=II, EN: 3.44 (resistance)"
GST,"O,SiO2","2%,3%",141.82339591849973,150.2431349916008,150.457035406729,8.633639488229278,5.79062093506132,150.51051051051053,True,"GST doped with O at 2%. O (Oxygen): Period 2, Z=8, M=16.00, Block p, Ox.states [-2], Ionic radius: 135.0 pm, charge=-2, coord=II, EN: 3.44 and SiO2 at 3%. Si (Silicon): Period 3, Z=14, M=28.09, Block p, Ox.states [-4,4], Ionic radius: 26.0 pm, charge=4, coord=IV, EN: 1.9; O (Oxygen): Period 2, Z=8, M=16.00, Block p, Ox.states [-2], Ionic radius: 135.0 pm, charge=-2, coord=II, EN: 3.44 (resistance)"
GST,"O,SiO2","3%,2%",121.91903075682016,146.5675930615445,189.02964172479852,67.11061096797836,6.470570566900712,143.7837837837838,False,"GST doped with O at 3%. O (Oxygen): Period 2, Z=8, M=16.00, Block p, Ox.states [-2], Ionic radius: 135.0 pm, charge=-2, coord=II, EN: 3.44 and SiO2 at 2%. Si (Silicon): Period 3, Z=14, M=28.09, Block p, Ox.states [-4,4], Ionic radius: 26.0 pm, charge=4, coord=IV, EN: 1.9; O (Oxygen): Period 2, Z=8, M=16.00, Block p, Ox.states [-2], Ionic radius: 135.0 pm, charge=-2, coord=II, EN: 3.44 (resistance)"
GST,"O,Al2O3","1%,1%",69.27983505905837,150.17830663501925,151.6713239647564,82.39148890569803,9.01682517152072,151.35135135135135,False,"GST doped with O at 1%. O (Oxygen): Period 2, Z=8, M=16.00, Block p, Ox.states [-2], Ionic radius: 135.0 pm, charge=-2, coord=II, EN: 3.44 and Al2O3 at 1%. Al (Aluminum): Period 3, Z=13, M=26.98, Block p, Ox.states [3], Ionic radius: 39.0 pm, charge=3, coord=IV, EN: 1.61; O (Oxygen): Period 2, Z=8, M=16.00, Block p, Ox.states [-2], Ionic radius: 135.0 pm, charge=-2, coord=II, EN: 3.44 (resistance)"
GST,"O,Al2O3","1%,4%",69.2287709719185,150.27447728152904,151.6804409252089,82.4516699532904,6.229567360422665,151.77177177177177,False,"GST doped with O at 1%. O (Oxygen): Period 2, Z=8, M=16.00, Block p, Ox.states [-2], Ionic radius: 135.0 pm, charge=-2, coord=II, EN: 3.44 and Al2O3 at 4%. Al (Aluminum): Period 3, Z=13, M=26.98, Block p, Ox.states [3], Ionic radius: 39.0 pm, charge=3, coord=IV, EN: 1.61; O (Oxygen): Period 2, Z=8, M=16.00, Block p, Ox.states [-2], Ionic radius: 135.0 pm, charge=-2, coord=II, EN: 3.44 (resistance)"
GST,"O,Al2O3","2%,3%",67.63179891158599,150.16451119130662,151.6834409058422,84.0516419942562,6.133456064671639,151.77177177177177,False,"GST doped with O at 2%. O (Oxygen): Period 2, Z=8, M=16.00, Block p, Ox.states [-2], Ionic radius: 135.0 pm, charge=-2, coord=II, EN: 3.44 and Al2O3 at 3%. Al (Aluminum): Period 3, Z=13, M=26.98, Block p, Ox.states [3], Ionic radius: 39.0 pm, charge=3, coord=IV, EN: 1.61; O (Oxygen): Period 2, Z=8, M=16.00, Block p, Ox.states [-2], Ionic radius: 135.0 pm, charge=-2, coord=II, EN: 3.44 (resistance)"
GST,"O,Al2O3","3%,2%",70.92377782631354,189.14693693195105,243.74988021611574,172.8261023898022,7.068659966431467,140.84084084084085,False,"GST doped with O at 3%. O (Oxygen): Period 2, Z=8, M=16.00, Block p, Ox.states [-2], Ionic radius: 135.0 pm, charge=-2, coord=II, EN: 3.44 and Al2O3 at 2%. Al (Aluminum): Period 3, Z=13, M=26.98, Block p, Ox.states [3], Ionic radius: 39.0 pm, charge=3, coord=IV, EN: 1.61; O (Oxygen): Period 2, Z=8, M=16.00, Block p, Ox.states [-2], Ionic radius: 135.0 pm, charge=-2, coord=II, EN: 3.44 (resistance)"
GST,"O,In2Se3","1%,1%",137.74972867372995,142.27018470858505,142.47205495973543,4.722326286005483,7.389647135372897,149.66966966966967,False,"GST doped with O at 1%. O (Oxygen): Period 2, Z=8, M=16.00, Block p, Ox.states [-2], Ionic radius: 135.0 pm, charge=-2, coord=II, EN: 3.44 and In2Se3 at 1%. In (Indium): Period 5, Z=49, M=114.82, Block p, Ox.states [3], Ionic radius: 80.0 pm, charge=3, coord=VI, EN: 1.78; Se (Selenium): Period 4, Z=34, M=78.97, Block p, Ox.states [-2,2,4,6], Ionic radius: 28.000000000000004 pm, charge=6, coord=IV, EN: 2.55 (resistance)"
GST,"O,In2Se3","1%,4%",137.02149767634685,142.2504766208946,142.4681133421974,5.446615665850544,7.3015205399052405,150.0900900900901,True,"GST doped with O at 1%. O (Oxygen): Period 2, Z=8, M=16.00, Block p, Ox.states [-2], Ionic radius: 135.0 pm, charge=-2, coord=II, EN: 3.44 and In2Se3 at 4%. In (Indium): Period 5, Z=49, M=114.82, Block p, Ox.states [3], Ionic radius: 80.0 pm, charge=3, coord=VI, EN: 1.78; Se (Selenium): Period 4, Z=34, M=78.97, Block p, Ox.states [-2,2,4,6], Ionic radius: 28.000000000000004 pm, charge=6, coord=IV, EN: 2.55 (resistance)"
GST,"O,In2Se3","2%,3%",138.19624876366564,142.27379772167802,142.47277756235403,4.276528798688389,6.85054721704611,149.66966966966967,False,"GST doped with O at 2%. O (Oxygen): Period 2, Z=8, M=16.00, Block p, Ox.states [-2], Ionic radius: 135.0 pm, charge=-2, coord=II, EN: 3.44 and In2Se3 at 3%. In (Indium): Period 5, Z=49, M=114.82, Block p, Ox.states [3], Ionic radius: 80.0 pm, charge=3, coord=VI, EN: 1.78; Se (Selenium): Period 4, Z=34, M=78.97, Block p, Ox.states [-2,2,4,6], Ionic radius: 28.000000000000004 pm, charge=6, coord=IV, EN: 2.55 (resistance)"
GST,"O,In2Se3","3%,2%",135.64635506573134,141.00771949581141,141.2105529081717,5.564197842440365,6.0734422453210275,141.26126126126127,True,"GST doped with O at 3%. O (Oxygen): Period 2, Z=8, M=16.00, Block p, Ox.states [-2], Ionic radius: 135.0 pm, charge=-2, coord=II, EN: 3.44 and In2Se3 at 2%. In (Indium): Period 5, Z=49, M=114.82, Block p, Ox.states [3], Ionic radius: 80.0 pm, charge=3, coord=VI, EN: 1.78; Se (Selenium): Period 4, Z=34, M=78.97, Block p, Ox.states [-2,2,4,6], Ionic radius: 28.000000000000004 pm, charge=6, coord=IV, EN: 2.55 (resistance)"
GST,"As,In","1%,1%",102.42690786550256,150.67649800861224,150.8800443464676,48.45313648096504,7.428034212165361,150.93093093093094,False,"GST doped with As at 1%. As (Arsenic): Period 4, Z=33, M=74.92, Block p, Ox.states [-3,3,5], Ionic radius: 33.5 pm, charge=5, coord=IV, EN: 2.18 and In at 1%. In (Indium): Period 5, Z=49, M=114.82, Block p, Ox.states [3], Ionic radius: 80.0 pm, charge=3, coord=VI, EN: 1.78 (resistance)"
GST,"As,In","1%,4%",102.10448269535678,151.52765480969248,151.7229483793563,49.61846568399952,6.389273595114126,151.35135135135135,False,"GST doped with As at 1%. As (Arsenic): Period 4, Z=33, M=74.92, Block p, Ox.states [-3,3,5], Ionic radius: 33.5 pm, charge=5, coord=IV, EN: 2.18 and In at 4%. In (Indium): Period 5, Z=49, M=114.82, Block p, Ox.states [3], Ionic radius: 80.0 pm, charge=3, coord=VI, EN: 1.78 (resistance)"
GST,"As,In","2%,3%",102.08460329709628,151.5301467523671,151.72344676789123,49.63884347079495,6.225272511670916,151.35135135135135,False,"GST doped with As at 2%. As (Arsenic): Period 4, Z=33, M=74.92, Block p, Ox.states [-3,3,5], Ionic radius: 33.5 pm, charge=5, coord=IV, EN: 2.18 and In at 3%. In (Indium): Period 5, Z=49, M=114.82, Block p, Ox.states [3], Ionic radius: 80.0 pm, charge=3, coord=VI, EN: 1.78 (resistance)"
GST,"As,In","3%,2%",100.72377084487637,110.71986765327028,110.93676632344729,10.212995478570917,6.060904184292369,110.57057057057058,False,"GST doped with As at 3%. As (Arsenic): Period 4, Z=33, M=74.92, Block p, Ox.states [-3,3,5], Ionic radius: 33.5 pm, charge=5, coord=IV, EN: 2.18 and In at 2%. In (Indium): Period 5, Z=49, M=114.82, Block p, Ox.states [3], Ionic radius: 80.0 pm, charge=3, coord=VI, EN: 1.78 (resistance)"
GST,"As,In","4%,1%",84.89156547208412,112.7952922432945,113.03353292313386,28.141967451049737,6.564950142896844,112.67267267267268,False,"GST doped with As at 4%. As (Arsenic): Period 4, Z=33, M=74.92, Block p, Ox.states [-3,3,5], Ionic radius: 33.5 pm, charge=5, coord=IV, EN: 2.18 and In at 1%. In (Indium): Period 5, Z=49, M=114.82, Block p, Ox.states [3], Ionic radius: 80.0 pm, charge=3, coord=VI, EN: 1.78 (resistance)"
GST,"As,Se","1%,1%",115.01800775651101,151.5264560616206,151.72270862974193,36.70470087323092,11.675548218404447,151.35135135135135,False,"GST doped with As at 1%. As (Arsenic): Period 4, Z=33, M=74.92, Block p, Ox.states [-3,3,5], Ionic radius: 33.5 pm, charge=5, coord=IV, EN: 2.18 and Se at 1%. Se (Selenium): Period 4, Z=34, M=78.97, Block p, Ox.states [-2,2,4,6], Ionic radius: 28.000000000000004 pm, charge=6, coord=IV, EN: 2.55 (resistance)"
GST,"As,Se","1%,4%",114.89985874512277,151.5291905896465,151.7232555353471,36.823396790224336,11.817674957089734,151.35135135135135,False,"GST doped with As at 1%. As (Arsenic): Period 4, Z=33, M=74.92, Block p, Ox.states [-3,3,5], Ionic radius: 33.5 pm, charge=5, coord=IV, EN: 2.18 and Se at 4%. Se (Selenium): Period 4, Z=34, M=78.97, Block p, Ox.states [-2,2,4,6], Ionic radius: 28.000000000000004 pm, charge=6, coord=IV, EN: 2.55 (resistance)"
GST,"As,Se","2%,3%",134.38920721059225,151.53049198187543,151.7235158137929,17.33430860320064,8.343024704371135,151.35135135135135,True,"GST doped with As at 2%. As (Arsenic): Period 4, Z=33, M=74.92, Block p, Ox.states [-3,3,5], Ionic radius: 33.5 pm, charge=5, coord=IV, EN: 2.18 and Se at 3%. Se (Selenium): Period 4, Z=34, M=78.97, Block p, Ox.states [-2,2,4,6], Ionic radius: 28.000000000000004 pm, charge=6, coord=IV, EN: 2.55 (resistance)"
GST,"As,Se","3%,2%",110.14421532098768,176.32102959655998,176.52546718057366,66.38125185958597,7.362416694860478,176.15615615615616,False,"GST doped with As at 3%. As (Arsenic): Period 4, Z=33, M=74.92, Block p, Ox.states [-3,3,5], Ionic radius: 33.5 pm, charge=5, coord=IV, EN: 2.18 and Se at 2%. Se (Selenium): Period 4, Z=34, M=78.97, Block p, Ox.states [-2,2,4,6], Ionic radius: 28.000000000000004 pm, charge=6, coord=IV, EN: 2.55 (resistance)"
GST,"As,Se","4%,1%",110.06425963454309,154.04060695007843,154.24355682545152,44.17929719090843,10.064587288801768,153.8738738738739,False,"GST doped with As at 4%. As (Arsenic): Period 4, Z=33, M=74.92, Block p, Ox.states [-3,3,5], Ionic radius: 33.5 pm, charge=5, coord=IV, EN: 2.18 and Se at 1%. Se (Selenium): Period 4, Z=34, M=78.97, Block p, Ox.states [-2,2,4,6], Ionic radius: 28.000000000000004 pm, charge=6, coord=IV, EN: 2.55 (resistance)"
GST,"As,TiO2","1%,1%",149.54338457509078,153.21072881664023,153.4049085260912,3.8615239510004074,6.659748097495936,153.03303303303304,False,"GST doped with As at 1%. As (Arsenic): Period 4, Z=33, M=74.92, Block p, Ox.states [-3,3,5], Ionic radius: 33.5 pm, charge=5, coord=IV, EN: 2.18 and TiO2 at 1%. Ti (Titanium): Period 4, Z=22, M=47.87, Block d, Ox.states [4], Ionic radius: 67.0 pm, charge=3, coord=VI, EN: 1.54; O (Oxygen): Period 2, Z=8, M=16.00, Block p, Ox.states [-2], Ionic radius: 135.0 pm, charge=-2, coord=II, EN: 3.44 (resistance)"
GST,"As,TiO2","1%,4%",149.5795635630559,153.211953539054,153.40515347057394,3.8255899075180366,7.398188254320263,153.03303303303304,False,"GST doped with As at 1%. As (Arsenic): Period 4, Z=33, M=74.92, Block p, Ox.states [-3,3,5], Ionic radius: 33.5 pm, charge=5, coord=IV, EN: 2.18 and TiO2 at 4%. Ti (Titanium): Period 4, Z=22, M=47.87, Block d, Ox.states [4], Ionic radius: 67.0 pm, charge=3, coord=VI, EN: 1.54; O (Oxygen): Period 2, Z=8, M=16.00, Block p, Ox.states [-2], Ionic radius: 135.0 pm, charge=-2, coord=II, EN: 3.44 (resistance)"
GST,"As,TiO2","2%,3%",149.54794654912644,153.21134034985494,153.40503083273413,3.8570842836076906,8.549421551327791,153.03303303303304,False,"GST doped with As at 2%. As (Arsenic): Period 4, Z=33, M=74.92, Block p, Ox.states [-3,3,5], Ionic radius: 33.5 pm, charge=5, coord=IV, EN: 2.18 and TiO2 at 3%. Ti (Titanium): Period 4, Z=22, M=47.87, Block d, Ox.states [4], Ionic radius: 67.0 pm, charge=3, coord=VI, EN: 1.54; O (Oxygen): Period 2, Z=8, M=16.00, Block p, Ox.states [-2], Ionic radius: 135.0 pm, charge=-2, coord=II, EN: 3.44 (resistance)"
GST,"As,TiO2","3%,2%",153.97580636751738,176.7475131990014,176.94710023739827,22.971293869880895,6.678489531337974,178.25825825825825,True,"GST doped with As at 3%. As (Arsenic): Period 4, Z=33, M=74.92, Block p, Ox.states [-3,3,5], Ionic radius: 33.5 pm, charge=5, coord=IV, EN: 2.18 and TiO2 at 2%. Ti (Titanium): Period 4, Z=22, M=47.87, Block d, Ox.states [4], Ionic radius: 67.0 pm, charge=3, coord=VI, EN: 1.54; O (Oxygen): Period 2, Z=8, M=16.00, Block p, Ox.states [-2], Ionic radius: 135.0 pm, charge=-2, coord=II, EN: 3.44 (resistance)"
GST,"As,TiO2","4%,1%",149.49345093846404,159.92687932039593,160.12952000822372,10.636069069759685,8.790552835527228,176.15615615615616,True,"GST doped with As at 4%. As (Arsenic): Period 4, Z=33, M=74.92, Block p, Ox.states [-3,3,5], Ionic radius: 33.5 pm, charge=5, coord=IV, EN: 2.18 and TiO2 at 1%. Ti (Titanium): Period 4, Z=22, M=47.87, Block d, Ox.states [4], Ionic radius: 67.0 pm, charge=3, coord=VI, EN: 1.54; O (Oxygen): Period 2, Z=8, M=16.00, Block p, Ox.states [-2], Ionic radius: 135.0 pm, charge=-2, coord=II, EN: 3.44 (resistance)"
GST,"As,ZnO","1%,1%",107.90522966575742,151.52646622282813,151.72271066198343,43.81748099622601,9.96416442007117,151.35135135135135,False,"GST doped with As at 1%. As (Arsenic): Period 4, Z=33, M=74.92, Block p, Ox.states [-3,3,5], Ionic radius: 33.5 pm, charge=5, coord=IV, EN: 2.18 and ZnO at 1%. Zn (Zinc): Period 4, Z=30, M=65.38, Block d, Ox.states [2], Ionic radius: 60.0 pm, charge=2, coord=IV, EN: 1.65; O (Oxygen): Period 2, Z=8, M=16.00, Block p, Ox.states [-2], Ionic radius: 135.0 pm, charge=-2, coord=II, EN: 3.44 (resistance)"
GST,"As,ZnO","1%,4%",107.8116369223549,151.5284882478384,151.72311506698549,43.91147814463059,9.950880253175507,151.35135135135135,False,"GST doped with As at 1%. As (Arsenic): Period 4, Z=33, M=74.92, Block p, Ox.states [-3,3,5], Ionic radius: 33.5 pm, charge=5, coord=IV, EN: 2.18 and ZnO at 4%. Zn (Zinc): Period 4, Z=30, M=65.38, Block d, Ox.states [2], Ionic radius: 60.0 pm, charge=2, coord=IV, EN: 1.65; O (Oxygen): Period 2, Z=8, M=16.00, Block p, Ox.states [-2], Ionic radius: 135.0 pm, charge=-2, coord=II, EN: 3.44 (resistance)"
GST,"As,ZnO","2%,3%",108.78318450330103,151.53053839856167,151.72352509713014,42.940340593829106,10.023413746088453,151.35135135135135,False,"GST doped with As at 2%. As (Arsenic): Period 4, Z=33, M=74.92, Block p, Ox.states [-3,3,5], Ionic radius: 33.5 pm, charge=5, coord=IV, EN: 2.18 and ZnO at 3%. Zn (Zinc): Period 4, Z=30, M=65.38, Block d, Ox.states [2], Ionic radius: 60.0 pm, charge=2, coord=IV, EN: 1.65; O (Oxygen): Period 2, Z=8, M=16.00, Block p, Ox.states [-2], Ionic radius: 135.0 pm, charge=-2, coord=II, EN: 3.44 (resistance)"
GST,"As,ZnO","3%,2%",61.59268896605034,154.73042095440124,161.76057088372136,100.16788191767102,6.405624227109191,153.45345345345345,False,"GST doped with As at 3%. As (Arsenic): Period 4, Z=33, M=74.92, Block p, Ox.states [-3,3,5], Ionic radius: 33.5 pm, charge=5, coord=IV, EN: 2.18 and ZnO at 2%. Zn (Zinc): Period 4, Z=30, M=65.38, Block d, Ox.states [2], Ionic radius: 60.0 pm, charge=2, coord=IV, EN: 1.65; O (Oxygen): Period 2, Z=8, M=16.00, Block p, Ox.states [-2], Ionic radius: 135.0 pm, charge=-2, coord=II, EN: 3.44 (resistance)"
GST,"As,ZnO","4%,1%",102.08312289928791,152.35102783794136,152.56029565767878,50.477172758390864,9.460323136844547,152.61261261261262,False,"GST doped with As at 4%. As (Arsenic): Period 4, Z=33, M=74.92, Block p, Ox.states [-3,3,5], Ionic radius: 33.5 pm, charge=5, coord=IV, EN: 2.18 and ZnO at 1%. Zn (Zinc): Period 4, Z=30, M=65.38, Block d, Ox.states [2], Ionic radius: 60.0 pm, charge=2, coord=IV, EN: 1.65; O (Oxygen): Period 2, Z=8, M=16.00, Block p, Ox.states [-2], Ionic radius: 135.0 pm, charge=-2, coord=II, EN: 3.44 (resistance)"
GST,"As,SiO2","1%,1%",148.75183749589493,150.264140943835,150.46123659717583,1.7093991012808942,6.488416889089241,150.0900900900901,False,"GST doped with As at 1%. As (Arsenic): Period 4, Z=33, M=74.92, Block p, Ox.states [-3,3,5], Ionic radius: 33.5 pm, charge=5, coord=IV, EN: 2.18 and SiO2 at 1%. Si (Silicon): Period 3, Z=14, M=28.09, Block p, Ox.states [-4,4], Ionic radius: 26.0 pm, charge=4, coord=IV, EN: 1.9; O (Oxygen): Period 2, Z=8, M=16.00, Block p, Ox.states [-2], Ionic radius: 135.0 pm, charge=-2, coord=II, EN: 3.44 (resistance)"
GST,"As,SiO2","1%,4%",146.64046577370723,150.26521553241332,150.46145151489148,3.820985741184245,7.546606823868679,150.51051051051053,False,"GST doped with As at 1%. As (Arsenic): Period 4, Z=33, M=74.92, Block p, Ox.states [-3,3,5], Ionic radius: 33.5 pm, charge=5, coord=IV, EN: 2.18 and SiO2 at 4%. Si (Silicon): Period 3, Z=14, M=28.09, Block p, Ox.states [-4,4], Ionic radius: 26.0 pm, charge=4, coord=IV, EN: 1.9; O (Oxygen): Period 2, Z=8, M=16.00, Block p, Ox.states [-2], Ionic radius: 135.0 pm, charge=-2, coord=II, EN: 3.44 (resistance)"
GST,"As,SiO2","2%,3%",102.81320050298017,150.15305096252897,150.43901860091478,47.62581809793461,6.24606319998281,150.51051051051053,False,"GST doped with As at 2%. As (Arsenic): Period 4, Z=33, M=74.92, Block p, Ox.states [-3,3,5], Ionic radius: 33.5 pm, charge=5, coord=IV, EN: 2.18 and SiO2 at 3%. Si (Silicon): Period 3, Z=14, M=28.09, Block p, Ox.states [-4,4], Ionic radius: 26.0 pm, charge=4, coord=IV, EN: 1.9; O (Oxygen): Period 2, Z=8, M=16.00, Block p, Ox.states [-2], Ionic radius: 135.0 pm, charge=-2, coord=II, EN: 3.44 (resistance)"
GST,"As,SiO2","3%,2%",145.75612166254575,154.87357380866877,155.08282286984226,9.326701207296509,7.018463744199472,162.7027027027027,True,"GST doped with As at 3%. As (Arsenic): Period 4, Z=33, M=74.92, Block p, Ox.states [-3,3,5], Ionic radius: 33.5 pm, charge=5, coord=IV, EN: 2.18 and SiO2 at 2%. Si (Silicon): Period 3, Z=14, M=28.09, Block p, Ox.states [-4,4], Ionic radius: 26.0 pm, charge=4, coord=IV, EN: 1.9; O (Oxygen): Period 2, Z=8, M=16.00, Block p, Ox.states [-2], Ionic radius: 135.0 pm, charge=-2, coord=II, EN: 3.44 (resistance)"
GST,"As,SiO2","4%,1%",144.51637459553257,152.34530673116652,152.55915143632382,8.042776840791248,5.9942910338511215,152.1921921921922,True,"GST doped with As at 4%. As (Arsenic): Period 4, Z=33, M=74.92, Block p, Ox.states [-3,3,5], Ionic radius: 33.5 pm, charge=5, coord=IV, EN: 2.18 and SiO2 at 1%. Si (Silicon): Period 3, Z=14, M=28.09, Block p, Ox.states [-4,4], Ionic radius: 26.0 pm, charge=4, coord=IV, EN: 1.9; O (Oxygen): Period 2, Z=8, M=16.00, Block p, Ox.states [-2], Ionic radius: 135.0 pm, charge=-2, coord=II, EN: 3.44 (resistance)"
GST,"As,Al2O3","1%,1%",127.38618199381655,151.52694626401404,151.72280667022062,24.33662467640407,7.034785848012218,151.35135135135135,True,"GST doped with As at 1%. As (Arsenic): Period 4, Z=33, M=74.92, Block p, Ox.states [-3,3,5], Ionic radius: 33.5 pm, charge=5, coord=IV, EN: 2.18 and Al2O3 at 1%. Al (Aluminum): Period 3, Z=13, M=26.98, Block p, Ox.states [3], Ionic radius: 39.0 pm, charge=3, coord=IV, EN: 1.61; O (Oxygen): Period 2, Z=8, M=16.00, Block p, Ox.states [-2], Ionic radius: 135.0 pm, charge=-2, coord=II, EN: 3.44 (resistance)"
GST,"As,Al2O3","1%,4%",115.34482490730564,151.5284327583286,151.72310396908352,36.37827906177789,6.270693771943597,151.35135135135135,False,"GST doped with As at 1%. As (Arsenic): Period 4, Z=33, M=74.92, Block p, Ox.states [-3,3,5], Ionic radius: 33.5 pm, charge=5, coord=IV, EN: 2.18 and Al2O3 at 4%. Al (Aluminum): Period 3, Z=13, M=26.98, Block p, Ox.states [3], Ionic radius: 39.0 pm, charge=3, coord=IV, EN: 1.61; O (Oxygen): Period 2, Z=8, M=16.00, Block p, Ox.states [-2], Ionic radius: 135.0 pm, charge=-2, coord=II, EN: 3.44 (resistance)"
GST,"As,Al2O3","2%,3%",115.58177779943857,151.5306783419722,151.72355308581223,36.14177528637366,7.284188068179787,151.35135135135135,False,"GST doped with As at 2%. As (Arsenic): Period 4, Z=33, M=74.92, Block p, Ox.states [-3,3,5], Ionic radius: 33.5 pm, charge=5, coord=IV, EN: 2.18 and Al2O3 at 3%. Al (Aluminum): Period 3, Z=13, M=26.98, Block p, Ox.states [3], Ionic radius: 39.0 pm, charge=3, coord=IV, EN: 1.61; O (Oxygen): Period 2, Z=8, M=16.00, Block p, Ox.states [-2], Ionic radius: 135.0 pm, charge=-2, coord=II, EN: 3.44 (resistance)"
GST,"As,Al2O3","3%,2%",106.14866818112067,154.8585412993657,155.0798163679817,48.93114818686102,4.955249808173761,154.71471471471472,False,"GST doped with As at 3%. As (Arsenic): Period 4, Z=33, M=74.92, Block p, Ox.states [-3,3,5], Ionic radius: 33.5 pm, charge=5, coord=IV, EN: 2.18 and Al2O3 at 2%. Al (Aluminum): Period 3, Z=13, M=26.98, Block p, Ox.states [3], Ionic radius: 39.0 pm, charge=3, coord=IV, EN: 1.61; O (Oxygen): Period 2, Z=8, M=16.00, Block p, Ox.states [-2], Ionic radius: 135.0 pm, charge=-2, coord=II, EN: 3.44 (resistance)"
GST,"As,Al2O3","4%,1%",105.37250488223711,152.33819162586212,152.55772841526297,47.18522353302586,5.854419111071065,152.61261261261262,False,"GST doped with As at 4%. As (Arsenic): Period 4, Z=33, M=74.92, Block p, Ox.states [-3,3,5], Ionic radius: 33.5 pm, charge=5, coord=IV, EN: 2.18 and Al2O3 at 1%. Al (Aluminum): Period 3, Z=13, M=26.98, Block p, Ox.states [3], Ionic radius: 39.0 pm, charge=3, coord=IV, EN: 1.61; O (Oxygen): Period 2, Z=8, M=16.00, Block p, Ox.states [-2], Ionic radius: 135.0 pm, charge=-2, coord=II, EN: 3.44 (resistance)"
GST,"As,In2Se3","1%,1%",104.63672093771181,151.53112939915684,151.72364329724917,47.086922359537354,8.164511976204171,151.77177177177177,False,"GST doped with As at 1%. As (Arsenic): Period 4, Z=33, M=74.92, Block p, Ox.states [-3,3,5], Ionic radius: 33.5 pm, charge=5, coord=IV, EN: 2.18 and In2Se3 at 1%. In (Indium): Period 5, Z=49, M=114.82, Block p, Ox.states [3], Ionic radius: 80.0 pm, charge=3, coord=VI, EN: 1.78; Se (Selenium): Period 4, Z=34, M=78.97, Block p, Ox.states [-2,2,4,6], Ionic radius: 28.000000000000004 pm, charge=6, coord=IV, EN: 2.55 (resistance)"
GST,"As,In2Se3","1%,4%",98.72192783300662,151.91326045914616,152.13640584558345,53.414478012576836,6.874536293917221,153.03303303303304,False,"GST doped with As at 1%. As (Arsenic): Period 4, Z=33, M=74.92, Block p, Ox.states [-3,3,5], Ionic radius: 33.5 pm, charge=5, coord=IV, EN: 2.18 and In2Se3 at 4%. In (Indium): Period 5, Z=49, M=114.82, Block p, Ox.states [3], Ionic radius: 80.0 pm, charge=3, coord=VI, EN: 1.78; Se (Selenium): Period 4, Z=34, M=78.97, Block p, Ox.states [-2,2,4,6], Ionic radius: 28.000000000000004 pm, charge=6, coord=IV, EN: 2.55 (resistance)"
GST,"As,In2Se3","2%,3%",65.75320781251784,151.5496101750813,152.0708455497794,86.31763773726155,6.705029735926752,152.1921921921922,False,"GST doped with As at 2%. As (Arsenic): Period 4, Z=33, M=74.92, Block p, Ox.states [-3,3,5], Ionic radius: 33.5 pm, charge=5, coord=IV, EN: 2.18 and In2Se3 at 3%. In (Indium): Period 5, Z=49, M=114.82, Block p, Ox.states [3], Ionic radius: 80.0 pm, charge=3, coord=VI, EN: 1.78; Se (Selenium): Period 4, Z=34, M=78.97, Block p, Ox.states [-2,2,4,6], Ionic radius: 28.000000000000004 pm, charge=6, coord=IV, EN: 2.55 (resistance)"
GST,"As,In2Se3","3%,2%",102.67128263016181,111.98567101693604,112.19893600518944,9.527653375027626,6.46088024429619,112.25225225225226,False,"GST doped with As at 3%. As (Arsenic): Period 4, Z=33, M=74.92, Block p, Ox.states [-3,3,5], Ionic radius: 33.5 pm, charge=5, coord=IV, EN: 2.18 and In2Se3 at 2%. In (Indium): Period 5, Z=49, M=114.82, Block p, Ox.states [3], Ionic radius: 80.0 pm, charge=3, coord=VI, EN: 1.78; Se (Selenium): Period 4, Z=34, M=78.97, Block p, Ox.states [-2,2,4,6], Ionic radius: 28.000000000000004 pm, charge=6, coord=IV, EN: 2.55 (resistance)"
GST,"As,In2Se3","4%,1%",101.80860866701455,109.04333696178499,109.25611483980487,7.4475061727903125,8.030577633401602,109.72972972972974,False,"GST doped with As at 4%. As (Arsenic): Period 4, Z=33, M=74.92, Block p, Ox.states [-3,3,5], Ionic radius: 33.5 pm, charge=5, coord=IV, EN: 2.18 and In2Se3 at 1%. In (Indium): Period 5, Z=49, M=114.82, Block p, Ox.states [3], Ionic radius: 80.0 pm, charge=3, coord=VI, EN: 1.78; Se (Selenium): Period 4, Z=34, M=78.97, Block p, Ox.states [-2,2,4,6], Ionic radius: 28.000000000000004 pm, charge=6, coord=IV, EN: 2.55 (resistance)"
GST,"In,Se","1%,1%",114.285958839392,149.83084423495316,150.03824091906313,35.75228207967113,6.276512419763881,149.66966966966967,False,"GST doped with In at 1%. In (Indium): Period 5, Z=49, M=114.82, Block p, Ox.states [3], Ionic radius: 80.0 pm, charge=3, coord=VI, EN: 1.78 and Se at 1%. Se (Selenium): Period 4, Z=34, M=78.97, Block p, Ox.states [-2,2,4,6], Ionic radius: 28.000000000000004 pm, charge=6, coord=IV, EN: 2.55 (resistance)"
GST,"In,Se","1%,4%",114.31025310944355,149.83657010671286,150.03938609341503,35.72913298397148,6.281675572762595,149.66966966966967,False,"GST doped with In at 1%. In (Indium): Period 5, Z=49, M=114.82, Block p, Ox.states [3], Ionic radius: 80.0 pm, charge=3, coord=VI, EN: 1.78 and Se at 4%. Se (Selenium): Period 4, Z=34, M=78.97, Block p, Ox.states [-2,2,4,6], Ionic radius: 28.000000000000004 pm, charge=6, coord=IV, EN: 2.55 (resistance)"
GST,"In,Se","2%,3%",115.10700983011813,150.25042040155392,150.45849248871963,35.3514826586015,6.159021753949714,150.51051051051053,False,"GST doped with In at 2%. In (Indium): Period 5, Z=49, M=114.82, Block p, Ox.states [3], Ionic radius: 80.0 pm, charge=3, coord=VI, EN: 1.78 and Se at 3%. Se (Selenium): Period 4, Z=34, M=78.97, Block p, Ox.states [-2,2,4,6], Ionic radius: 28.000000000000004 pm, charge=6, coord=IV, EN: 2.55 (resistance)"
GST,"In,Se","3%,2%",108.68043889165587,176.26873701680637,176.51500866462302,67.83456977296716,6.425651389203523,176.15615615615616,False,"GST doped with In at 3%. In (Indium): Period 5, Z=49, M=114.82, Block p, Ox.states [3], Ionic radius: 80.0 pm, charge=3, coord=VI, EN: 1.78 and Se at 2%. Se (Selenium): Period 4, Z=34, M=78.97, Block p, Ox.states [-2,2,4,6], Ionic radius: 28.000000000000004 pm, charge=6, coord=IV, EN: 2.55 (resistance)"
GST,"In,Se","4%,1%",108.55637765673039,154.03714214502745,154.24286386444135,45.686486207710956,6.808705537892605,153.8738738738739,False,"GST doped with In at 4%. In (Indium): Period 5, Z=49, M=114.82, Block p, Ox.states [3], Ionic radius: 80.0 pm, charge=3, coord=VI, EN: 1.78 and Se at 1%. Se (Selenium): Period 4, Z=34, M=78.97, Block p, Ox.states [-2,2,4,6], Ionic radius: 28.000000000000004 pm, charge=6, coord=IV, EN: 2.55 (resistance)"
GST,"In,TiO2","1%,1%",145.40784951749245,150.26462980098893,150.4613343686066,5.053484851114149,6.358147312525826,150.0900900900901,True,"GST doped with In at 1%. In (Indium): Period 5, Z=49, M=114.82, Block p, Ox.states [3], Ionic radius: 80.0 pm, charge=3, coord=VI, EN: 1.78 and TiO2 at 1%. Ti (Titanium): Period 4, Z=22, M=47.87, Block d, Ox.states [4], Ionic radius: 67.0 pm, charge=3, coord=VI, EN: 1.54; O (Oxygen): Period 2, Z=8, M=16.00, Block p, Ox.states [-2], Ionic radius: 135.0 pm, charge=-2, coord=II, EN: 3.44 (resistance)"
GST,"In,TiO2","1%,4%",144.44181541595964,150.26543213860205,150.46149483612922,6.019679420169581,6.405836413513832,150.51051051051053,True,"GST doped with In at 1%. In (Indium): Period 5, Z=49, M=114.82, Block p, Ox.states [3], Ionic radius: 80.0 pm, charge=3, coord=VI, EN: 1.78 and TiO2 at 4%. Ti (Titanium): Period 4, Z=22, M=47.87, Block d, Ox.states [4], Ionic radius: 67.0 pm, charge=3, coord=VI, EN: 1.54; O (Oxygen): Period 2, Z=8, M=16.00, Block p, Ox.states [-2], Ionic radius: 135.0 pm, charge=-2, coord=II, EN: 3.44 (resistance)"
GST,"In,TiO2","2%,3%",144.23673791935775,150.64283681492415,150.87331210773004,6.636574188372293,6.041275128628341,150.93093093093094,True,"GST doped with In at 2%. In (Indium): Period 5, Z=49, M=114.82, Block p, Ox.states [3], Ionic radius: 80.0 pm, charge=3, coord=VI, EN: 1.78 and TiO2 at 3%. Ti (Titanium): Period 4, Z=22, M=47.87, Block d, Ox.states [4], Ionic radius: 67.0 pm, charge=3, coord=VI, EN: 1.54; O (Oxygen): Period 2, Z=8, M=16.00, Block p, Ox.states [-2], Ionic radius: 135.0 pm, charge=-2, coord=II, EN: 3.44 (resistance)"
GST,"In,TiO2","3%,2%",110.87004407315904,175.90975418798212,176.10687576252175,65.23683168936272,7.018031630942467,175.73573573573574,False,"GST doped with In at 3%. In (Indium): Period 5, Z=49, M=114.82, Block p, Ox.states [3], Ionic radius: 80.0 pm, charge=3, coord=VI, EN: 1.78 and TiO2 at 2%. Ti (Titanium): Period 4, Z=22, M=47.87, Block d, Ox.states [4], Ionic radius: 67.0 pm, charge=3, coord=VI, EN: 1.54; O (Oxygen): Period 2, Z=8, M=16.00, Block p, Ox.states [-2], Ionic radius: 135.0 pm, charge=-2, coord=II, EN: 3.44 (resistance)"
GST,"In,TiO2","4%,1%",117.17981611051084,153.61381819071198,153.82186273724193,36.64204662673109,6.853432708337227,153.45345345345345,False,"GST doped with In at 4%. In (Indium): Period 5, Z=49, M=114.82, Block p, Ox.states [3], Ionic radius: 80.0 pm, charge=3, coord=VI, EN: 1.78 and TiO2 at 1%. Ti (Titanium): Period 4, Z=22, M=47.87, Block d, Ox.states [4], Ionic radius: 67.0 pm, charge=3, coord=VI, EN: 1.54; O (Oxygen): Period 2, Z=8, M=16.00, Block p, Ox.states [-2], Ionic radius: 135.0 pm, charge=-2, coord=II, EN: 3.44 (resistance)"
GST,"In,ZnO","1%,1%",93.62116440497974,150.2387240451655,150.45615321744197,56.83498881246223,6.338608587618539,150.0900900900901,False,"GST doped with In at 1%. In (Indium): Period 5, Z=49, M=114.82, Block p, Ox.states [3], Ionic radius: 80.0 pm, charge=3, coord=VI, EN: 1.78 and ZnO at 1%. Zn (Zinc): Period 4, Z=30, M=65.38, Block d, Ox.states [2], Ionic radius: 60.0 pm, charge=2, coord=IV, EN: 1.65; O (Oxygen): Period 2, Z=8, M=16.00, Block p, Ox.states [-2], Ionic radius: 135.0 pm, charge=-2, coord=II, EN: 3.44 (resistance)"
GST,"In,ZnO","1%,4%",93.63191966491998,150.2497319250897,150.45835479342676,56.82643512850679,6.336613037195793,150.0900900900901,False,"GST doped with In at 1%. In (Indium): Period 5, Z=49, M=114.82, Block p, Ox.states [3], Ionic radius: 80.0 pm, charge=3, coord=VI, EN: 1.78 and ZnO at 4%. Zn (Zinc): Period 4, Z=30, M=65.38, Block d, Ox.states [2], Ionic radius: 60.0 pm, charge=2, coord=IV, EN: 1.65; O (Oxygen): Period 2, Z=8, M=16.00, Block p, Ox.states [-2], Ionic radius: 135.0 pm, charge=-2, coord=II, EN: 3.44 (resistance)"
GST,"In,ZnO","2%,3%",93.57945910588417,150.24446255980308,150.45730092036948,56.87784181448531,6.312771848490598,150.0900900900901,False,"GST doped with In at 2%. In (Indium): Period 5, Z=49, M=114.82, Block p, Ox.states [3], Ionic radius: 80.0 pm, charge=3, coord=VI, EN: 1.78 and ZnO at 3%. Zn (Zinc): Period 4, Z=30, M=65.38, Block d, Ox.states [2], Ionic radius: 60.0 pm, charge=2, coord=IV, EN: 1.65; O (Oxygen): Period 2, Z=8, M=16.00, Block p, Ox.states [-2], Ionic radius: 135.0 pm, charge=-2, coord=II, EN: 3.44 (resistance)"
GST,"In,ZnO","3%,2%",66.14793551680506,104.5972320163215,110.79673995695605,44.64880444015098,10.06502047301558,110.57057057057058,False,"GST doped with In at 3%. In (Indium): Period 5, Z=49, M=114.82, Block p, Ox.states [3], Ionic radius: 80.0 pm, charge=3, coord=VI, EN: 1.78 and ZnO at 2%. Zn (Zinc): Period 4, Z=30, M=65.38, Block d, Ox.states [2], Ionic radius: 60.0 pm, charge=2, coord=IV, EN: 1.65; O (Oxygen): Period 2, Z=8, M=16.00, Block p, Ox.states [-2], Ionic radius: 135.0 pm, charge=-2, coord=II, EN: 3.44 (resistance)"
GST,"In,ZnO","4%,1%",65.79921683818851,124.43981968253799,150.00934820237822,84.2101313641897,6.142851910221122,149.66966966966967,False,"GST doped with In at 4%. In (Indium): Period 5, Z=49, M=114.82, Block p, Ox.states [3], Ionic radius: 80.0 pm, charge=3, coord=VI, EN: 1.78 and ZnO at 1%. Zn (Zinc): Period 4, Z=30, M=65.38, Block d, Ox.states [2], Ionic radius: 60.0 pm, charge=2, coord=IV, EN: 1.65; O (Oxygen): Period 2, Z=8, M=16.00, Block p, Ox.states [-2], Ionic radius: 135.0 pm, charge=-2, coord=II, EN: 3.44 (resistance)"
GST,"In,SiO2","1%,1%",145.3820559053738,150.2116469942682,150.45073780726253,5.068681901888738,6.286999223129792,150.0900900900901,True,"GST doped with In at 1%. In (Indium): Period 5, Z=49, M=114.82, Block p, Ox.states [3], Ionic radius: 80.0 pm, charge=3, coord=VI, EN: 1.78 and SiO2 at 1%. Si (Silicon): Period 3, Z=14, M=28.09, Block p, Ox.states [-4,4], Ionic radius: 26.0 pm, charge=4, coord=IV, EN: 1.9; O (Oxygen): Period 2, Z=8, M=16.00, Block p, Ox.states [-2], Ionic radius: 135.0 pm, charge=-2, coord=II, EN: 3.44 (resistance)"
GST,"In,SiO2","1%,4%",144.6171329772691,150.23915443376427,150.4562392951617,5.8391063178926,6.279398218665477,150.0900900900901,True,"GST doped with In at 1%. In (Indium): Period 5, Z=49, M=114.82, Block p, Ox.states [3], Ionic radius: 80.0 pm, charge=3, coord=VI, EN: 1.78 and SiO2 at 4%. Si (Silicon): Period 3, Z=14, M=28.09, Block p, Ox.states [-4,4], Ionic radius: 26.0 pm, charge=4, coord=IV, EN: 1.9; O (Oxygen): Period 2, Z=8, M=16.00, Block p, Ox.states [-2], Ionic radius: 135.0 pm, charge=-2, coord=II, EN: 3.44 (resistance)"
GST,"In,SiO2","2%,3%",145.4261764287169,150.2488673361922,150.45818187564728,5.032005446930384,6.2776946388612895,150.0900900900901,True,"GST doped with In at 2%. In (Indium): Period 5, Z=49, M=114.82, Block p, Ox.states [3], Ionic radius: 80.0 pm, charge=3, coord=VI, EN: 1.78 and SiO2 at 3%. Si (Silicon): Period 3, Z=14, M=28.09, Block p, Ox.states [-4,4], Ionic radius: 26.0 pm, charge=4, coord=IV, EN: 1.9; O (Oxygen): Period 2, Z=8, M=16.00, Block p, Ox.states [-2], Ionic radius: 135.0 pm, charge=-2, coord=II, EN: 3.44 (resistance)"
GST,"In,SiO2","3%,2%",76.67312615032318,149.4414511055536,151.69755345935636,75.02442730903317,9.717961194669499,151.77177177177177,False,"GST doped with In at 3%. In (Indium): Period 5, Z=49, M=114.82, Block p, Ox.states [3], Ionic radius: 80.0 pm, charge=3, coord=VI, EN: 1.78 and SiO2 at 2%. Si (Silicon): Period 3, Z=14, M=28.09, Block p, Ox.states [-4,4], Ionic radius: 26.0 pm, charge=4, coord=IV, EN: 1.9; O (Oxygen): Period 2, Z=8, M=16.00, Block p, Ox.states [-2], Ionic radius: 135.0 pm, charge=-2, coord=II, EN: 3.44 (resistance)"
GST,"In,SiO2","4%,1%",139.38410749428394,149.42356066174654,149.62044786808545,10.23634037380151,5.904642774370448,149.66966966966967,True,"GST doped with In at 4%. In (Indium): Period 5, Z=49, M=114.82, Block p, Ox.states [3], Ionic radius: 80.0 pm, charge=3, coord=VI, EN: 1.78 and SiO2 at 1%. Si (Silicon): Period 3, Z=14, M=28.09, Block p, Ox.states [-4,4], Ionic radius: 26.0 pm, charge=4, coord=IV, EN: 1.9; O (Oxygen): Period 2, Z=8, M=16.00, Block p, Ox.states [-2], Ionic radius: 135.0 pm, charge=-2, coord=II, EN: 3.44 (resistance)"
GST,"In,Al2O3","1%,1%",95.40091535058447,150.24440950099543,150.45729030860792,55.056374958023454,6.375437815569255,150.0900900900901,False,"GST doped with In at 1%. In (Indium): Period 5, Z=49, M=114.82, Block p, Ox.states [3], Ionic radius: 80.0 pm, charge=3, coord=VI, EN: 1.78 and Al2O3 at 1%. Al (Aluminum): Period 3, Z=13, M=26.98, Block p, Ox.states [3], Ionic radius: 39.0 pm, charge=3, coord=IV, EN: 1.61; O (Oxygen): Period 2, Z=8, M=16.00, Block p, Ox.states [-2], Ionic radius: 135.0 pm, charge=-2, coord=II, EN: 3.44 (resistance)"
GST,"In,Al2O3","1%,4%",95.41712965648908,150.25111098511724,150.4586306054323,55.04150094894321,6.370278303690954,150.0900900900901,False,"GST doped with In at 1%. In (Indium): Period 5, Z=49, M=114.82, Block p, Ox.states [3], Ionic radius: 80.0 pm, charge=3, coord=VI, EN: 1.78 and Al2O3 at 4%. Al (Aluminum): Period 3, Z=13, M=26.98, Block p, Ox.states [3], Ionic radius: 39.0 pm, charge=3, coord=IV, EN: 1.61; O (Oxygen): Period 2, Z=8, M=16.00, Block p, Ox.states [-2], Ionic radius: 135.0 pm, charge=-2, coord=II, EN: 3.44 (resistance)"
GST,"In,Al2O3","2%,3%",93.69961565982038,150.24863062530778,150.4581345334704,56.75851887365002,6.616657677329236,150.0900900900901,False,"GST doped with In at 2%. In (Indium): Period 5, Z=49, M=114.82, Block p, Ox.states [3], Ionic radius: 80.0 pm, charge=3, coord=VI, EN: 1.78 and Al2O3 at 3%. Al (Aluminum): Period 3, Z=13, M=26.98, Block p, Ox.states [3], Ionic radius: 39.0 pm, charge=3, coord=IV, EN: 1.61; O (Oxygen): Period 2, Z=8, M=16.00, Block p, Ox.states [-2], Ionic radius: 135.0 pm, charge=-2, coord=II, EN: 3.44 (resistance)"
GST,"In,Al2O3","3%,2%",64.80167984054778,115.364497253785,151.6991827338092,86.89750289326143,6.259772003182414,151.35135135135135,False,"GST doped with In at 3%. In (Indium): Period 5, Z=49, M=114.82, Block p, Ox.states [3], Ionic radius: 80.0 pm, charge=3, coord=VI, EN: 1.78 and Al2O3 at 2%. Al (Aluminum): Period 3, Z=13, M=26.98, Block p, Ox.states [3], Ionic radius: 39.0 pm, charge=3, coord=IV, EN: 1.61; O (Oxygen): Period 2, Z=8, M=16.00, Block p, Ox.states [-2], Ionic radius: 135.0 pm, charge=-2, coord=II, EN: 3.44 (resistance)"
GST,"In,Al2O3","4%,1%",91.53531842145259,150.2294498868383,150.45429838577653,58.91897996432394,5.975914519768345,150.0900900900901,False,"GST doped with In at 4%. In (Indium): Period 5, Z=49, M=114.82, Block p, Ox.states [3], Ionic radius: 80.0 pm, charge=3, coord=VI, EN: 1.78 and Al2O3 at 1%. Al (Aluminum): Period 3, Z=13, M=26.98, Block p, Ox.states [3], Ionic radius: 39.0 pm, charge=3, coord=IV, EN: 1.61; O (Oxygen): Period 2, Z=8, M=16.00, Block p, Ox.states [-2], Ionic radius: 135.0 pm, charge=-2, coord=II, EN: 3.44 (resistance)"
GST,"In,In2Se3","1%,1%",112.91888578190512,150.2572882159411,150.45986605159703,37.540980269691914,6.295080051259047,150.0900900900901,False,"GST doped with In at 1%. In (Indium): Period 5, Z=49, M=114.82, Block p, Ox.states [3], Ionic radius: 80.0 pm, charge=3, coord=VI, EN: 1.78 and In2Se3 at 1%. In (Indium): Period 5, Z=49, M=114.82, Block p, Ox.states [3], Ionic radius: 80.0 pm, charge=3, coord=VI, EN: 1.78; Se (Selenium): Period 4, Z=34, M=78.97, Block p, Ox.states [-2,2,4,6], Ionic radius: 28.000000000000004 pm, charge=6, coord=IV, EN: 2.55 (resistance)"
GST,"In,In2Se3","1%,4%",105.95209001225679,150.25903956024985,150.46021632045878,44.508126308201994,6.074363977717727,150.51051051051053,False,"GST doped with In at 1%. In (Indium): Period 5, Z=49, M=114.82, Block p, Ox.states [3], Ionic radius: 80.0 pm, charge=3, coord=VI, EN: 1.78 and In2Se3 at 4%. In (Indium): Period 5, Z=49, M=114.82, Block p, Ox.states [3], Ionic radius: 80.0 pm, charge=3, coord=VI, EN: 1.78; Se (Selenium): Period 4, Z=34, M=78.97, Block p, Ox.states [-2,2,4,6], Ionic radius: 28.000000000000004 pm, charge=6, coord=IV, EN: 2.55 (resistance)"
GST,"In,In2Se3","2%,3%",106.18704629520411,151.52794174556982,151.72300576653177,45.53595947132766,6.162554566375418,151.35135135135135,False,"GST doped with In at 2%. In (Indium): Period 5, Z=49, M=114.82, Block p, Ox.states [3], Ionic radius: 80.0 pm, charge=3, coord=VI, EN: 1.78 and In2Se3 at 3%. In (Indium): Period 5, Z=49, M=114.82, Block p, Ox.states [3], Ionic radius: 80.0 pm, charge=3, coord=VI, EN: 1.78; Se (Selenium): Period 4, Z=34, M=78.97, Block p, Ox.states [-2,2,4,6], Ionic radius: 28.000000000000004 pm, charge=6, coord=IV, EN: 2.55 (resistance)"
GST,"In,In2Se3","3%,2%",101.82191037608305,131.7556804742791,131.96074570446584,30.138835328382783,6.310982298673693,131.5915915915916,False,"GST doped with In at 3%. In (Indium): Period 5, Z=49, M=114.82, Block p, Ox.states [3], Ionic radius: 80.0 pm, charge=3, coord=VI, EN: 1.78 and In2Se3 at 2%. In (Indium): Period 5, Z=49, M=114.82, Block p, Ox.states [3], Ionic radius: 80.0 pm, charge=3, coord=VI, EN: 1.78; Se (Selenium): Period 4, Z=34, M=78.97, Block p, Ox.states [-2,2,4,6], Ionic radius: 28.000000000000004 pm, charge=6, coord=IV, EN: 2.55 (resistance)"
GST,"In,In2Se3","4%,1%",101.43166233464846,135.53373233230954,135.74338310309898,34.31172076845051,8.545320887623365,153.45345345345345,False,"GST doped with In at 4%. In (Indium): Period 5, Z=49, M=114.82, Block p, Ox.states [3], Ionic radius: 80.0 pm, charge=3, coord=VI, EN: 1.78 and In2Se3 at 1%. In (Indium): Period 5, Z=49, M=114.82, Block p, Ox.states [3], Ionic radius: 80.0 pm, charge=3, coord=VI, EN: 1.78; Se (Selenium): Period 4, Z=34, M=78.97, Block p, Ox.states [-2,2,4,6], Ionic radius: 28.000000000000004 pm, charge=6, coord=IV, EN: 2.55 (resistance)"
GST,"Se,TiO2","1%,1%",145.24293077830603,151.51966283632427,151.72134998468266,6.478419206376628,6.541462418310772,151.35135135135135,True,"GST doped with Se at 1%. Se (Selenium): Period 4, Z=34, M=78.97, Block p, Ox.states [-2,2,4,6], Ionic radius: 28.000000000000004 pm, charge=6, coord=IV, EN: 2.55 and TiO2 at 1%. Ti (Titanium): Period 4, Z=22, M=47.87, Block d, Ox.states [4], Ionic radius: 67.0 pm, charge=3, coord=VI, EN: 1.54; O (Oxygen): Period 2, Z=8, M=16.00, Block p, Ox.states [-2], Ionic radius: 135.0 pm, charge=-2, coord=II, EN: 3.44 (resistance)"
GST,"Se,TiO2","1%,4%",140.39903098409002,151.524971579401,151.722411733298,11.323380749207985,6.546832844460615,151.77177177177177,True,"GST doped with Se at 1%. Se (Selenium): Period 4, Z=34, M=78.97, Block p, Ox.states [-2,2,4,6], Ionic radius: 28.000000000000004 pm, charge=6, coord=IV, EN: 2.55 and TiO2 at 4%. Ti (Titanium): Period 4, Z=22, M=47.87, Block d, Ox.states [4], Ionic radius: 67.0 pm, charge=3, coord=VI, EN: 1.54; O (Oxygen): Period 2, Z=8, M=16.00, Block p, Ox.states [-2], Ionic radius: 135.0 pm, charge=-2, coord=II, EN: 3.44 (resistance)"
GST,"Se,TiO2","2%,3%",145.38193175040098,153.6023215697761,153.81956341305477,8.437631662653786,6.417506056203514,153.45345345345345,True,"GST doped with Se at 2%. Se (Selenium): Period 4, Z=34, M=78.97, Block p, Ox.states [-2,2,4,6], Ionic radius: 28.000000000000004 pm, charge=6, coord=IV, EN: 2.55 and TiO2 at 3%. Ti (Titanium): Period 4, Z=22, M=47.87, Block d, Ox.states [4], Ionic radius: 67.0 pm, charge=3, coord=VI, EN: 1.54; O (Oxygen): Period 2, Z=8, M=16.00, Block p, Ox.states [-2], Ionic radius: 135.0 pm, charge=-2, coord=II, EN: 3.44 (resistance)"
GST,"Se,TiO2","3%,2%",140.22585416215196,180.44806873993173,180.7142383726115,40.48838421045954,6.104583932257556,180.36036036036037,False,"GST doped with Se at 3%. Se (Selenium): Period 4, Z=34, M=78.97, Block p, Ox.states [-2,2,4,6], Ionic radius: 28.000000000000004 pm, charge=6, coord=IV, EN: 2.55 and TiO2 at 2%. Ti (Titanium): Period 4, Z=22, M=47.87, Block d, Ox.states [4], Ionic radius: 67.0 pm, charge=3, coord=VI, EN: 1.54; O (Oxygen): Period 2, Z=8, M=16.00, Block p, Ox.states [-2], Ionic radius: 135.0 pm, charge=-2, coord=II, EN: 3.44 (resistance)"
GST,"Se,TiO2","4%,1%",139.04547107512164,202.39127764528985,202.59236964317247,63.546898568050835,6.268396125905721,200.96096096096096,False,"GST doped with Se at 4%. Se (Selenium): Period 4, Z=34, M=78.97, Block p, Ox.states [-2,2,4,6], Ionic radius: 28.000000000000004 pm, charge=6, coord=IV, EN: 2.55 and TiO2 at 1%. Ti (Titanium): Period 4, Z=22, M=47.87, Block d, Ox.states [4], Ionic radius: 67.0 pm, charge=3, coord=VI, EN: 1.54; O (Oxygen): Period 2, Z=8, M=16.00, Block p, Ox.states [-2], Ionic radius: 135.0 pm, charge=-2, coord=II, EN: 3.44 (resistance)"
GST,"Se,ZnO","1%,1%",132.10438634344692,150.2620591286831,150.46082023414544,18.356433890698526,6.30226060826813,150.0900900900901,True,"GST doped with Se at 1%. Se (Selenium): Period 4, Z=34, M=78.97, Block p, Ox.states [-2,2,4,6], Ionic radius: 28.000000000000004 pm, charge=6, coord=IV, EN: 2.55 and ZnO at 1%. Zn (Zinc): Period 4, Z=30, M=65.38, Block d, Ox.states [2], Ionic radius: 60.0 pm, charge=2, coord=IV, EN: 1.65; O (Oxygen): Period 2, Z=8, M=16.00, Block p, Ox.states [-2], Ionic radius: 135.0 pm, charge=-2, coord=II, EN: 3.44 (resistance)"
GST,"Se,ZnO","1%,4%",131.41937558989733,150.6522300415557,150.87519075305633,19.455815163159002,6.258552897117561,150.51051051051053,True,"GST doped with Se at 1%. Se (Selenium): Period 4, Z=34, M=78.97, Block p, Ox.states [-2,2,4,6], Ionic radius: 28.000000000000004 pm, charge=6, coord=IV, EN: 2.55 and ZnO at 4%. Zn (Zinc): Period 4, Z=30, M=65.38, Block d, Ox.states [2], Ionic radius: 60.0 pm, charge=2, coord=IV, EN: 1.65; O (Oxygen): Period 2, Z=8, M=16.00, Block p, Ox.states [-2], Ionic radius: 135.0 pm, charge=-2, coord=II, EN: 3.44 (resistance)"
GST,"Se,ZnO","2%,3%",132.06502137142962,150.67964091328665,150.8806729274025,18.815651555972863,6.492198976763262,150.93093093093094,True,"GST doped with Se at 2%. Se (Selenium): Period 4, Z=34, M=78.97, Block p, Ox.states [-2,2,4,6], Ionic radius: 28.000000000000004 pm, charge=6, coord=IV, EN: 2.55 and ZnO at 3%. Zn (Zinc): Period 4, Z=30, M=65.38, Block d, Ox.states [2], Ionic radius: 60.0 pm, charge=2, coord=IV, EN: 1.65; O (Oxygen): Period 2, Z=8, M=16.00, Block p, Ox.states [-2], Ionic radius: 135.0 pm, charge=-2, coord=II, EN: 3.44 (resistance)"
GST,"Se,ZnO","3%,2%",115.12290775917907,176.3193812201357,176.5251375052888,61.402229746109725,6.494106935879014,176.57657657657657,False,"GST doped with Se at 3%. Se (Selenium): Period 4, Z=34, M=78.97, Block p, Ox.states [-2,2,4,6], Ionic radius: 28.000000000000004 pm, charge=6, coord=IV, EN: 2.55 and ZnO at 2%. Zn (Zinc): Period 4, Z=30, M=65.38, Block d, Ox.states [2], Ionic radius: 60.0 pm, charge=2, coord=IV, EN: 1.65; O (Oxygen): Period 2, Z=8, M=16.00, Block p, Ox.states [-2], Ionic radius: 135.0 pm, charge=-2, coord=II, EN: 3.44 (resistance)"
GST,"Se,ZnO","4%,1%",119.62958732174225,154.0423371412932,154.24390286369447,34.61431554195222,6.540968104710693,153.45345345345345,False,"GST doped with Se at 4%. Se (Selenium): Period 4, Z=34, M=78.97, Block p, Ox.states [-2,2,4,6], Ionic radius: 28.000000000000004 pm, charge=6, coord=IV, EN: 2.55 and ZnO at 1%. Zn (Zinc): Period 4, Z=30, M=65.38, Block d, Ox.states [2], Ionic radius: 60.0 pm, charge=2, coord=IV, EN: 1.65; O (Oxygen): Period 2, Z=8, M=16.00, Block p, Ox.states [-2], Ionic radius: 135.0 pm, charge=-2, coord=II, EN: 3.44 (resistance)"
GST,"Se,SiO2","1%,1%",148.52752482422446,150.66174845588225,150.87709443592163,2.349569611697177,7.253952064787487,150.51051051051053,False,"GST doped with Se at 1%. Se (Selenium): Period 4, Z=34, M=78.97, Block p, Ox.states [-2,2,4,6], Ionic radius: 28.000000000000004 pm, charge=6, coord=IV, EN: 2.55 and SiO2 at 1%. Si (Silicon): Period 3, Z=14, M=28.09, Block p, Ox.states [-4,4], Ionic radius: 26.0 pm, charge=4, coord=IV, EN: 1.9; O (Oxygen): Period 2, Z=8, M=16.00, Block p, Ox.states [-2], Ionic radius: 135.0 pm, charge=-2, coord=II, EN: 3.44 (resistance)"
GST,"Se,SiO2","1%,4%",148.41869561542057,151.5150125213334,151.7204199216845,3.301724306263935,6.236851235994404,151.35135135135135,False,"GST doped with Se at 1%. Se (Selenium): Period 4, Z=34, M=78.97, Block p, Ox.states [-2,2,4,6], Ionic radius: 28.000000000000004 pm, charge=6, coord=IV, EN: 2.55 and SiO2 at 4%. Si (Silicon): Period 3, Z=14, M=28.09, Block p, Ox.states [-4,4], Ionic radius: 26.0 pm, charge=4, coord=IV, EN: 1.9; O (Oxygen): Period 2, Z=8, M=16.00, Block p, Ox.states [-2], Ionic radius: 135.0 pm, charge=-2, coord=II, EN: 3.44 (resistance)"
GST,"Se,SiO2","2%,3%",148.66846470000846,151.5310351273502,151.72362444288783,3.0551597428793684,6.277233526000153,151.35135135135135,False,"GST doped with Se at 2%. Se (Selenium): Period 4, Z=34, M=78.97, Block p, Ox.states [-2,2,4,6], Ionic radius: 28.000000000000004 pm, charge=6, coord=IV, EN: 2.55 and SiO2 at 3%. Si (Silicon): Period 3, Z=14, M=28.09, Block p, Ox.states [-4,4], Ionic radius: 26.0 pm, charge=4, coord=IV, EN: 1.9; O (Oxygen): Period 2, Z=8, M=16.00, Block p, Ox.states [-2], Ionic radius: 135.0 pm, charge=-2, coord=II, EN: 3.44 (resistance)"
GST,"Se,SiO2","3%,2%",145.22909366570326,176.74737108722255,176.9470718150425,31.717978149339245,7.353841131334345,176.996996996997,False,"GST doped with Se at 3%. Se (Selenium): Period 4, Z=34, M=78.97, Block p, Ox.states [-2,2,4,6], Ionic radius: 28.000000000000004 pm, charge=6, coord=IV, EN: 2.55 and SiO2 at 2%. Si (Silicon): Period 3, Z=14, M=28.09, Block p, Ox.states [-4,4], Ionic radius: 26.0 pm, charge=4, coord=IV, EN: 1.9; O (Oxygen): Period 2, Z=8, M=16.00, Block p, Ox.states [-2], Ionic radius: 135.0 pm, charge=-2, coord=II, EN: 3.44 (resistance)"
GST,"Se,SiO2","4%,1%",144.34334009474225,176.74170483773267,176.94593856514456,32.60259847040231,5.750114900700694,176.996996996997,False,"GST doped with Se at 4%. Se (Selenium): Period 4, Z=34, M=78.97, Block p, Ox.states [-2,2,4,6], Ionic radius: 28.000000000000004 pm, charge=6, coord=IV, EN: 2.55 and SiO2 at 1%. Si (Silicon): Period 3, Z=14, M=28.09, Block p, Ox.states [-4,4], Ionic radius: 26.0 pm, charge=4, coord=IV, EN: 1.9; O (Oxygen): Period 2, Z=8, M=16.00, Block p, Ox.states [-2], Ionic radius: 135.0 pm, charge=-2, coord=II, EN: 3.44 (resistance)"
GST,"Se,Al2O3","1%,1%",134.23383385090145,150.26002439385329,150.46041328717948,16.22657943627803,6.310434829087235,150.0900900900901,True,"GST doped with Se at 1%. Se (Selenium): Period 4, Z=34, M=78.97, Block p, Ox.states [-2,2,4,6], Ionic radius: 28.000000000000004 pm, charge=6, coord=IV, EN: 2.55 and Al2O3 at 1%. Al (Aluminum): Period 3, Z=13, M=26.98, Block p, Ox.states [3], Ionic radius: 39.0 pm, charge=3, coord=IV, EN: 1.61; O (Oxygen): Period 2, Z=8, M=16.00, Block p, Ox.states [-2], Ionic radius: 135.0 pm, charge=-2, coord=II, EN: 3.44 (resistance)"
GST,"Se,Al2O3","1%,4%",133.584979932783,150.26137189794196,150.4606827879972,16.8757028552142,6.673213565344096,150.51051051051053,True,"GST doped with Se at 1%. Se (Selenium): Period 4, Z=34, M=78.97, Block p, Ox.states [-2,2,4,6], Ionic radius: 28.000000000000004 pm, charge=6, coord=IV, EN: 2.55 and Al2O3 at 4%. Al (Aluminum): Period 3, Z=13, M=26.98, Block p, Ox.states [3], Ionic radius: 39.0 pm, charge=3, coord=IV, EN: 1.61; O (Oxygen): Period 2, Z=8, M=16.00, Block p, Ox.states [-2], Ionic radius: 135.0 pm, charge=-2, coord=II, EN: 3.44 (resistance)"
GST,"Se,Al2O3","2%,3%",134.37624552868428,151.52680568874467,151.72277855516674,17.34653302648246,8.794572138715052,151.35135135135135,True,"GST doped with Se at 2%. Se (Selenium): Period 4, Z=34, M=78.97, Block p, Ox.states [-2,2,4,6], Ionic radius: 28.000000000000004 pm, charge=6, coord=IV, EN: 2.55 and Al2O3 at 3%. Al (Aluminum): Period 3, Z=13, M=26.98, Block p, Ox.states [3], Ionic radius: 39.0 pm, charge=3, coord=IV, EN: 1.61; O (Oxygen): Period 2, Z=8, M=16.00, Block p, Ox.states [-2], Ionic radius: 135.0 pm, charge=-2, coord=II, EN: 3.44 (resistance)"
GST,"Se,Al2O3","3%,2%",130.65184548912205,175.90912288523995,176.1067495019733,45.454904012851244,6.379190213976695,175.73573573573574,False,"GST doped with Se at 3%. Se (Selenium): Period 4, Z=34, M=78.97, Block p, Ox.states [-2,2,4,6], Ionic radius: 28.000000000000004 pm, charge=6, coord=IV, EN: 2.55 and Al2O3 at 2%. Al (Aluminum): Period 3, Z=13, M=26.98, Block p, Ox.states [3], Ionic radius: 39.0 pm, charge=3, coord=IV, EN: 1.61; O (Oxygen): Period 2, Z=8, M=16.00, Block p, Ox.states [-2], Ionic radius: 135.0 pm, charge=-2, coord=II, EN: 3.44 (resistance)"
GST,"Se,Al2O3","4%,1%",130.9022316340715,154.03560962765775,154.2425573609674,23.340325726895884,7.455793338117791,153.8738738738739,True,"GST doped with Se at 4%. Se (Selenium): Period 4, Z=34, M=78.97, Block p, Ox.states [-2,2,4,6], Ionic radius: 28.000000000000004 pm, charge=6, coord=IV, EN: 2.55 and Al2O3 at 1%. Al (Aluminum): Period 3, Z=13, M=26.98, Block p, Ox.states [3], Ionic radius: 39.0 pm, charge=3, coord=IV, EN: 1.61; O (Oxygen): Period 2, Z=8, M=16.00, Block p, Ox.states [-2], Ionic radius: 135.0 pm, charge=-2, coord=II, EN: 3.44 (resistance)"
GST,"Se,In2Se3","1%,1%",150.38781530592215,151.53276478984785,151.72397037538738,1.336155069465235,6.505221674564833,151.35135135135135,False,"GST doped with Se at 1%. Se (Selenium): Period 4, Z=34, M=78.97, Block p, Ox.states [-2,2,4,6], Ionic radius: 28.000000000000004 pm, charge=6, coord=IV, EN: 2.55 and In2Se3 at 1%. In (Indium): Period 5, Z=49, M=114.82, Block p, Ox.states [3], Ionic radius: 80.0 pm, charge=3, coord=VI, EN: 1.78; Se (Selenium): Period 4, Z=34, M=78.97, Block p, Ox.states [-2,2,4,6], Ionic radius: 28.000000000000004 pm, charge=6, coord=IV, EN: 2.55 (resistance)"
GST,"Se,In2Se3","1%,4%",150.51502354836336,151.53548203900928,151.72451382521965,1.209490276856286,6.4671470438778655,151.35135135135135,False,"GST doped with Se at 1%. Se (Selenium): Period 4, Z=34, M=78.97, Block p, Ox.states [-2,2,4,6], Ionic radius: 28.000000000000004 pm, charge=6, coord=IV, EN: 2.55 and In2Se3 at 4%. In (Indium): Period 5, Z=49, M=114.82, Block p, Ox.states [3], Ionic radius: 80.0 pm, charge=3, coord=VI, EN: 1.78; Se (Selenium): Period 4, Z=34, M=78.97, Block p, Ox.states [-2,2,4,6], Ionic radius: 28.000000000000004 pm, charge=6, coord=IV, EN: 2.55 (resistance)"
GST,"Se,In2Se3","2%,3%",82.6335439770419,151.9678614217191,153.38145848260177,70.74791450555988,6.260838047619377,153.03303303303304,False,"GST doped with Se at 2%. Se (Selenium): Period 4, Z=34, M=78.97, Block p, Ox.states [-2,2,4,6], Ionic radius: 28.000000000000004 pm, charge=6, coord=IV, EN: 2.55 and In2Se3 at 3%. In (Indium): Period 5, Z=49, M=114.82, Block p, Ox.states [3], Ionic radius: 80.0 pm, charge=3, coord=VI, EN: 1.78; Se (Selenium): Period 4, Z=34, M=78.97, Block p, Ox.states [-2,2,4,6], Ionic radius: 28.000000000000004 pm, charge=6, coord=IV, EN: 2.55 (resistance)"
GST,"Se,In2Se3","3%,2%",175.77547607016362,176.72721198111523,176.9430399938211,1.1675639236574682,7.913462560266341,176.996996996997,False,"GST doped with Se at 3%. Se (Selenium): Period 4, Z=34, M=78.97, Block p, Ox.states [-2,2,4,6], Ionic radius: 28.000000000000004 pm, charge=6, coord=IV, EN: 2.55 and In2Se3 at 2%. In (Indium): Period 5, Z=49, M=114.82, Block p, Ox.states [3], Ionic radius: 80.0 pm, charge=3, coord=VI, EN: 1.78; Se (Selenium): Period 4, Z=34, M=78.97, Block p, Ox.states [-2,2,4,6], Ionic radius: 28.000000000000004 pm, charge=6, coord=IV, EN: 2.55 (resistance)"
GST,"Se,In2Se3","4%,1%",152.10713735439097,176.315053135303,176.5242718883223,24.417134533931318,6.149934115822708,176.15615615615616,True,"GST doped with Se at 4%. Se (Selenium): Period 4, Z=34, M=78.97, Block p, Ox.states [-2,2,4,6], Ionic radius: 28.000000000000004 pm, charge=6, coord=IV, EN: 2.55 and In2Se3 at 1%. In (Indium): Period 5, Z=49, M=114.82, Block p, Ox.states [3], Ionic radius: 80.0 pm, charge=3, coord=VI, EN: 1.78; Se (Selenium): Period 4, Z=34, M=78.97, Block p, Ox.states [-2,2,4,6], Ionic radius: 28.000000000000004 pm, charge=6, coord=IV, EN: 2.55 (resistance)"
GST,"TiO2,ZnO","1%,1%",157.4281559285153,331.4549690914228,331.66036318765435,174.23220725913905,5.993367247130417,358.1981981981982,False,"GST doped with TiO2 at 1%. Ti (Titanium): Period 4, Z=22, M=47.87, Block d, Ox.states [4], Ionic radius: 67.0 pm, charge=3, coord=VI, EN: 1.54; O (Oxygen): Period 2, Z=8, M=16.00, Block p, Ox.states [-2], Ionic radius: 135.0 pm, charge=-2, coord=II, EN: 3.44 and ZnO at 1%. Zn (Zinc): Period 4, Z=30, M=65.38, Block d, Ox.states [2], Ionic radius: 60.0 pm, charge=2, coord=IV, EN: 1.65; O (Oxygen): Period 2, Z=8, M=16.00, Block p, Ox.states [-2], Ionic radius: 135.0 pm, charge=-2, coord=II, EN: 3.44 (resistance)"
GST,"TiO2,ZnO","1%,4%",164.37523815330567,331.45473954428996,331.66031727822775,167.28507912492208,5.972874400764683,335.4954954954955,False,"GST doped with TiO2 at 1%. Ti (Titanium): Period 4, Z=22, M=47.87, Block d, Ox.states [4], Ionic radius: 67.0 pm, charge=3, coord=VI, EN: 1.54; O (Oxygen): Period 2, Z=8, M=16.00, Block p, Ox.states [-2], Ionic radius: 135.0 pm, charge=-2, coord=II, EN: 3.44 and ZnO at 4%. Zn (Zinc): Period 4, Z=30, M=65.38, Block d, Ox.states [2], Ionic radius: 60.0 pm, charge=2, coord=IV, EN: 1.65; O (Oxygen): Period 2, Z=8, M=16.00, Block p, Ox.states [-2], Ionic radius: 135.0 pm, charge=-2, coord=II, EN: 3.44 (resistance)"
GST,"TiO2,ZnO","2%,3%",172.5740002145484,329.34428624033256,329.55654493575463,156.98254472120624,6.103109770597129,327.5075075075075,False,"GST doped with TiO2 at 2%. Ti (Titanium): Period 4, Z=22, M=47.87, Block d, Ox.states [4], Ionic radius: 67.0 pm, charge=3, coord=VI, EN: 1.54; O (Oxygen): Period 2, Z=8, M=16.00, Block p, Ox.states [-2], Ionic radius: 135.0 pm, charge=-2, coord=II, EN: 3.44 and ZnO at 3%. Zn (Zinc): Period 4, Z=30, M=65.38, Block d, Ox.states [2], Ionic radius: 60.0 pm, charge=2, coord=IV, EN: 1.65; O (Oxygen): Period 2, Z=8, M=16.00, Block p, Ox.states [-2], Ionic radius: 135.0 pm, charge=-2, coord=II, EN: 3.44 (resistance)"
GST,"TiO2,ZnO","3%,2%",187.43886662475308,328.51493329133933,328.7180016732833,141.27913504853024,5.474848866547073,327.5075075075075,False,"GST doped with TiO2 at 3%. Ti (Titanium): Period 4, Z=22, M=47.87, Block d, Ox.states [4], Ionic radius: 67.0 pm, charge=3, coord=VI, EN: 1.54; O (Oxygen): Period 2, Z=8, M=16.00, Block p, Ox.states [-2], Ionic radius: 135.0 pm, charge=-2, coord=II, EN: 3.44 and ZnO at 2%. Zn (Zinc): Period 4, Z=30, M=65.38, Block d, Ox.states [2], Ionic radius: 60.0 pm, charge=2, coord=IV, EN: 1.65; O (Oxygen): Period 2, Z=8, M=16.00, Block p, Ox.states [-2], Ionic radius: 135.0 pm, charge=-2, coord=II, EN: 3.44 (resistance)"
GST,"TiO2,ZnO","4%,1%",205.08522058175637,331.4572869687772,331.6608267631252,126.57560618136884,5.0330385197564205,343.90390390390394,False,"GST doped with TiO2 at 4%. Ti (Titanium): Period 4, Z=22, M=47.87, Block d, Ox.states [4], Ionic radius: 67.0 pm, charge=3, coord=VI, EN: 1.54; O (Oxygen): Period 2, Z=8, M=16.00, Block p, Ox.states [-2], Ionic radius: 135.0 pm, charge=-2, coord=II, EN: 3.44 and ZnO at 1%. Zn (Zinc): Period 4, Z=30, M=65.38, Block d, Ox.states [2], Ionic radius: 60.0 pm, charge=2, coord=IV, EN: 1.65; O (Oxygen): Period 2, Z=8, M=16.00, Block p, Ox.states [-2], Ionic radius: 135.0 pm, charge=-2, coord=II, EN: 3.44 (resistance)"
GST,"TiO2,SiO2","1%,1%",155.83085946487014,333.9809157938019,334.1835705461482,178.35271108127804,6.092422489890082,343.4834834834835,False,"GST doped with TiO2 at 1%. Ti (Titanium): Period 4, Z=22, M=47.87, Block d, Ox.states [4], Ionic radius: 67.0 pm, charge=3, coord=VI, EN: 1.54; O (Oxygen): Period 2, Z=8, M=16.00, Block p, Ox.states [-2], Ionic radius: 135.0 pm, charge=-2, coord=II, EN: 3.44 and SiO2 at 1%. Si (Silicon): Period 3, Z=14, M=28.09, Block p, Ox.states [-4,4], Ionic radius: 26.0 pm, charge=4, coord=IV, EN: 1.9; O (Oxygen): Period 2, Z=8, M=16.00, Block p, Ox.states [-2], Ionic radius: 135.0 pm, charge=-2, coord=II, EN: 3.44 (resistance)"
GST,"TiO2,SiO2","1%,4%",174.337302619251,333.9811248794666,334.1836123632811,159.8463097440301,5.968779858527778,332.5525525525526,False,"GST doped with TiO2 at 1%. Ti (Titanium): Period 4, Z=22, M=47.87, Block d, Ox.states [4], Ionic radius: 67.0 pm, charge=3, coord=VI, EN: 1.54; O (Oxygen): Period 2, Z=8, M=16.00, Block p, Ox.states [-2], Ionic radius: 135.0 pm, charge=-2, coord=II, EN: 3.44 and SiO2 at 4%. Si (Silicon): Period 3, Z=14, M=28.09, Block p, Ox.states [-4,4], Ionic radius: 26.0 pm, charge=4, coord=IV, EN: 1.9; O (Oxygen): Period 2, Z=8, M=16.00, Block p, Ox.states [-2], Ionic radius: 135.0 pm, charge=-2, coord=II, EN: 3.44 (resistance)"
GST,"TiO2,SiO2","2%,3%",115.6907856869412,235.79060378862508,329.5140500424077,213.8232643554665,5.941055722380373,327.5075075075075,False,"GST doped with TiO2 at 2%. Ti (Titanium): Period 4, Z=22, M=47.87, Block d, Ox.states [4], Ionic radius: 67.0 pm, charge=3, coord=VI, EN: 1.54; O (Oxygen): Period 2, Z=8, M=16.00, Block p, Ox.states [-2], Ionic radius: 135.0 pm, charge=-2, coord=II, EN: 3.44 and SiO2 at 3%. Si (Silicon): Period 3, Z=14, M=28.09, Block p, Ox.states [-4,4], Ionic radius: 26.0 pm, charge=4, coord=IV, EN: 1.9; O (Oxygen): Period 2, Z=8, M=16.00, Block p, Ox.states [-2], Ionic radius: 135.0 pm, charge=-2, coord=II, EN: 3.44 (resistance)"
GST,"TiO2,SiO2","3%,2%",142.15474417873125,329.3233374048937,329.5523551686669,187.39761098993566,5.901023107720025,343.4834834834835,False,"GST doped with TiO2 at 3%. Ti (Titanium): Period 4, Z=22, M=47.87, Block d, Ox.states [4], Ionic radius: 67.0 pm, charge=3, coord=VI, EN: 1.54; O (Oxygen): Period 2, Z=8, M=16.00, Block p, Ox.states [-2], Ionic radius: 135.0 pm, charge=-2, coord=II, EN: 3.44 and SiO2 at 2%. Si (Silicon): Period 3, Z=14, M=28.09, Block p, Ox.states [-4,4], Ionic radius: 26.0 pm, charge=4, coord=IV, EN: 1.9; O (Oxygen): Period 2, Z=8, M=16.00, Block p, Ox.states [-2], Ionic radius: 135.0 pm, charge=-2, coord=II, EN: 3.44 (resistance)"
GST,"TiO2,SiO2","4%,1%",205.1574441565398,329.35685322697543,329.55905833308316,124.40161417654335,6.435429916526026,327.5075075075075,False,"GST doped with TiO2 at 4%. Ti (Titanium): Period 4, Z=22, M=47.87, Block d, Ox.states [4], Ionic radius: 67.0 pm, charge=3, coord=VI, EN: 1.54; O (Oxygen): Period 2, Z=8, M=16.00, Block p, Ox.states [-2], Ionic radius: 135.0 pm, charge=-2, coord=II, EN: 3.44 and SiO2 at 1%. Si (Silicon): Period 3, Z=14, M=28.09, Block p, Ox.states [-4,4], Ionic radius: 26.0 pm, charge=4, coord=IV, EN: 1.9; O (Oxygen): Period 2, Z=8, M=16.00, Block p, Ox.states [-2], Ionic radius: 135.0 pm, charge=-2, coord=II, EN: 3.44 (resistance)"
GST,"TiO2,Al2O3","1%,1%",155.73440489942064,331.4390021190185,331.65716979317347,175.92276489375283,6.9056406497278005,330.4504504504505,False,"GST doped with TiO2 at 1%. Ti (Titanium): Period 4, Z=22, M=47.87, Block d, Ox.states [4], Ionic radius: 67.0 pm, charge=3, coord=VI, EN: 1.54; O (Oxygen): Period 2, Z=8, M=16.00, Block p, Ox.states [-2], Ionic radius: 135.0 pm, charge=-2, coord=II, EN: 3.44 and Al2O3 at 1%. Al (Aluminum): Period 3, Z=13, M=26.98, Block p, Ox.states [3], Ionic radius: 39.0 pm, charge=3, coord=IV, EN: 1.61; O (Oxygen): Period 2, Z=8, M=16.00, Block p, Ox.states [-2], Ionic radius: 135.0 pm, charge=-2, coord=II, EN: 3.44 (resistance)"
GST,"TiO2,Al2O3","1%,4%",156.8061540192671,331.43871566672766,331.65711250271534,174.85095848344824,6.882016957999737,330.4504504504505,False,"GST doped with TiO2 at 1%. Ti (Titanium): Period 4, Z=22, M=47.87, Block d, Ox.states [4], Ionic radius: 67.0 pm, charge=3, coord=VI, EN: 1.54; O (Oxygen): Period 2, Z=8, M=16.00, Block p, Ox.states [-2], Ionic radius: 135.0 pm, charge=-2, coord=II, EN: 3.44 and Al2O3 at 4%. Al (Aluminum): Period 3, Z=13, M=26.98, Block p, Ox.states [3], Ionic radius: 39.0 pm, charge=3, coord=IV, EN: 1.61; O (Oxygen): Period 2, Z=8, M=16.00, Block p, Ox.states [-2], Ionic radius: 135.0 pm, charge=-2, coord=II, EN: 3.44 (resistance)"
GST,"TiO2,Al2O3","2%,3%",94.65210303600887,318.21145642632877,329.51845535271264,234.86635231670377,7.815816501313931,329.1891891891892,False,"GST doped with TiO2 at 2%. Ti (Titanium): Period 4, Z=22, M=47.87, Block d, Ox.states [4], Ionic radius: 67.0 pm, charge=3, coord=VI, EN: 1.54; O (Oxygen): Period 2, Z=8, M=16.00, Block p, Ox.states [-2], Ionic radius: 135.0 pm, charge=-2, coord=II, EN: 3.44 and Al2O3 at 3%. Al (Aluminum): Period 3, Z=13, M=26.98, Block p, Ox.states [3], Ionic radius: 39.0 pm, charge=3, coord=IV, EN: 1.61; O (Oxygen): Period 2, Z=8, M=16.00, Block p, Ox.states [-2], Ionic radius: 135.0 pm, charge=-2, coord=II, EN: 3.44 (resistance)"
GST,"TiO2,Al2O3","3%,2%",86.04530778659465,248.85433523618977,328.66545683636275,242.6201490497681,5.425975130518605,327.5075075075075,False,"GST doped with TiO2 at 3%. Ti (Titanium): Period 4, Z=22, M=47.87, Block d, Ox.states [4], Ionic radius: 67.0 pm, charge=3, coord=VI, EN: 1.54; O (Oxygen): Period 2, Z=8, M=16.00, Block p, Ox.states [-2], Ionic radius: 135.0 pm, charge=-2, coord=II, EN: 3.44 and Al2O3 at 2%. Al (Aluminum): Period 3, Z=13, M=26.98, Block p, Ox.states [3], Ionic radius: 39.0 pm, charge=3, coord=IV, EN: 1.61; O (Oxygen): Period 2, Z=8, M=16.00, Block p, Ox.states [-2], Ionic radius: 135.0 pm, charge=-2, coord=II, EN: 3.44 (resistance)"
GST,"TiO2,Al2O3","4%,1%",139.50024054209607,329.5015797545017,331.650956729445,192.15071618734893,7.28653048032195,330.4504504504505,False,"GST doped with TiO2 at 4%. Ti (Titanium): Period 4, Z=22, M=47.87, Block d, Ox.states [4], Ionic radius: 67.0 pm, charge=3, coord=VI, EN: 1.54; O (Oxygen): Period 2, Z=8, M=16.00, Block p, Ox.states [-2], Ionic radius: 135.0 pm, charge=-2, coord=II, EN: 3.44 and Al2O3 at 1%. Al (Aluminum): Period 3, Z=13, M=26.98, Block p, Ox.states [3], Ionic radius: 39.0 pm, charge=3, coord=IV, EN: 1.61; O (Oxygen): Period 2, Z=8, M=16.00, Block p, Ox.states [-2], Ionic radius: 135.0 pm, charge=-2, coord=II, EN: 3.44 (resistance)"
GST,"TiO2,In2Se3","1%,1%",126.01983232035204,335.6202965950222,335.85679205173767,209.83695973138563,7.581701077697858,343.4834834834835,False,"GST doped with TiO2 at 1%. Ti (Titanium): Period 4, Z=22, M=47.87, Block d, Ox.states [4], Ionic radius: 67.0 pm, charge=3, coord=VI, EN: 1.54; O (Oxygen): Period 2, Z=8, M=16.00, Block p, Ox.states [-2], Ionic radius: 135.0 pm, charge=-2, coord=II, EN: 3.44 and In2Se3 at 1%. In (Indium): Period 5, Z=49, M=114.82, Block p, Ox.states [3], Ionic radius: 80.0 pm, charge=3, coord=VI, EN: 1.78; Se (Selenium): Period 4, Z=34, M=78.97, Block p, Ox.states [-2,2,4,6], Ionic radius: 28.000000000000004 pm, charge=6, coord=IV, EN: 2.55 (resistance)"
GST,"TiO2,In2Se3","1%,4%",126.32615505981502,335.6214661663314,335.8570259659995,209.5308709061845,7.575416171349842,343.4834834834835,False,"GST doped with TiO2 at 1%. Ti (Titanium): Period 4, Z=22, M=47.87, Block d, Ox.states [4], Ionic radius: 67.0 pm, charge=3, coord=VI, EN: 1.54; O (Oxygen): Period 2, Z=8, M=16.00, Block p, Ox.states [-2], Ionic radius: 135.0 pm, charge=-2, coord=II, EN: 3.44 and In2Se3 at 4%. In (Indium): Period 5, Z=49, M=114.82, Block p, Ox.states [3], Ionic radius: 80.0 pm, charge=3, coord=VI, EN: 1.78; Se (Selenium): Period 4, Z=34, M=78.97, Block p, Ox.states [-2,2,4,6], Ionic radius: 28.000000000000004 pm, charge=6, coord=IV, EN: 2.55 (resistance)"
GST,"TiO2,In2Se3","2%,3%",89.25546510837003,268.8121344326941,335.8191648120442,246.5636997036742,7.483946040568089,343.4834834834835,False,"GST doped with TiO2 at 2%. Ti (Titanium): Period 4, Z=22, M=47.87, Block d, Ox.states [4], Ionic radius: 67.0 pm, charge=3, coord=VI, EN: 1.54; O (Oxygen): Period 2, Z=8, M=16.00, Block p, Ox.states [-2], Ionic radius: 135.0 pm, charge=-2, coord=II, EN: 3.44 and In2Se3 at 3%. In (Indium): Period 5, Z=49, M=114.82, Block p, Ox.states [3], Ionic radius: 80.0 pm, charge=3, coord=VI, EN: 1.78; Se (Selenium): Period 4, Z=34, M=78.97, Block p, Ox.states [-2,2,4,6], Ionic radius: 28.000000000000004 pm, charge=6, coord=IV, EN: 2.55 (resistance)"
GST,"TiO2,In2Se3","3%,2%",124.2574169499794,331.8467656655651,332.0750588388192,207.81764188883977,6.393985073083028,343.90390390390394,False,"GST doped with TiO2 at 3%. Ti (Titanium): Period 4, Z=22, M=47.87, Block d, Ox.states [4], Ionic radius: 67.0 pm, charge=3, coord=VI, EN: 1.54; O (Oxygen): Period 2, Z=8, M=16.00, Block p, Ox.states [-2], Ionic radius: 135.0 pm, charge=-2, coord=II, EN: 3.44 and In2Se3 at 2%. In (Indium): Period 5, Z=49, M=114.82, Block p, Ox.states [3], Ionic radius: 80.0 pm, charge=3, coord=VI, EN: 1.78; Se (Selenium): Period 4, Z=34, M=78.97, Block p, Ox.states [-2,2,4,6], Ionic radius: 28.000000000000004 pm, charge=6, coord=IV, EN: 2.55 (resistance)"
GST,"TiO2,In2Se3","4%,1%",203.04750183458273,335.65924688991817,335.8645821107168,132.81708027613408,7.699020407266293,343.4834834834835,False,"GST doped with TiO2 at 4%. Ti (Titanium): Period 4, Z=22, M=47.87, Block d, Ox.states [4], Ionic radius: 67.0 pm, charge=3, coord=VI, EN: 1.54; O (Oxygen): Period 2, Z=8, M=16.00, Block p, Ox.states [-2], Ionic radius: 135.0 pm, charge=-2, coord=II, EN: 3.44 and In2Se3 at 1%. In (Indium): Period 5, Z=49, M=114.82, Block p, Ox.states [3], Ionic radius: 80.0 pm, charge=3, coord=VI, EN: 1.78; Se (Selenium): Period 4, Z=34, M=78.97, Block p, Ox.states [-2,2,4,6], Ionic radius: 28.000000000000004 pm, charge=6, coord=IV, EN: 2.55 (resistance)"
GST,"ZnO,SiO2","1%,1%",123.28268964451229,155.66064852263904,155.9129104853091,32.630220840796824,7.732677754888982,155.97597597597598,False,"GST doped with ZnO at 1%. Zn (Zinc): Period 4, Z=30, M=65.38, Block d, Ox.states [2], Ionic radius: 60.0 pm, charge=2, coord=IV, EN: 1.65; O (Oxygen): Period 2, Z=8, M=16.00, Block p, Ox.states [-2], Ionic radius: 135.0 pm, charge=-2, coord=II, EN: 3.44 and SiO2 at 1%. Si (Silicon): Period 3, Z=14, M=28.09, Block p, Ox.states [-4,4], Ionic radius: 26.0 pm, charge=4, coord=IV, EN: 1.9; O (Oxygen): Period 2, Z=8, M=16.00, Block p, Ox.states [-2], Ionic radius: 135.0 pm, charge=-2, coord=II, EN: 3.44 (resistance)"
GST,"ZnO,SiO2","1%,4%",120.22546034721796,159.90027302134868,160.12419874841433,39.89873840119637,7.071498707622165,163.96396396396398,False,"GST doped with ZnO at 1%. Zn (Zinc): Period 4, Z=30, M=65.38, Block d, Ox.states [2], Ionic radius: 60.0 pm, charge=2, coord=IV, EN: 1.65; O (Oxygen): Period 2, Z=8, M=16.00, Block p, Ox.states [-2], Ionic radius: 135.0 pm, charge=-2, coord=II, EN: 3.44 and SiO2 at 4%. Si (Silicon): Period 3, Z=14, M=28.09, Block p, Ox.states [-4,4], Ionic radius: 26.0 pm, charge=4, coord=IV, EN: 1.9; O (Oxygen): Period 2, Z=8, M=16.00, Block p, Ox.states [-2], Ionic radius: 135.0 pm, charge=-2, coord=II, EN: 3.44 (resistance)"
GST,"ZnO,SiO2","2%,3%",133.8578987558549,159.89957969487526,160.12406008311964,26.26616132726474,7.1955368646778535,164.3843843843844,True,"GST doped with ZnO at 2%. Zn (Zinc): Period 4, Z=30, M=65.38, Block d, Ox.states [2], Ionic radius: 60.0 pm, charge=2, coord=IV, EN: 1.65; O (Oxygen): Period 2, Z=8, M=16.00, Block p, Ox.states [-2], Ionic radius: 135.0 pm, charge=-2, coord=II, EN: 3.44 and SiO2 at 3%. Si (Silicon): Period 3, Z=14, M=28.09, Block p, Ox.states [-4,4], Ionic radius: 26.0 pm, charge=4, coord=IV, EN: 1.9; O (Oxygen): Period 2, Z=8, M=16.00, Block p, Ox.states [-2], Ionic radius: 135.0 pm, charge=-2, coord=II, EN: 3.44 (resistance)"
GST,"ZnO,SiO2","3%,2%",145.83682369046895,181.36701288913267,181.57069987512426,35.733876184655315,11.983608630541989,181.2012012012012,False,"GST doped with ZnO at 3%. Zn (Zinc): Period 4, Z=30, M=65.38, Block d, Ox.states [2], Ionic radius: 60.0 pm, charge=2, coord=IV, EN: 1.65; O (Oxygen): Period 2, Z=8, M=16.00, Block p, Ox.states [-2], Ionic radius: 135.0 pm, charge=-2, coord=II, EN: 3.44 and SiO2 at 2%. Si (Silicon): Period 3, Z=14, M=28.09, Block p, Ox.states [-4,4], Ionic radius: 26.0 pm, charge=4, coord=IV, EN: 1.9; O (Oxygen): Period 2, Z=8, M=16.00, Block p, Ox.states [-2], Ionic radius: 135.0 pm, charge=-2, coord=II, EN: 3.44 (resistance)"
GST,"ZnO,SiO2","4%,1%",146.58732034345292,247.37880152518395,247.57786240713932,100.9905420636864,5.6580927346092835,245.52552552552552,False,"GST doped with ZnO at 4%. Zn (Zinc): Period 4, Z=30, M=65.38, Block d, Ox.states [2], Ionic radius: 60.0 pm, charge=2, coord=IV, EN: 1.65; O (Oxygen): Period 2, Z=8, M=16.00, Block p, Ox.states [-2], Ionic radius: 135.0 pm, charge=-2, coord=II, EN: 3.44 and SiO2 at 1%. Si (Silicon): Period 3, Z=14, M=28.09, Block p, Ox.states [-4,4], Ionic radius: 26.0 pm, charge=4, coord=IV, EN: 1.9; O (Oxygen): Period 2, Z=8, M=16.00, Block p, Ox.states [-2], Ionic radius: 135.0 pm, charge=-2, coord=II, EN: 3.44 (resistance)"
GST,"ZnO,Al2O3","1%,1%",60.851810830258316,153.42181355921062,157.46843042205805,96.61661959179973,8.066951438449722,164.8048048048048,False,"GST doped with ZnO at 1%. Zn (Zinc): Period 4, Z=30, M=65.38, Block d, Ox.states [2], Ionic radius: 60.0 pm, charge=2, coord=IV, EN: 1.65; O (Oxygen): Period 2, Z=8, M=16.00, Block p, Ox.states [-2], Ionic radius: 135.0 pm, charge=-2, coord=II, EN: 3.44 and Al2O3 at 1%. Al (Aluminum): Period 3, Z=13, M=26.98, Block p, Ox.states [3], Ionic radius: 39.0 pm, charge=3, coord=IV, EN: 1.61; O (Oxygen): Period 2, Z=8, M=16.00, Block p, Ox.states [-2], Ionic radius: 135.0 pm, charge=-2, coord=II, EN: 3.44 (resistance)"
GST,"ZnO,Al2O3","1%,4%",61.118932687897804,156.47714932234686,165.96754421276924,104.84861152487144,5.83529171637927,170.6906906906907,False,"GST doped with ZnO at 1%. Zn (Zinc): Period 4, Z=30, M=65.38, Block d, Ox.states [2], Ionic radius: 60.0 pm, charge=2, coord=IV, EN: 1.65; O (Oxygen): Period 2, Z=8, M=16.00, Block p, Ox.states [-2], Ionic radius: 135.0 pm, charge=-2, coord=II, EN: 3.44 and Al2O3 at 4%. Al (Aluminum): Period 3, Z=13, M=26.98, Block p, Ox.states [3], Ionic radius: 39.0 pm, charge=3, coord=IV, EN: 1.61; O (Oxygen): Period 2, Z=8, M=16.00, Block p, Ox.states [-2], Ionic radius: 135.0 pm, charge=-2, coord=II, EN: 3.44 (resistance)"
GST,"ZnO,Al2O3","2%,3%",62.085884467681836,155.89891266280316,165.9428504398817,103.85696597219987,6.51332315793039,168.5885885885886,False,"GST doped with ZnO at 2%. Zn (Zinc): Period 4, Z=30, M=65.38, Block d, Ox.states [2], Ionic radius: 60.0 pm, charge=2, coord=IV, EN: 1.65; O (Oxygen): Period 2, Z=8, M=16.00, Block p, Ox.states [-2], Ionic radius: 135.0 pm, charge=-2, coord=II, EN: 3.44 and Al2O3 at 3%. Al (Aluminum): Period 3, Z=13, M=26.98, Block p, Ox.states [3], Ionic radius: 39.0 pm, charge=3, coord=IV, EN: 1.61; O (Oxygen): Period 2, Z=8, M=16.00, Block p, Ox.states [-2], Ionic radius: 135.0 pm, charge=-2, coord=II, EN: 3.44 (resistance)"
GST,"ZnO,Al2O3","3%,2%",71.02663062998589,187.336888168091,190.78195504392963,119.75532441394374,6.775668991088338,192.97297297297297,False,"GST doped with ZnO at 3%. Zn (Zinc): Period 4, Z=30, M=65.38, Block d, Ox.states [2], Ionic radius: 60.0 pm, charge=2, coord=IV, EN: 1.65; O (Oxygen): Period 2, Z=8, M=16.00, Block p, Ox.states [-2], Ionic radius: 135.0 pm, charge=-2, coord=II, EN: 3.44 and Al2O3 at 2%. Al (Aluminum): Period 3, Z=13, M=26.98, Block p, Ox.states [3], Ionic radius: 39.0 pm, charge=3, coord=IV, EN: 1.61; O (Oxygen): Period 2, Z=8, M=16.00, Block p, Ox.states [-2], Ionic radius: 135.0 pm, charge=-2, coord=II, EN: 3.44 (resistance)"
GST,"ZnO,Al2O3","4%,1%",61.77694292361883,220.28717559788984,323.18752075505273,261.4105778314339,5.842360954367461,322.8828828828829,False,"GST doped with ZnO at 4%. Zn (Zinc): Period 4, Z=30, M=65.38, Block d, Ox.states [2], Ionic radius: 60.0 pm, charge=2, coord=IV, EN: 1.65; O (Oxygen): Period 2, Z=8, M=16.00, Block p, Ox.states [-2], Ionic radius: 135.0 pm, charge=-2, coord=II, EN: 3.44 and Al2O3 at 1%. Al (Aluminum): Period 3, Z=13, M=26.98, Block p, Ox.states [3], Ionic radius: 39.0 pm, charge=3, coord=IV, EN: 1.61; O (Oxygen): Period 2, Z=8, M=16.00, Block p, Ox.states [-2], Ionic radius: 135.0 pm, charge=-2, coord=II, EN: 3.44 (resistance)"
GST,"ZnO,In2Se3","1%,1%",65.32924278606396,151.44401019980316,151.70621945737858,86.37697667131462,6.711910977498012,151.77177177177177,False,"GST doped with ZnO at 1%. Zn (Zinc): Period 4, Z=30, M=65.38, Block d, Ox.states [2], Ionic radius: 60.0 pm, charge=2, coord=IV, EN: 1.65; O (Oxygen): Period 2, Z=8, M=16.00, Block p, Ox.states [-2], Ionic radius: 135.0 pm, charge=-2, coord=II, EN: 3.44 and In2Se3 at 1%. In (Indium): Period 5, Z=49, M=114.82, Block p, Ox.states [3], Ionic radius: 80.0 pm, charge=3, coord=VI, EN: 1.78; Se (Selenium): Period 4, Z=34, M=78.97, Block p, Ox.states [-2,2,4,6], Ionic radius: 28.000000000000004 pm, charge=6, coord=IV, EN: 2.55 (resistance)"
GST,"ZnO,In2Se3","1%,4%",65.79011020474901,151.4556588533238,151.70854918808269,85.91843898333367,6.976352271903114,151.77177177177177,False,"GST doped with ZnO at 1%. Zn (Zinc): Period 4, Z=30, M=65.38, Block d, Ox.states [2], Ionic radius: 60.0 pm, charge=2, coord=IV, EN: 1.65; O (Oxygen): Period 2, Z=8, M=16.00, Block p, Ox.states [-2], Ionic radius: 135.0 pm, charge=-2, coord=II, EN: 3.44 and In2Se3 at 4%. In (Indium): Period 5, Z=49, M=114.82, Block p, Ox.states [3], Ionic radius: 80.0 pm, charge=3, coord=VI, EN: 1.78; Se (Selenium): Period 4, Z=34, M=78.97, Block p, Ox.states [-2,2,4,6], Ionic radius: 28.000000000000004 pm, charge=6, coord=IV, EN: 2.55 (resistance)"
GST,"ZnO,In2Se3","2%,3%",115.18961705779915,151.91707359316717,152.13716847238766,36.9475514145885,6.53136377341052,152.1921921921922,False,"GST doped with ZnO at 2%. Zn (Zinc): Period 4, Z=30, M=65.38, Block d, Ox.states [2], Ionic radius: 60.0 pm, charge=2, coord=IV, EN: 1.65; O (Oxygen): Period 2, Z=8, M=16.00, Block p, Ox.states [-2], Ionic radius: 135.0 pm, charge=-2, coord=II, EN: 3.44 and In2Se3 at 3%. In (Indium): Period 5, Z=49, M=114.82, Block p, Ox.states [3], Ionic radius: 80.0 pm, charge=3, coord=VI, EN: 1.78; Se (Selenium): Period 4, Z=34, M=78.97, Block p, Ox.states [-2,2,4,6], Ionic radius: 28.000000000000004 pm, charge=6, coord=IV, EN: 2.55 (resistance)"
GST,"ZnO,In2Se3","3%,2%",95.12095592628394,177.07125760900732,177.34818545573594,82.227229529452,6.018795373290047,178.25825825825825,False,"GST doped with ZnO at 3%. Zn (Zinc): Period 4, Z=30, M=65.38, Block d, Ox.states [2], Ionic radius: 60.0 pm, charge=2, coord=IV, EN: 1.65; O (Oxygen): Period 2, Z=8, M=16.00, Block p, Ox.states [-2], Ionic radius: 135.0 pm, charge=-2, coord=II, EN: 3.44 and In2Se3 at 2%. In (Indium): Period 5, Z=49, M=114.82, Block p, Ox.states [3], Ionic radius: 80.0 pm, charge=3, coord=VI, EN: 1.78; Se (Selenium): Period 4, Z=34, M=78.97, Block p, Ox.states [-2,2,4,6], Ionic radius: 28.000000000000004 pm, charge=6, coord=IV, EN: 2.55 (resistance)"
GST,"ZnO,In2Se3","4%,1%",64.94303999540784,167.24154733963607,175.6565953425244,110.71355534711657,7.18031912024559,175.73573573573574,False,"GST doped with ZnO at 4%. Zn (Zinc): Period 4, Z=30, M=65.38, Block d, Ox.states [2], Ionic radius: 60.0 pm, charge=2, coord=IV, EN: 1.65; O (Oxygen): Period 2, Z=8, M=16.00, Block p, Ox.states [-2], Ionic radius: 135.0 pm, charge=-2, coord=II, EN: 3.44 and In2Se3 at 1%. In (Indium): Period 5, Z=49, M=114.82, Block p, Ox.states [3], Ionic radius: 80.0 pm, charge=3, coord=VI, EN: 1.78; Se (Selenium): Period 4, Z=34, M=78.97, Block p, Ox.states [-2,2,4,6], Ionic radius: 28.000000000000004 pm, charge=6, coord=IV, EN: 2.55 (resistance)"
GST,"SiO2,Al2O3","1%,1%",108.83654665026273,151.40696553244484,151.69881052390696,42.862263873644224,6.670848172749102,152.61261261261262,False,"GST doped with SiO2 at 1%. Si (Silicon): Period 3, Z=14, M=28.09, Block p, Ox.states [-4,4], Ionic radius: 26.0 pm, charge=4, coord=IV, EN: 1.9; O (Oxygen): Period 2, Z=8, M=16.00, Block p, Ox.states [-2], Ionic radius: 135.0 pm, charge=-2, coord=II, EN: 3.44 and Al2O3 at 1%. Al (Aluminum): Period 3, Z=13, M=26.98, Block p, Ox.states [3], Ionic radius: 39.0 pm, charge=3, coord=IV, EN: 1.61; O (Oxygen): Period 2, Z=8, M=16.00, Block p, Ox.states [-2], Ionic radius: 135.0 pm, charge=-2, coord=II, EN: 3.44 (resistance)"
GST,"SiO2,Al2O3","1%,4%",109.58959542342032,151.6012826860301,153.37576601597206,43.78617059255174,11.297242042676583,153.03303303303304,False,"GST doped with SiO2 at 1%. Si (Silicon): Period 3, Z=14, M=28.09, Block p, Ox.states [-4,4], Ionic radius: 26.0 pm, charge=4, coord=IV, EN: 1.9; O (Oxygen): Period 2, Z=8, M=16.00, Block p, Ox.states [-2], Ionic radius: 135.0 pm, charge=-2, coord=II, EN: 3.44 and Al2O3 at 4%. Al (Aluminum): Period 3, Z=13, M=26.98, Block p, Ox.states [3], Ionic radius: 39.0 pm, charge=3, coord=IV, EN: 1.61; O (Oxygen): Period 2, Z=8, M=16.00, Block p, Ox.states [-2], Ionic radius: 135.0 pm, charge=-2, coord=II, EN: 3.44 (resistance)"
GST,"SiO2,Al2O3","2%,3%",111.04321589266588,153.3288038644368,154.2094039495658,43.16618805689991,11.988763214532884,154.2942942942943,False,"GST doped with SiO2 at 2%. Si (Silicon): Period 3, Z=14, M=28.09, Block p, Ox.states [-4,4], Ionic radius: 26.0 pm, charge=4, coord=IV, EN: 1.9; O (Oxygen): Period 2, Z=8, M=16.00, Block p, Ox.states [-2], Ionic radius: 135.0 pm, charge=-2, coord=II, EN: 3.44 and Al2O3 at 3%. Al (Aluminum): Period 3, Z=13, M=26.98, Block p, Ox.states [3], Ionic radius: 39.0 pm, charge=3, coord=IV, EN: 1.61; O (Oxygen): Period 2, Z=8, M=16.00, Block p, Ox.states [-2], Ionic radius: 135.0 pm, charge=-2, coord=II, EN: 3.44 (resistance)"
GST,"SiO2,Al2O3","3%,2%",142.56448768797466,180.48090613631754,180.72080585188863,38.156318163913966,14.009457498915204,180.7807807807808,False,"GST doped with SiO2 at 3%. Si (Silicon): Period 3, Z=14, M=28.09, Block p, Ox.states [-4,4], Ionic radius: 26.0 pm, charge=4, coord=IV, EN: 1.9; O (Oxygen): Period 2, Z=8, M=16.00, Block p, Ox.states [-2], Ionic radius: 135.0 pm, charge=-2, coord=II, EN: 3.44 and Al2O3 at 2%. Al (Aluminum): Period 3, Z=13, M=26.98, Block p, Ox.states [3], Ionic radius: 39.0 pm, charge=3, coord=IV, EN: 1.61; O (Oxygen): Period 2, Z=8, M=16.00, Block p, Ox.states [-2], Ionic radius: 135.0 pm, charge=-2, coord=II, EN: 3.44 (resistance)"
GST,"SiO2,Al2O3","4%,1%",109.92850074696489,172.26654447418207,329.46856736123107,219.54006661426618,9.134659262304174,329.1891891891892,False,"GST doped with SiO2 at 4%. Si (Silicon): Period 3, Z=14, M=28.09, Block p, Ox.states [-4,4], Ionic radius: 26.0 pm, charge=4, coord=IV, EN: 1.9; O (Oxygen): Period 2, Z=8, M=16.00, Block p, Ox.states [-2], Ionic radius: 135.0 pm, charge=-2, coord=II, EN: 3.44 and Al2O3 at 1%. Al (Aluminum): Period 3, Z=13, M=26.98, Block p, Ox.states [3], Ionic radius: 39.0 pm, charge=3, coord=IV, EN: 1.61; O (Oxygen): Period 2, Z=8, M=16.00, Block p, Ox.states [-2], Ionic radius: 135.0 pm, charge=-2, coord=II, EN: 3.44 (resistance)"
GST,"SiO2,In2Se3","1%,1%",108.91498375594966,151.46569778210528,151.71055697383895,42.795573217889284,6.204698837761839,151.77177177177177,False,"GST doped with SiO2 at 1%. Si (Silicon): Period 3, Z=14, M=28.09, Block p, Ox.states [-4,4], Ionic radius: 26.0 pm, charge=4, coord=IV, EN: 1.9; O (Oxygen): Period 2, Z=8, M=16.00, Block p, Ox.states [-2], Ionic radius: 135.0 pm, charge=-2, coord=II, EN: 3.44 and In2Se3 at 1%. In (Indium): Period 5, Z=49, M=114.82, Block p, Ox.states [3], Ionic radius: 80.0 pm, charge=3, coord=VI, EN: 1.78; Se (Selenium): Period 4, Z=34, M=78.97, Block p, Ox.states [-2,2,4,6], Ionic radius: 28.000000000000004 pm, charge=6, coord=IV, EN: 2.55 (resistance)"
GST,"SiO2,In2Se3","1%,4%",105.40131866051131,151.64533055084087,152.5232779108632,47.12195925035188,6.10341009729833,152.61261261261262,False,"GST doped with SiO2 at 1%. Si (Silicon): Period 3, Z=14, M=28.09, Block p, Ox.states [-4,4], Ionic radius: 26.0 pm, charge=4, coord=IV, EN: 1.9; O (Oxygen): Period 2, Z=8, M=16.00, Block p, Ox.states [-2], Ionic radius: 135.0 pm, charge=-2, coord=II, EN: 3.44 and In2Se3 at 4%. In (Indium): Period 5, Z=49, M=114.82, Block p, Ox.states [3], Ionic radius: 80.0 pm, charge=3, coord=VI, EN: 1.78; Se (Selenium): Period 4, Z=34, M=78.97, Block p, Ox.states [-2,2,4,6], Ionic radius: 28.000000000000004 pm, charge=6, coord=IV, EN: 2.55 (resistance)"
GST,"SiO2,In2Se3","2%,3%",108.2045056815992,153.4578199515519,153.79066308941015,45.586157407810944,7.080174505371378,153.45345345345345,False,"GST doped with SiO2 at 2%. Si (Silicon): Period 3, Z=14, M=28.09, Block p, Ox.states [-4,4], Ionic radius: 26.0 pm, charge=4, coord=IV, EN: 1.9; O (Oxygen): Period 2, Z=8, M=16.00, Block p, Ox.states [-2], Ionic radius: 135.0 pm, charge=-2, coord=II, EN: 3.44 and In2Se3 at 3%. In (Indium): Period 5, Z=49, M=114.82, Block p, Ox.states [3], Ionic radius: 80.0 pm, charge=3, coord=VI, EN: 1.78; Se (Selenium): Period 4, Z=34, M=78.97, Block p, Ox.states [-2,2,4,6], Ionic radius: 28.000000000000004 pm, charge=6, coord=IV, EN: 2.55 (resistance)"
GST,"SiO2,In2Se3","3%,2%",147.38213229582286,178.84456305893355,179.0481918910664,31.666059595243553,6.372169194819229,178.6786786786787,False,"GST doped with SiO2 at 3%. Si (Silicon): Period 3, Z=14, M=28.09, Block p, Ox.states [-4,4], Ionic radius: 26.0 pm, charge=4, coord=IV, EN: 1.9; O (Oxygen): Period 2, Z=8, M=16.00, Block p, Ox.states [-2], Ionic radius: 135.0 pm, charge=-2, coord=II, EN: 3.44 and In2Se3 at 2%. In (Indium): Period 5, Z=49, M=114.82, Block p, Ox.states [3], Ionic radius: 80.0 pm, charge=3, coord=VI, EN: 1.78; Se (Selenium): Period 4, Z=34, M=78.97, Block p, Ox.states [-2,2,4,6], Ionic radius: 28.000000000000004 pm, charge=6, coord=IV, EN: 2.55 (resistance)"
GST,"SiO2,In2Se3","4%,1%",146.4158836267171,182.18357211867115,182.40668439370467,35.990800766987576,7.202235282381113,182.04204204204206,False,"GST doped with SiO2 at 4%. Si (Silicon): Period 3, Z=14, M=28.09, Block p, Ox.states [-4,4], Ionic radius: 26.0 pm, charge=4, coord=IV, EN: 1.9; O (Oxygen): Period 2, Z=8, M=16.00, Block p, Ox.states [-2], Ionic radius: 135.0 pm, charge=-2, coord=II, EN: 3.44 and In2Se3 at 1%. In (Indium): Period 5, Z=49, M=114.82, Block p, Ox.states [3], Ionic radius: 80.0 pm, charge=3, coord=VI, EN: 1.78; Se (Selenium): Period 4, Z=34, M=78.97, Block p, Ox.states [-2,2,4,6], Ionic radius: 28.000000000000004 pm, charge=6, coord=IV, EN: 2.55 (resistance)"
GST,"Al2O3,In2Se3","1%,1%",149.3897537584297,151.5359197824275,151.72460137390328,2.334847615473592,6.651636061181133,151.77177177177177,False,"GST doped with Al2O3 at 1%. Al (Aluminum): Period 3, Z=13, M=26.98, Block p, Ox.states [3], Ionic radius: 39.0 pm, charge=3, coord=IV, EN: 1.61; O (Oxygen): Period 2, Z=8, M=16.00, Block p, Ox.states [-2], Ionic radius: 135.0 pm, charge=-2, coord=II, EN: 3.44 and In2Se3 at 1%. In (Indium): Period 5, Z=49, M=114.82, Block p, Ox.states [3], Ionic radius: 80.0 pm, charge=3, coord=VI, EN: 1.78; Se (Selenium): Period 4, Z=34, M=78.97, Block p, Ox.states [-2,2,4,6], Ionic radius: 28.000000000000004 pm, charge=6, coord=IV, EN: 2.55 (resistance)"
GST,"Al2O3,In2Se3","1%,4%",149.36042685808684,151.53671956402582,151.72476133022295,2.3643344721361075,6.048510537628356,151.77177177177177,False,"GST doped with Al2O3 at 1%. Al (Aluminum): Period 3, Z=13, M=26.98, Block p, Ox.states [3], Ionic radius: 39.0 pm, charge=3, coord=IV, EN: 1.61; O (Oxygen): Period 2, Z=8, M=16.00, Block p, Ox.states [-2], Ionic radius: 135.0 pm, charge=-2, coord=II, EN: 3.44 and In2Se3 at 4%. In (Indium): Period 5, Z=49, M=114.82, Block p, Ox.states [3], Ionic radius: 80.0 pm, charge=3, coord=VI, EN: 1.78; Se (Selenium): Period 4, Z=34, M=78.97, Block p, Ox.states [-2,2,4,6], Ionic radius: 28.000000000000004 pm, charge=6, coord=IV, EN: 2.55 (resistance)"
GST,"Al2O3,In2Se3","2%,3%",149.41404993235915,152.33441507943613,152.55697310597776,3.1429231736186125,12.018206333805638,152.61261261261262,False,"GST doped with Al2O3 at 2%. Al (Aluminum): Period 3, Z=13, M=26.98, Block p, Ox.states [3], Ionic radius: 39.0 pm, charge=3, coord=IV, EN: 1.61; O (Oxygen): Period 2, Z=8, M=16.00, Block p, Ox.states [-2], Ionic radius: 135.0 pm, charge=-2, coord=II, EN: 3.44 and In2Se3 at 3%. In (Indium): Period 5, Z=49, M=114.82, Block p, Ox.states [3], Ionic radius: 80.0 pm, charge=3, coord=VI, EN: 1.78; Se (Selenium): Period 4, Z=34, M=78.97, Block p, Ox.states [-2,2,4,6], Ionic radius: 28.000000000000004 pm, charge=6, coord=IV, EN: 2.55 (resistance)"
GST,"Al2O3,In2Se3","3%,2%",131.66312767195873,176.7413302971925,176.9458636570365,45.28273598507778,14.735664875558323,176.996996996997,False,"GST doped with Al2O3 at 3%. Al (Aluminum): Period 3, Z=13, M=26.98, Block p, Ox.states [3], Ionic radius: 39.0 pm, charge=3, coord=IV, EN: 1.61; O (Oxygen): Period 2, Z=8, M=16.00, Block p, Ox.states [-2], Ionic radius: 135.0 pm, charge=-2, coord=II, EN: 3.44 and In2Se3 at 2%. In (Indium): Period 5, Z=49, M=114.82, Block p, Ox.states [3], Ionic radius: 80.0 pm, charge=3, coord=VI, EN: 1.78; Se (Selenium): Period 4, Z=34, M=78.97, Block p, Ox.states [-2,2,4,6], Ionic radius: 28.000000000000004 pm, charge=6, coord=IV, EN: 2.55 (resistance)"
GST,"Al2O3,In2Se3","4%,1%",149.31346383154155,154.45642689350748,154.6630571504737,5.349593318932136,13.504817179669226,154.2942942942943,True,"GST doped with Al2O3 at 4%. Al (Aluminum): Period 3, Z=13, M=26.98, Block p, Ox.states [3], Ionic radius: 39.0 pm, charge=3, coord=IV, EN: 1.61; O (Oxygen): Period 2, Z=8, M=16.00, Block p, Ox.states [-2], Ionic radius: 135.0 pm, charge=-2, coord=II, EN: 3.44 and In2Se3 at 1%. In (Indium): Period 5, Z=49, M=114.82, Block p, Ox.states [3], Ionic radius: 80.0 pm, charge=3, coord=VI, EN: 1.78; Se (Selenium): Period 4, Z=34, M=78.97, Block p, Ox.states [-2,2,4,6], Ionic radius: 28.000000000000004 pm, charge=6, coord=IV, EN: 2.55 (resistance)"
